Date,Close,Return,RVOL,TrendDiff,PricePosition,Breakout,Breakdown,Label
2021-01-04,6835.0,0.0,1.0,0.0,0.8518518518518519,0,0,Akumulasi
2021-01-05,7090.0,0.03730797366495975,1.3724209258483453,0.0,1.0,1,0,Distribusi
2021-01-06,6945.0,-0.020451339915373734,1.1102541424162393,0.0,0.6081081081081081,0,0,Distribusi
2021-01-07,6965.0,0.0028797696184306165,0.9093877785087684,0.0,0.6621621621621622,0,0,Distribusi
2021-01-08,7050.0,0.012203876525484603,0.9646516591028889,0.0,0.8918918918918919,0,0,Distribusi
2021-01-11,7345.0,0.04184397163120557,1.8177397775246686,0.005777883021548706,0.9765625,1,0,Distribusi
2021-01-12,7160.0,-0.025187202178352575,1.0206075006372626,0.005284470540595318,0.6666666666666666,0,0,Distribusi
2021-01-13,7120.0,-0.005586592178770999,0.8395184209732983,0.009095735268094143,0.6060606060606061,0,0,Distribusi
2021-01-14,7020.0,-0.014044943820224698,0.9814305100017031,0.01134896899102789,0.45454545454545453,0,0,Distribusi
2021-01-15,6955.0,-0.0092592592592593,0.9885536873211513,0.010144002269986522,0.3560606060606061,0,0,Distribusi
2021-01-18,7120.0,0.02372393961179009,0.9542752707272915,0.002834868887313962,0.6060606060606061,0,0,Distribusi
2021-01-19,7095.0,-0.0035112359550562022,0.8281339009353085,0.0005194805194805624,0.5681818181818182,0,0,Distribusi
2021-01-20,7095.0,0.0,1.1849337952434593,-0.0005882673348220986,0.5681818181818182,0,0,Distribusi
2021-01-21,7075.0,-0.0028188865398167673,0.7483622394087727,0.0008293719024982668,0.5378787878787878,0,0,Distribusi
2021-01-22,7080.0,0.0007067137809186885,0.9160602085933698,0.004200094384143507,0.5454545454545454,0,0,Distribusi
2021-01-25,7035.0,-0.006355932203389814,0.8779003526571756,0.0020445191839624727,0.4772727272727273,0,0,Distribusi
2021-01-26,6820.0,-0.03056147832267231,1.118850133736795,-0.003739409874379154,0.15151515151515152,0,0,Distribusi
2021-01-27,6790.0,-0.004398826979472137,1.1037063545960994,-0.010387456060665917,0.1259259259259259,0,0,Distribusi
2021-01-28,6900.0,0.016200294550809957,1.168279242712701,-0.014382561144612178,0.28888888888888886,0,0,Distribusi
2021-01-29,6760.0,-0.020289855072463725,1.4475265164070268,-0.021639157249295927,0.08148148148148149,0,0,Distribusi
2021-02-01,6820.0,0.008875739644970349,1.1911274800897906,-0.02766685681688534,0.28662420382165604,0,0,Distribusi
2021-02-02,6800.0,-0.0029325513196480912,0.9220713092857697,-0.026223651304037157,0.2611464968152866,0,0,Distribusi
2021-02-03,6825.0,0.003676470588235281,0.7239579004672198,-0.024386755345777014,0.2929936305732484,0,0,Distribusi
2021-02-04,6855.0,0.00439560439560438,0.8664451777459292,-0.024906956770684226,0.33121019108280253,0,0,Distribusi
2021-02-05,6915.0,0.00875273522975939,0.5593304986709641,-0.019522154959343768,0.40764331210191085,0,0,Distribusi
2021-02-08,6920.0,0.000723065798987621,0.5297542434704223,-0.013653348663409025,0.4140127388535032,0,0,Distribusi
2021-02-09,6980.0,0.00867052023121384,0.8880386688232906,-0.00719527989638797,0.5460992907801419,0,0,Distribusi
2021-02-10,6920.0,-0.008595988538681931,0.5385926872224543,-0.0030263726761781237,0.46099290780141844,0,0,Distribusi
2021-02-11,6880.0,-0.005780346820809301,0.4564252396013108,-0.001298326601269475,0.40425531914893614,0,0,Distribusi
2021-02-15,6800.0,-0.011627906976744207,1.041137730976769,-0.0035021843520958947,0.2907801418439716,0,0,Distribusi
2021-02-16,6940.0,0.020588235294117574,0.6003945329908029,-0.0016268392321318824,0.48936170212765956,0,0,Distribusi
2021-02-17,6900.0,-0.0057636887608069065,0.8434715970492581,-0.002534211860111505,0.4326241134751773,0,0,Distribusi
2021-02-18,6735.0,-0.023913043478260843,1.1774171737224148,-0.0052994555353902,0.19858156028368795,0,0,Distribusi
2021-02-19,6825.0,0.013363028953229383,0.9075949554523618,-0.005090909090909091,0.38016528925619836,0,0,Distribusi
2021-02-22,6790.0,-0.00512820512820511,0.8941814560470751,-0.0032796443407914874,0.32231404958677684,0,0,Distribusi
2021-02-23,6825.0,0.005154639175257714,0.766438252045373,-0.0051094890510948905,0.5,0,0,Distribusi
2021-02-24,6725.0,-0.0146520146520146,0.9607516077640558,-0.009532157335378547,0.2826086956521739,0,0,Distribusi
2021-02-25,6705.0,-0.0029739776951672736,1.0656067656712602,-0.009793889782195586,0.2391304347826087,0,0,Distribusi
2021-02-26,6710.0,0.0007457121551082135,2.2463890930167567,-0.011783649271755837,0.25,0,0,Distribusi
2021-03-01,7045.0,0.049925484351713845,2.5396372343964733,-0.0063908264251542925,0.9782608695652174,0,0,Distribusi
2021-03-02,7015.0,-0.004258339247693366,1.0264429105601507,-0.002260958354605791,0.7184466019417476,0,0,Distribusi
2021-03-03,7000.0,-0.002138275124732747,1.066072651204175,0.004296846551598572,0.6893203883495146,0,0,Distribusi
2021-03-04,6720.0,-0.040000000000000036,1.4748140725848664,0.0055027149156371856,0.14563106796116504,0,0,Akumulasi
2021-03-05,6800.0,0.011904761904761862,1.340478783076787,0.008530805687203791,0.30097087378640774,0,0,Akumulasi
2021-03-08,6720.0,-0.0117647058823529,1.0639492837924887,0.00047460844803037496,0.14563106796116504,0,0,Akumulasi
2021-03-09,6605.0,-0.017113095238095233,1.5078182581997808,-0.009221311475409836,0.008928571428571428,0,1,Akumulasi
2021-03-10,6705.0,0.01514004542013625,0.5673858061619822,-0.01587650790158765,0.1875,0,0,Akumulasi
2021-03-12,6765.0,0.008948545861297452,0.8247404377799649,-0.013435136920930915,0.29464285714285715,0,0,Akumulasi
2021-03-15,6665.0,-0.014781966001478186,0.6299247153511784,-0.015846170815103495,0.11607142857142858,0,0,Akumulasi
2021-03-16,6625.0,-0.006001500375093727,0.7819231216586091,-0.017375938742453245,0.044642857142857144,0,0,Akumulasi
2021-03-17,6610.0,-0.0022641509433962703,0.7794235115469443,-0.0148350431766182,0.017857142857142856,0,0,Akumulasi
2021-03-18,6705.0,0.01437216338880476,0.7623942448986476,-0.01341512990132673,0.1875,0,0,Akumulasi
2021-03-19,6760.0,0.00820283370618946,1.3440520307143544,-0.013745196571090747,0.2857142857142857,0,0,Akumulasi
2021-03-22,6620.0,-0.020710059171597628,0.7222629876519968,-0.013581023572512304,0.03571428571428571,0,0,Akumulasi
2021-03-23,6565.0,-0.0083081570996979,1.3249072979694607,-0.013714878790125288,0.01652892561983471,0,1,Akumulasi
2021-03-24,6440.0,-0.01904036557501909,1.5037218475554384,-0.01594736255157801,0.02702702702702703,0,1,Markdown
2021-03-25,6370.0,-0.010869565217391353,1.1509904578197752,-0.023332090942974282,0.04819277108433735,0,1,Markdown
2021-03-26,6415.0,0.007064364207221452,1.2653814529760707,-0.031525474376213954,0.13372093023255813,0,0,Markdown
2021-03-29,6360.0,-0.008573655494933718,1.0979840116528936,-0.03677627144034155,0.06976744186046512,0,0,Markdown
2021-03-30,6395.0,0.005503144654088077,0.8556950505059344,-0.03718199608610567,0.11046511627906977,0,0,Markdown
2021-03-31,6215.0,-0.02814698983580921,2.1432590724205802,-0.03816447069513857,0.07446808510638298,0,1,Markdown
2021-04-01,6225.0,0.0016090104585679832,1.0631115369557798,-0.036904444529077964,0.0935672514619883,0,0,Markdown
2021-04-05,6155.0,-0.011244979919678766,0.7100690005191505,-0.040697674418604654,0.012422360248447204,0,0,Markdown
2021-04-06,6165.0,0.0016246953696181787,0.7890302030413787,-0.0420109928123919,0.09770114942528736,0,0,Markdown
2021-04-07,6250.0,0.013787510137875048,1.0526169468031326,-0.043011997068240555,0.2125,0,0,Markdown
2021-04-08,6135.0,-0.018399999999999972,1.2136748698486457,-0.04200704634325758,0.06875,0,0,Markdown
2021-04-09,6200.0,0.010594947025264867,1.1112393737930837,-0.03902363184079602,0.15,0,0,Markdown
2021-04-12,6065.0,-0.021774193548387055,1.0313344979785286,-0.03657964670939503,0.006578947368421052,0,1,Markdown
2021-04-13,6000.0,-0.010717230008243983,1.0822975177649443,-0.03673148693773325,0.02531645569620253,0,1,Markdown
2021-04-14,6305.0,0.050833333333333286,1.1952164706235133,-0.03257059588043008,0.41139240506329117,0,0,Markdown
2021-04-15,6280.0,-0.003965107057890549,0.8933494569165387,-0.025468904244817375,0.379746835443038,0,0,Markdown
2021-04-16,6275.0,-0.0007961783439490722,0.687078231092102,-0.019770989341891518,0.37341772151898733,0,0,Markdown
2021-04-19,6270.0,-0.0007968127490040056,0.42249452537882765,-0.0094268326637763,0.3918918918918919,0,0,Markdown
2021-04-20,6235.0,-0.005582137161084577,0.6508708253536298,0.0011171401212894988,0.34459459459459457,0,0,Markdown
2021-04-21,6165.0,-0.01122694466720131,0.628877211855407,-0.0001601024655779699,0.32456140350877194,0,0,Markdown
2021-04-22,6215.0,0.008110300081102917,0.6110254451780089,-0.00044107622599141904,0.4392523364485981,0,0,Markdown
2021-04-23,6390.0,0.028157683024939706,1.0451063542863197,0.003087038447660666,0.7663551401869159,0,0,Markdown
2021-04-26,6285.0,-0.016431924882629123,1.060592575939748,0.004615322871934824,0.5700934579439252,0,0,Markdown
2021-04-27,6405.0,0.019093078758949833,1.2817236259879248,0.009708737864077669,0.8947368421052632,0,0,Distribusi
2021-04-28,6320.0,-0.013270882123341154,0.8451545460921847,0.01529444823571916,0.7472527472527473,0,0,Distribusi
2021-04-29,6410.0,0.014240506329114,0.6010863675854574,0.01995991983967936,0.8958333333333334,0,0,Distribusi
2021-04-30,6405.0,-0.0007800312012480326,0.7071135920606749,0.018970623549187545,0.8854166666666666,0,0,Distribusi
2021-05-03,6390.0,-0.0023419203747072626,0.45956260407701965,0.020413054767706627,0.82,0,0,Distribusi
2021-05-04,6400.0,0.0015649452269170805,0.5567471442598624,0.018341307814992026,0.84,0,0,Distribusi
2021-05-05,6425.0,0.00390625,0.5925952254149227,0.0202667728449134,0.89,0,0,Distribusi
2021-05-06,6425.0,0.0,0.4595609180005293,0.01839272236126008,0.89,0,0,Distribusi
2021-05-07,6400.0,-0.0038910505836575737,0.6143779837830565,0.016618411137111808,0.84,0,0,Distribusi
2021-05-10,6420.0,0.0031250000000000444,0.8806284473967856,0.014712861888941622,0.88,0,0,Distribusi
2021-05-11,6480.0,0.009345794392523255,0.9424505781810291,0.013396375098502758,1.0,0,0,Distribusi
2021-05-17,6500.0,0.0030864197530864335,1.7283171912711335,0.014201974900664858,1.0,1,0,Distribusi
2021-05-18,6390.0,-0.01692307692307693,1.0047291091177906,0.01222436224991156,0.6716417910447762,0,0,Distribusi
2021-05-19,6345.0,-0.007042253521126751,0.8953732325301355,0.009939108230210174,0.5373134328358209,0,0,Distribusi
2021-05-20,6380.0,0.005516154452324562,0.8849925296819954,0.007810966754327433,0.6417910447761194,0,0,Distribusi
2021-05-21,6360.0,-0.0031347962382445305,1.245136814482412,0.0030585836404987844,0.582089552238806,0,0,Distribusi
2021-05-24,6325.0,-0.005503144654088077,0.800935529491972,-0.0036813660217748885,0.453125,0,0,Distribusi
2021-05-25,6355.0,0.004743083003952542,1.1645330651104056,-0.005868085439323997,0.4727272727272727,0,0,Distribusi
2021-05-27,6270.0,-0.013375295043273061,5.569910742110859,-0.007283264155376302,0.041666666666666664,0,0,Akumulasi
2021-05-28,6340.0,0.011164274322169154,1.0608275792210424,-0.008963168812869389,0.3333333333333333,0,0,Akumulasi
2021-05-31,6375.0,0.005520504731861164,1.0712698822962254,-0.008260580198097327,0.4791666666666667,0,0,Akumulasi
2021-06-02,6465.0,0.014117647058823568,1.45520620020052,-0.005005474737994682,0.803921568627451,0,0,Distribusi
2021-06-03,6600.0,0.02088167053364276,1.321981779719101,0.0011714174150722373,1.0,1,0,Distribusi
2021-06-04,6580.0,-0.00303030303030305,0.6147312910584427,0.00947553129264964,0.8888888888888888,0,0,Distribusi
2021-06-07,6530.0,-0.0075987841945288626,0.6131349384817228,0.014295173918124099,0.75,0,0,Distribusi
2021-06-08,6430.0,-0.015313935681470103,0.6261340518286772,0.015771642197904903,0.4722222222222222,0,0,Distribusi
2021-06-09,6530.0,0.015552099533437058,0.7419604650732525,0.016964980544747082,0.75,0,0,Distribusi
2021-06-10,6620.0,0.013782542113323082,0.692440431338051,0.016045689420723416,1.0,0,0,Distribusi
2021-06-11,6470.0,-0.0226586102719033,0.680196992219097,0.012076262959655186,0.5833333333333334,0,0,Distribusi
2021-06-14,6410.0,-0.009273570324574987,0.5763750767011003,0.00842685720942876,0.4166666666666667,0,0,Distribusi
2021-06-15,6470.0,0.009360374414976613,0.8165829613095238,0.009747951376752495,0.5833333333333334,0,0,Distribusi
2021-06-16,6385.0,-0.013137557959814528,0.4732009531834487,0.006141646583223199,0.3472222222222222,0,0,Distribusi
2021-06-17,6330.0,-0.008613938919342257,0.6628717356241082,-0.0024111379015322393,0.19444444444444445,0,0,Distribusi
2021-06-18,6325.0,-0.0007898894154818592,1.1144850818435081,-0.00676779463243874,0.18055555555555555,0,0,Distribusi
2021-06-21,6250.0,-0.011857707509881465,0.5753766764496515,-0.010745989721227223,0.0975609756097561,0,1,Distribusi
2021-06-22,6340.0,0.014399999999999968,0.6306735734416521,-0.014641744548286604,0.3170731707317073,0,0,Distribusi
2021-06-23,6230.0,-0.017350157728706628,0.504176559360972,-0.018744398113869295,0.04878048780487805,0,0,Distribusi
2021-06-24,6210.0,-0.0032102728731941976,0.5466523521374195,-0.02137952559300874,0.023809523809523808,0,0,Distribusi
2021-06-25,6190.0,-0.0032206119162641045,0.8725591202960697,-0.024984384759525295,0.0,0,1,Distribusi
2021-06-28,6055.0,-0.021809369951534707,1.080596231631765,-0.028913494268163857,0.0,0,1,Distribusi
2021-06-29,6045.0,-0.0016515276630884035,0.7090844513455097,-0.03565684697760169,0.008620689655172414,0,1,Distribusi
2021-06-30,6025.0,-0.003308519437551727,0.9145787353320065,-0.038771895296201536,0.04032258064516129,0,1,Distribusi
2021-07-01,6025.0,0.0,0.8532168577563535,-0.04025306445235271,0.04032258064516129,0,0,Distribusi
2021-07-02,6100.0,0.012448132780082943,0.9849601477896949,-0.03945383821544812,0.16129032258064516,0,0,Distribusi
2021-07-05,6110.0,0.0016393442622950616,0.590242541147198,-0.03448825169255277,0.1774193548387097,0,0,Distribusi
2021-07-06,6055.0,-0.009001636661211121,0.5211642443882426,-0.03127621330137807,0.08870967741935484,0,0,Distribusi
2021-07-07,6065.0,0.0016515276630884035,0.5588377054919798,-0.026381204394194533,0.10483870967741936,0,0,Distribusi
2021-07-08,6015.0,-0.008244023083264662,0.7580081711412152,-0.02195721364973208,0.058333333333333334,0,0,Distribusi
2021-07-09,6020.0,0.0008312551953448821,0.6696108213517149,-0.020985807286401682,0.07407407407407407,0,0,Distribusi
2021-07-12,6170.0,0.024916943521594792,1.0813461781927196,-0.017137300976380505,0.3877551020408163,0,0,Distribusi
2021-07-13,6045.0,-0.02025931928687197,1.10047842897741,-0.01406618424262135,0.14285714285714285,0,0,Distribusi
2021-07-14,5990.0,-0.009098428453267138,0.9814508583827677,-0.01333659610913985,0.024390243902439025,0,0,Distribusi
2021-07-15,6115.0,0.02086811352253748,0.8356142686631626,-0.008334695211635889,0.32926829268292684,0,0,Distribusi
2021-07-16,6110.0,-0.0008176614881438837,0.8570594442867168,-0.003642614496787132,0.3170731707317073,0,0,Distribusi
2021-07-19,6005.0,-0.017184942716857665,0.8517769153976136,-0.007053805774278215,0.06097560975609756,0,0,Distribusi
2021-07-21,6010.0,0.0008326394671107629,1.0042307323685256,-0.005510321572497738,0.08333333333333333,0,0,Distribusi
2021-07-22,6155.0,0.024126455906821942,1.1014081036619392,0.0005349133851787845,0.5303030303030303,0,0,Distribusi
2021-07-23,6035.0,-0.019496344435418367,1.4175616053568643,-0.0006593044338223175,0.19642857142857142,0,0,Akumulasi
2021-07-26,6005.0,-0.004971002485501197,0.8702631122544839,-0.0025999752383310637,0.11904761904761904,0,0,Akumulasi
2021-07-27,6005.0,0.0,0.9873640823133406,-0.002188183807439825,0.11904761904761904,0,0,Akumulasi
2021-07-28,5980.0,-0.004163197335553703,1.3525797046448915,-0.0026437541308658294,0.045454545454545456,0,0,Akumulasi
2021-07-29,6040.0,0.010033444816053505,1.5176029747565432,-0.006567262814423196,0.3181818181818182,0,0,Akumulasi
2021-07-30,5970.0,-0.011589403973509937,1.8182146623610553,-0.008264462809917356,0.043478260869565216,0,0,Akumulasi
2021-08-02,5960.0,-0.0016750418760469454,1.9748367010862453,-0.008604997517789177,0.19298245614035087,0,0,Akumulasi
2021-08-03,6145.0,0.031040268456375752,1.712556711039749,-0.004259894950163365,0.8421052631578947,0,0,Distribusi
2021-08-04,6120.0,-0.004068348250610199,0.6362626533461941,-0.00016534391534391533,0.7543859649122807,0,0,Distribusi
2021-08-05,6300.0,0.02941176470588225,1.3886726060825514,0.00647716489954206,0.9753086419753086,1,0,Distribusi
2021-08-06,6160.0,-0.022222222222222254,0.9819348648170411,0.011537827591890556,0.5604395604395604,0,0,Distribusi
2021-08-09,6200.0,0.006493506493506551,0.7646199195216867,0.017939433838051348,0.6483516483516484,0,0,Distribusi
2021-08-10,6300.0,0.016129032258064502,0.8778910050520198,0.0219482120838471,0.8681318681318682,0,0,Distribusi
2021-08-12,6300.0,0.0,1.655536527284582,0.025716746646979205,0.8681318681318682,0,0,Distribusi
2021-08-13,6410.0,0.0174603174603174,1.193210986507076,0.025791947680359698,0.9528301886792453,1,0,Distribusi
2021-08-16,6420.0,0.0015600624024960652,0.9383875856856682,0.03172143847345674,0.9716981132075472,0,0,Distribusi
2021-08-18,6600.0,0.028037383177569986,2.3078328195995725,0.04061078622482131,0.8128654970760234,1,0,Markup
2021-08-19,6600.0,0.0,1.2095775299455112,0.04530574303843511,0.8128654970760234,0,0,Markup
2021-08-20,6600.0,0.0,1.386020813929011,0.04999798881782712,0.8128654970760234,0,0,Markup
2021-08-23,6590.0,-0.0015151515151514694,0.7838883286742361,0.05210838544171877,0.8011695906432749,0,0,Markup
2021-08-24,6600.0,0.0015174506828528056,0.6921653124790277,0.053110410598140534,0.8128654970760234,0,0,Markup
2021-08-25,6600.0,0.0,0.920979961502042,0.04813343923749007,0.8128654970760234,0,0,Markup
2021-08-26,6560.0,-0.0060606060606061,0.8376807005069221,0.04226800047447709,0.7660818713450293,0,0,Markup
2021-08-27,6510.0,-0.007621951219512146,0.8076936423572387,0.03508288380517384,0.7076023391812866,0,0,Markup
2021-08-30,6565.0,0.008448540706605279,0.846252584796065,0.03003685985412909,0.7719298245614035,0,0,Markup
2021-08-31,6550.0,-0.0022848438690022954,1.3022453371815206,0.023811382621594192,0.7543859649122807,0,0,Markup
2021-09-01,6565.0,0.0022900763358779663,0.783604931665404,0.017910563735964877,0.7483870967741936,0,0,Markup
2021-09-02,6540.0,-0.0038080731150038627,0.6406922657254239,0.014176156170113875,0.6857142857142857,0,0,Markup
2021-09-03,6600.0,0.00917431192660545,0.4316424335849422,0.013197499421162306,0.7557251908396947,0,0,Markup
2021-09-06,6575.0,-0.0037878787878787845,0.4597076207037164,0.011359698101582657,0.7175572519083969,0,0,Markup
2021-09-07,6570.0,-0.0007604562737643095,0.6793950835174344,0.008790449502898161,0.7099236641221374,0,0,Markup
2021-09-08,6440.0,-0.019786910197869156,0.9664758647817276,0.003103567186482241,0.5038759689922481,0,0,Markup
2021-09-09,6570.0,0.020186335403726607,1.32505769154375,0.00195006309027645,0.703125,0,0,Distribusi
2021-09-10,6520.0,-0.007610350076103556,0.5235898471519267,-0.0021758216589685842,0.4725274725274725,0,0,Distribusi
2021-09-13,6555.0,0.005368098159509227,0.3918485447570667,-0.0038892701898878973,0.5494505494505495,0,0,Distribusi
2021-09-14,6545.0,-0.0015255530129671957,0.6884843524929177,-0.005599786674793341,0.38571428571428573,0,0,Distribusi
2021-09-15,6495.0,-0.007639419404125269,0.6505764194182022,-0.003126191383911552,0.4358974358974359,0,0,Distribusi
2021-09-16,6500.0,0.0007698229407235857,0.8848249634574717,-0.00450209843571156,0.46153846153846156,0,0,Distribusi
2021-09-17,6520.0,0.003076923076922977,1.776104190859425,-0.0038940215316484693,0.5641025641025641,0,0,Distribusi
2021-09-20,6585.0,0.009969325153374342,1.1013752229529261,-0.0029397167182071545,0.8974358974358975,0,0,Distribusi
2021-09-21,6490.0,-0.014426727410782103,0.8614514232149436,-0.0037828130373313974,0.41025641025641024,0,0,Distribusi
2021-09-22,6555.0,0.01001540832049308,1.0459969558599695,-0.0016053818515404021,0.7435897435897436,0,0,Distribusi
2021-09-23,6580.0,0.0038138825324181003,0.9379611835977308,0.000687915615684476,0.8717948717948718,0,0,Distribusi
2021-09-24,6585.0,0.0007598784194529085,0.9388672784449165,0.002100760093197357,0.8974358974358975,0,0,Distribusi
2021-09-27,6580.0,-0.0007593014426727773,0.8668889822311575,0.0018331805682859762,0.8717948717948718,0,0,Distribusi
2021-09-28,6520.0,-0.00911854103343468,1.2986333627277358,0.002979601191840477,0.5641025641025641,0,0,Distribusi
2021-09-29,6580.0,0.009202453987730008,1.1932391330697851,0.003628585615522707,0.8717948717948718,0,0,Distribusi
2021-09-30,7000.0,0.06382978723404253,2.331902234291145,0.0129029802458798,1.0,1,0,Markup
2021-10-01,6760.0,-0.03428571428571425,1.4709572800566566,0.016992967116517772,0.5932203389830508,0,0,Markup
2021-10-04,6960.0,0.029585798816567976,1.0296372622885137,0.025547721931620044,0.9322033898305084,0,0,Markup
2021-10-05,6945.0,-0.0021551724137931494,0.7571551516403319,0.035491552330196165,0.9067796610169492,0,0,Markup
2021-10-06,7180.0,0.03383729301655869,2.2508222101991513,0.04777297500469836,1.0,1,0,Markup
2021-10-07,7160.0,-0.0027855153203342198,1.3875691393011995,0.047936234704187404,0.971830985915493,0,0,Markup
2021-10-08,7290.0,0.018156424581005526,1.1836181746954069,0.0577073334077464,0.9879518072289156,1,0,Markup
2021-10-11,7255.0,-0.004801097393689946,0.5839917277839622,0.06096161675981789,0.9457831325301205,0,0,Markup
2021-10-12,7320.0,0.008959338387318994,1.10012732759433,0.06595024289709996,1.0,1,0,Markup
2021-10-13,7525.0,0.028005464480874265,2.3150267518127405,0.0680108116005552,0.5926966292134831,1,0,Markup
2021-10-14,7750.0,0.029900332225913706,1.4595718279890648,0.07543072245547995,0.7191011235955056,0,0,Markup
2021-10-15,7650.0,-0.012903225806451646,1.4777732587850023,0.07704458964601134,0.6629213483146067,0,0,Markup
2021-10-18,7525.0,-0.016339869281045805,1.1839562585702093,0.07752656729191926,0.5926966292134831,0,0,Markup
2021-10-19,7500.0,-0.0033222591362126463,1.3145281310906862,0.0749185667752443,0.5714285714285714,0,0,Markup
2021-10-21,7400.0,-0.013333333333333308,1.0177924082368024,0.06500545524935769,0.5142857142857142,0,0,Markup
2021-10-22,7525.0,0.016891891891891886,0.9121098944442934,0.05167470806237326,0.5857142857142857,0,0,Markup
2021-10-25,7525.0,0.0,0.5689284626432581,0.04133379645710316,0.5857142857142857,0,0,Markup
2021-10-26,7525.0,0.0,0.6564343143141738,0.03454225473618827,0.5857142857142857,0,0,Markup
2021-10-27,7450.0,-0.009966777408637828,0.5402144642051238,0.026572947025544316,0.5389048991354467,0,0,Markup
2021-10-28,7375.0,-0.010067114093959773,0.7121457762599847,0.020324648751875597,0.47129909365558914,0,0,Markup
2021-10-29,7475.0,0.013559322033898313,0.6010613074762546,0.015670145144294503,0.4967532467532468,0,0,Markup
2021-11-01,7400.0,-0.010033444816053505,0.39534792597636775,0.007885741361221105,0.4370860927152318,0,0,Markup
2021-11-02,7300.0,-0.013513513513513487,0.9199850278903049,-0.0005065000844166807,0.31654676258992803,0,0,Markup
2021-11-03,7350.0,0.006849315068493178,0.6240695708218422,-0.005926724137931034,0.296875,0,0,Markup
2021-11-04,7375.0,0.00340136054421758,0.6562257046677066,-0.007230536404910039,0.25213675213675213,0,0,Markup
2021-11-05,7450.0,0.01016949152542379,0.4797941444071287,-0.009834524888396604,0.2558139534883721,0,0,Markup
2021-11-08,7575.0,0.016778523489932917,0.9555888195648444,-0.007035175879396985,0.3382352941176471,0,0,Markup
2021-11-09,7675.0,0.013201320132013139,1.1046640473721716,0.00020044097013429546,0.42786069651741293,0,0,Markup
2021-11-10,7650.0,-0.0032573289902280145,0.5280340555116089,0.006,0.4,0,0,Markup
2021-11-11,7675.0,0.0032679738562091387,0.6786399563840935,0.012987012987012988,0.6538461538461539,0,0,Markup
2021-11-12,7525.0,-0.019543973941368087,0.6751196605280404,0.016508254127063533,0.44,0,0,Markup
2021-11-15,7500.0,-0.0033222591362126463,0.9082678373338998,0.015523284927391086,0.5,0,0,Markup
2021-11-16,7475.0,-0.0033333333333332993,1.3464091033332524,0.010519285356486892,0.45,0,0,Markup
2021-11-17,7575.0,0.013377926421404673,0.8901835117070909,0.00801068090787717,0.65,0,0,Markup
2021-11-18,7400.0,-0.02310231023102305,1.1551809778061706,0.0006675567423230974,0.3,0,0,Markup
2021-11-19,7425.0,0.0033783783783782884,1.0206719757685865,-0.0013360053440213762,0.35,0,0,Markup
2021-11-22,7475.0,0.006734006734006703,0.9881712143993927,-0.001670564650851988,0.45,0,0,Markup
2021-11-23,7475.0,0.0,0.660842668450092,-0.001336898395721925,0.45,0,0,Markup
2021-11-24,7475.0,0.0,0.5437895460542668,-0.004177109440267335,0.45,0,0,Markup
2021-11-25,7425.0,-0.006688963210702337,0.6389194319452249,-0.00384165692333389,0.35,0,0,Markup
2021-11-26,7275.0,-0.02020202020202022,1.7275790875344008,-0.006522829904666332,0.05,0,0,Akumulasi
2021-11-29,7400.0,0.01718213058419238,1.2919630731643188,-0.008529854490717512,0.391304347826087,0,0,Akumulasi
2021-11-30,7275.0,-0.016891891891891886,2.0480577511537694,-0.01371696219471395,0.17391304347826086,0,0,Akumulasi
2021-12-01,7300.0,0.0034364261168384758,1.0703527580937122,-0.018072289156626505,0.21739130434782608,0,0,Akumulasi
2021-12-02,7500.0,0.027397260273972712,0.9308607693811979,-0.016886808226049155,0.5652173913043478,0,0,Akumulasi
2021-12-03,7375.0,-0.01666666666666672,0.8692457131405497,-0.01371696219471395,0.34782608695652173,0,0,Akumulasi
2021-12-06,7350.0,-0.003389830508474523,0.7977808327131036,-0.013570112246607473,0.30434782608695654,0,0,Akumulasi
2021-12-07,7350.0,0.0,0.7444720536857853,-0.009402283411685695,0.30434782608695654,0,0,Akumulasi
2021-12-08,7425.0,0.010204081632652962,1.0649388381164788,-0.0045401042542458385,0.43478260869565216,0,0,Akumulasi
2021-12-09,7350.0,-0.010101010101010055,0.7821904822166472,-0.0064037748567576675,0.30434782608695654,0,0,Akumulasi
2021-12-10,7375.0,0.00340136054421758,1.2635009789481926,-0.005398110661268556,0.4444444444444444,0,0,Akumulasi
2021-12-13,7300.0,-0.01016949152542368,0.8361872146118722,-0.005405405405405406,0.3125,0,0,Akumulasi
2021-12-14,7300.0,0.0,0.7182530681772176,-0.005580923389142567,0.3125,0,0,Akumulasi
2021-12-15,7300.0,0.0,0.7626484002471163,-0.00711623178583531,0.3125,0,0,Akumulasi
2021-12-16,7275.0,-0.003424657534246589,1.3668890539606597,-0.008309309818551805,0.25,0,0,Akumulasi
2021-12-17,7500.0,0.030927835051546282,1.4963727943473144,-0.005423728813559322,0.8125,0,0,Distribusi
2021-12-20,7375.0,-0.01666666666666672,1.0383490315682942,-0.0027137042062415195,0.5,0,0,Distribusi
2021-12-21,7375.0,0.0,0.7231893381337868,0.0,0.5,0,0,Distribusi
2021-12-22,7325.0,-0.006779661016949157,0.4593854061362621,0.0016989466530750934,0.42857142857142855,0,0,Distribusi
2021-12-23,7300.0,-0.0034129692832765013,0.514453292941464,0.0032307430709063085,0.35714285714285715,0,0,Distribusi
2021-12-24,7300.0,0.0,0.45256056147770346,-0.0023801428085685142,0.35714285714285715,0,0,Distribusi
2021-12-27,7350.0,0.006849315068493178,0.32026717961922363,-0.0027210884353741495,0.3,0,0,Distribusi
2021-12-28,7350.0,0.0,0.6620910953730546,-0.003909569947305796,0.3,0,0,Distribusi
2021-12-29,7300.0,-0.006802721088435382,0.7292729895513246,-0.004589495155532891,0.1,0,0,Distribusi
2021-12-30,7300.0,0.0,0.8786055493801973,-0.0032340425531914895,0.1,0,0,Distribusi
2022-01-03,7325.0,0.003424657534246478,0.962423359447416,-0.0022135194959986377,0.2222222222222222,0,0,Distribusi
2022-01-04,7400.0,0.010238907849829282,1.2370430495325182,-0.0011914893617021277,0.5555555555555556,0,0,Distribusi
2022-01-05,7450.0,0.006756756756756799,1.3056172643061188,0.0008504847763225039,0.7,0,0,Distribusi
2022-01-06,7475.0,0.003355704697986628,1.101707118086023,0.005271212378847135,0.8,0,0,Distribusi
2022-01-07,7650.0,0.02341137123745818,2.3057137641900494,0.012726964194807398,0.8823529411764706,1,0,Markup
2022-01-10,7600.0,-0.006535947712418277,0.7568648184251396,0.018637749915282956,0.7647058823529411,0,0,Markup
2022-01-11,7700.0,0.013157894736842035,1.7670891642936026,0.023994592767826967,1.0,0,0,Markup
2022-01-12,7700.0,0.0,0.9924741682226753,0.02797438490057297,1.0,0,0,Markup
2022-01-13,7700.0,0.0,0.7945790626037644,0.031260504201680674,0.8947368421052632,0,0,Markup
2022-01-14,7850.0,0.01948051948051943,1.0716197616436467,0.03264691109994977,1.0,1,0,Markup
2022-01-17,7750.0,-0.01273885350318471,1.0769840348247748,0.03493230820658533,0.75,0,0,Markup
2022-01-18,7675.0,-0.009677419354838679,1.2079629973736261,0.03219349457881568,0.625,0,0,Markup
2022-01-19,7675.0,0.0,1.0137413073433323,0.02946562343932079,0.625,0,0,Markup
2022-01-20,7775.0,0.013029315960912058,0.9839048143041901,0.028381742738589212,0.7916666666666666,0,0,Markup
2022-01-21,7950.0,0.022508038585209,1.0185318454238634,0.0266071723682036,1.0,1,0,Markup
2022-01-24,7800.0,-0.018867924528301883,0.6424862267582402,0.024542908911217264,0.7692307692307693,0,0,Markup
2022-01-25,7775.0,-0.0032051282051281937,1.5941014742209667,0.02431011826544021,0.7307692307692307,0,0,Markup
2022-01-26,7700.0,-0.009646302250803873,0.7880923605331029,0.02261553588987217,0.6153846153846154,0,0,Markup
2022-01-27,7800.0,0.01298701298701288,1.0398397020204688,0.0199281280627246,0.7692307692307693,0,0,Markup
2022-01-28,7775.0,-0.0032051282051281937,1.0053309097351122,0.012212994626282364,0.7307692307692307,0,0,Markup
2022-01-31,7625.0,-0.019292604501607746,0.9606501769295888,0.005688282138794084,0.48,0,0,Markup
2022-02-02,7800.0,0.022950819672131084,0.9244337961369546,0.0037283190144269734,0.7391304347826086,0,0,Markup
2022-02-03,7725.0,-0.009615384615384581,0.5117199356555983,0.0025889967637540453,0.5714285714285714,0,0,Markup
2022-02-04,7725.0,0.0,0.5836537702317535,-0.0009693053311793214,0.5,0,0,Markup
2022-02-07,7800.0,0.009708737864077666,0.9011423528832354,-0.0012911555842479018,0.625,0,0,Markup
2022-02-08,7725.0,-0.009615384615384581,0.9688563816733431,0.0004837929366231253,0.4375,0,0,Markup
2022-02-09,7950.0,0.029126213592232997,1.7071991582668768,0.0027370793753018837,1.0,0,0,Distribusi
2022-02-10,7750.0,-0.02515723270440251,1.427667409833697,0.0030581039755351682,0.5,0,0,Distribusi
2022-02-11,7825.0,0.00967741935483879,1.0833384450439676,0.004824702476680605,0.6875,0,0,Distribusi
2022-02-14,7700.0,-0.015974440894568676,0.874099603888189,0.003219575016097875,0.375,0,0,Distribusi
2022-02-15,7875.0,0.022727272727272707,0.847707115873044,0.0062731220846067234,0.8125,0,0,Distribusi
2022-02-16,7975.0,0.012698412698412653,1.1694916887730993,0.004976721785198267,1.0,1,0,Distribusi
2022-02-17,7900.0,-0.009404388714733591,0.7458199362575595,0.007374158384097467,0.7857142857142857,0,0,Distribusi
2022-02-18,7925.0,0.0031645569620253333,0.8720690214907405,0.008968609865470852,0.8571428571428571,0,0,Distribusi
2022-02-21,7950.0,0.003154574132492094,0.6828960119220104,0.015374759769378604,0.9285714285714286,0,0,Distribusi
2022-02-22,7900.0,-0.0062893081761006275,1.2106105318906861,0.015364916773367477,0.7857142857142857,0,0,Distribusi
2022-02-23,8050.0,0.018987341772152,1.5085914892074241,0.015497683335996165,0.8947368421052632,1,0,Markup
2022-02-24,8000.0,-0.006211180124223614,1.8013519831599683,0.01610588422899059,0.7142857142857143,0,0,Markup
2022-02-25,8050.0,0.006250000000000089,1.8729047809822987,0.017672345167966886,0.7727272727272727,0,0,Markup
2022-03-01,8050.0,0.0,1.8008566066964646,0.018436109345200253,0.7727272727272727,0,0,Markup
2022-03-02,7975.0,-0.009316770186335366,1.2946897467661154,0.01807802093244529,0.5652173913043478,0,0,Markup
2022-03-04,7900.0,-0.009404388714733591,1.6447179689377882,0.013629160063391443,0.43478260869565216,0,0,Markup
2022-03-07,7700.0,-0.025316455696202556,1.529385803861909,0.006181645268663814,0.08695652173913043,0,0,Akumulasi
2022-03-08,7650.0,-0.00649350649350644,1.3303056446281896,-0.0034887408816999684,0.0,0,0,Akumulasi
2022-03-09,7850.0,0.02614379084967311,1.4212967156808898,-0.008877615726062143,0.34782608695652173,0,0,Akumulasi
2022-03-10,7925.0,0.009554140127388644,0.9134728371113919,-0.011399620012666244,0.4782608695652174,0,0,Akumulasi
2022-03-11,7950.0,0.003154574132492094,0.6615968432197455,-0.01013299556681444,0.5217391304347826,0,0,Akumulasi
2022-03-14,8075.0,0.01572327044025168,0.8568032100365751,-0.00268604834887028,0.7391304347826086,0,0,Akumulasi
2022-03-15,8150.0,0.009287925696594534,1.1894258640193984,0.007883948281299276,0.8695652173913043,0,0,Akumulasi
2022-03-16,8200.0,0.006134969325153339,1.5265377611717952,0.01351776171015404,0.88,0,0,Akumulasi
2022-03-17,8000.0,-0.024390243902439046,1.2991091145266884,0.014606565101303596,0.5384615384615384,0,0,Akumulasi
2022-03-18,7900.0,-0.012499999999999956,1.3674429617146608,0.013827781269641735,0.38461538461538464,0,0,Akumulasi
2022-03-21,7900.0,0.0,0.7979477596267025,0.009428032683846637,0.38461538461538464,0,0,Akumulasi
2022-03-22,7925.0,0.0031645569620253333,0.5593253710741034,0.003771213073538655,0.4230769230769231,0,0,Akumulasi
2022-03-23,7900.0,-0.003154574132492094,0.7527454450742046,-0.0034580320653882428,0.38461538461538464,0,0,Akumulasi
2022-03-24,7925.0,0.0031645569620253333,0.8661135924811835,-0.005500550055005501,0.4230769230769231,0,0,Akumulasi
2022-03-25,7950.0,0.003154574132492094,0.7788769713443671,-0.003616920899512502,0.46153846153846156,0,0,Akumulasi
2022-03-28,7900.0,-0.0062893081761006275,0.7826864020252663,-0.002989771833202203,0.38461538461538464,0,0,Akumulasi
2022-03-29,7850.0,-0.006329113924050667,0.6006415539484508,-0.003623759256341579,0.3076923076923077,0,0,Akumulasi
2022-03-30,7875.0,0.0031847133757962887,0.7124228526735281,-0.0031545741324921135,0.34615384615384615,0,0,Akumulasi
2022-03-31,7975.0,0.012698412698412653,1.1170457122111934,-0.0018927444794952682,0.5,0,0,Akumulasi
2022-04-01,7925.0,-0.006269592476489061,1.060915619718837,-0.002680965147453083,0.4230769230769231,0,0,Akumulasi
2022-04-04,7900.0,-0.003154574132492094,0.5981551286815328,-0.0039376279729091196,0.38461538461538464,0,0,Akumulasi
2022-04-05,7900.0,0.0,0.5258036366126442,-0.00424595062116685,0.38461538461538464,0,0,Akumulasi
2022-04-06,7750.0,-0.01898734177215189,1.3017703620671957,-0.006766325727773407,0.043478260869565216,0,0,Akumulasi
2022-04-07,7750.0,0.0,0.7563635481829122,-0.011342155009451797,0.08333333333333333,0,0,Akumulasi
2022-04-08,7850.0,0.012903225806451646,0.7655974144703919,-0.012610340479192938,0.25,0,0,Akumulasi
2022-04-11,7725.0,-0.015923566878980888,0.6946047531079995,-0.014849921011058451,0.041666666666666664,0,0,Akumulasi
2022-04-12,7800.0,0.009708737864077666,0.8302807654291536,-0.015199493350221659,0.16666666666666666,0,0,Akumulasi
2022-04-13,7800.0,0.0,0.6869362703855244,-0.011428571428571429,0.16666666666666666,0,0,Akumulasi
2022-04-14,7700.0,-0.012820512820512775,1.1393295472410383,-0.010814249363867684,0.0,0,0,Akumulasi
2022-04-18,7700.0,0.0,0.8760446140454117,-0.01337579617834395,0.16666666666666666,0,0,Akumulasi
2022-04-19,7625.0,-0.009740259740259716,1.2515259126148601,-0.014196841601531346,0.0,0,0,Akumulasi
2022-04-20,7650.0,0.003278688524590123,1.5164134227350101,-0.016299137104506232,0.05555555555555555,0,0,Akumulasi
2022-04-21,7925.0,0.03594771241830075,1.5325572151896933,-0.013260904297811151,0.6666666666666666,0,0,Akumulasi
2022-04-22,7875.0,-0.006309148264984188,1.0242671528144613,-0.00847051302541154,0.5555555555555556,0,0,Akumulasi
2022-04-25,8000.0,0.015873015873015817,1.0837135588143352,-0.0011183895190925068,0.8333333333333334,0,0,Akumulasi
2022-04-26,8125.0,0.015625,1.4847821309180924,0.01021059349074665,1.0,1,0,Markup
2022-04-27,8200.0,0.009230769230769154,1.0187664141000767,0.021967526265520534,1.0,1,0,Markup
2022-04-28,8125.0,-0.009146341463414642,1.4706963176395063,0.02542911633820725,0.8,0,0,Markup
2022-05-09,7600.0,-0.06461538461538463,4.224303687526448,0.020869842281344593,0.0,0,1,Markup
2022-05-10,7525.0,-0.009868421052631526,2.3086368869667857,0.011340041526912634,0.275,0,1,Markup
2022-05-11,7650.0,0.01661129568106312,1.2911229687171042,0.0007998720204767237,0.4,0,0,Markup
2022-05-12,7275.0,-0.0490196078431373,1.8383541868504072,-0.018952778670093158,0.025,0,0,Markup
2022-05-13,7325.0,0.0068728522336769515,1.5714349803711376,-0.03688194556289257,0.075,0,0,Markup
2022-05-17,7400.0,0.010238907849829282,1.1397859303355167,-0.03987086359967716,0.15,0,0,Markup
2022-05-18,7575.0,0.023648648648648685,1.0641282743634168,-0.03686934023285899,0.325,0,0,Markup
2022-05-19,7450.0,-0.01650165016501648,0.9509973705807399,-0.04033695123926778,0.2,0,0,Markup
2022-05-20,7400.0,-0.006711409395973145,0.5813668263999463,-0.034594770180282605,0.15,0,0,Markup
2022-05-23,7375.0,-0.0033783783783783994,0.4788855406809934,-0.03061889250814332,0.125,0,0,Markup
2022-05-24,7350.0,-0.003389830508474523,0.7233425672889612,-0.029709435194253998,0.1,0,0,Markup
2022-05-25,7375.0,0.00340136054421758,0.5092604097266527,-0.032880745951251435,0.125,0,0,Markup
2022-05-27,7575.0,0.027118644067796627,0.5622876467717042,-0.029291441662575683,0.325,0,0,Markup
2022-05-30,7575.0,0.0,0.7072690945693647,-0.024230517354289455,0.325,0,0,Markup
2022-05-31,7750.0,0.02310231023102305,1.8248165249348924,-0.013276512047205376,0.5,0,0,Markup
2022-06-02,7575.0,-0.022580645161290325,0.9323613866856205,-0.005419609131220233,0.325,0,0,Markup
2022-06-03,7600.0,0.0033003300330032292,0.5050466043661905,0.0031286020088918164,0.35,0,0,Markup
2022-06-06,7450.0,-0.019736842105263164,0.5163070072032007,0.004300363876943433,0.2,0,0,Markup
2022-06-07,7375.0,-0.010067114093959773,0.812109854395491,0.004490271079328123,0.125,0,0,Markup
2022-06-08,7600.0,0.03050847457627115,0.6897299454624404,0.004005340453938585,0.5384615384615384,0,0,Markup
2022-06-09,7500.0,-0.013157894736842146,0.7677087892187865,0.0026720106880427524,0.5,0,0,Markup
2022-06-10,7350.0,-0.020000000000000018,0.8427680311317599,-0.002842334057849858,0.2,0,0,Markup
2022-06-13,7350.0,0.0,0.6627318829435416,-0.0035181772491204555,0.2,0,0,Markup
2022-06-14,7400.0,0.006802721088435382,0.6678218887819647,-0.0036826247070639436,0.3,0,0,Markup
2022-06-15,7325.0,-0.010135135135135087,1.114651230893207,-0.011047874121191832,0.15,0,0,Markup
2022-06-16,7575.0,0.03412969283276457,1.1475511011612196,-0.01019896338404949,0.65,0,0,Markup
2022-06-17,7500.0,-0.00990099009900991,1.0352732682014514,-0.005687520910003346,0.5,0,0,Markup
2022-06-20,7625.0,0.016666666666666607,0.7927145098305154,0.0005012531328320802,0.75,0,0,Markup
2022-06-21,7650.0,0.003278688524590123,0.4061042383749743,0.005504587155963303,0.8,0,0,Markup
2022-06-22,7500.0,-0.019607843137254943,0.4904619302942616,0.009333333333333334,0.5,0,0,Markup
2022-06-23,7525.0,0.0033333333333334103,0.5716556658677693,0.006825370401198602,0.55,0,0,Markup
2022-06-24,7475.0,-0.006644518272425293,0.553054291723099,0.0054899351189485945,0.45,0,0,Markup
2022-06-27,7350.0,-0.01672240802675584,0.7313992923960111,-0.0003332222592469177,0.2,0,0,Markup
2022-06-28,7300.0,-0.006802721088435382,1.3725547585578723,-0.00784510098481055,0.1,0,0,Akumulasi
2022-06-29,7275.0,-0.003424657534246589,1.0152377690074335,-0.010716677829872739,0.058823529411764705,0,0,Akumulasi
2022-06-30,7250.0,-0.0034364261168384758,1.0707790013674254,-0.015942272193321026,0.0,0,0,Akumulasi
2022-07-01,7250.0,0.0,0.7308454984888703,-0.01968040370058873,0.0,0,0,Akumulasi
2022-07-04,7050.0,-0.02758620689655178,1.074965576237384,-0.025130713442401753,0.07692307692307693,0,1,Akumulasi
2022-07-05,7250.0,0.028368794326241176,0.7510202459708047,-0.025658338960162053,0.38461538461538464,0,0,Akumulasi
2022-07-06,7300.0,0.006896551724137945,0.74223634127065,-0.023004059539918808,0.46153846153846156,0,0,Akumulasi
2022-07-07,7100.0,-0.0273972602739726,0.9686452841119232,-0.024423337856173677,0.15384615384615385,0,0,Akumulasi
2022-07-08,7150.0,0.007042253521126751,0.7431361126464948,-0.025815217391304348,0.23076923076923078,0,0,Akumulasi
2022-07-11,7125.0,-0.0034965034965035446,0.437906961951194,-0.0222827011396496,0.19230769230769232,0,0,Akumulasi
2022-07-12,7175.0,0.007017543859649145,0.419056076462907,-0.02282793867120954,0.2692307692307692,0,0,Akumulasi
2022-07-13,7000.0,-0.024390243902439046,0.9128873908318401,-0.02885436230151955,0.0,0,0,Akumulasi
2022-07-14,7025.0,0.0035714285714285587,1.0906673892724459,-0.02724935732647815,0.038461538461538464,0,0,Akumulasi
2022-07-15,7000.0,-0.003558718861209953,0.7826155993878905,-0.028030954428202925,0.0,0,0,Akumulasi
2022-07-18,7150.0,0.021428571428571352,0.8348046842839709,-0.024154589371980676,0.23076923076923078,0,0,Akumulasi
2022-07-19,7175.0,0.0034965034965035446,0.8199942144906112,-0.020945127228665397,0.2692307692307692,0,0,Akumulasi
2022-07-20,7400.0,0.03135888501742157,1.4036288097297906,-0.009180668629828512,0.6666666666666666,0,0,Distribusi
2022-07-21,7400.0,0.0,0.8514061273831911,0.0020804438280166435,0.6666666666666666,0,0,Distribusi
2022-07-22,7325.0,-0.010135135135135087,0.5220952508718173,0.012148559527941687,0.65,0,0,Distribusi
2022-07-25,7300.0,-0.0034129692832765013,0.43183306000231897,0.016666666666666666,0.75,0,0,Distribusi
2022-07-26,7300.0,0.0,0.6596744191715672,0.02013888888888889,0.75,0,0,Distribusi
2022-07-27,7325.0,0.003424657534246478,0.8957093872651024,0.01770218674071503,0.8125,0,0,Distribusi
2022-07-28,7350.0,0.0034129692832765013,1.3463698198335319,0.015608740894901144,0.7777777777777778,0,0,Distribusi
2022-07-29,7350.0,0.0,1.9434098745572677,0.01559792027729636,0.7368421052631579,0,0,Distribusi
2022-08-01,7500.0,0.020408163265306145,1.5458347988731385,0.01796821008984105,1.0,1,0,Markup
2022-08-02,7600.0,0.01333333333333342,1.527793791913937,0.023784901758014478,0.96,1,0,Markup
2022-08-03,7625.0,0.00328947368421062,0.8675719488539931,0.029750644883920895,1.0,0,0,Markup
2022-08-04,7800.0,0.022950819672131084,2.2416225634003224,0.037138456272462775,1.0,1,0,Markup
2022-08-05,7875.0,0.009615384615384581,1.5626833929601056,0.04632152588555858,1.0,1,0,Markup
2022-08-08,7875.0,0.0,1.076229446738997,0.05116909522195866,0.9459459459459459,0,0,Markup
2022-08-09,7900.0,0.0031746031746031633,1.1425774960735962,0.05412240768841679,0.9230769230769231,0,0,Markup
2022-08-10,7900.0,0.0,1.2589773769257138,0.05513658454834926,0.9230769230769231,0,0,Markup
2022-08-11,7950.0,0.006329113924050667,0.8884061221329504,0.05263157894736842,0.9743589743589743,0,0,Markup
2022-08-12,7925.0,-0.0031446540880503138,0.7197886545393982,0.047508690614136734,0.9473684210526315,0,0,Markup
2022-08-15,7950.0,0.003154574132492094,0.9742263396404969,0.04396509138811131,0.9714285714285714,0,0,Markup
2022-08-16,7975.0,0.003144654088050425,0.9857969901211714,0.040458640458640456,1.0,0,0,Markup
2022-08-18,8000.0,0.0031347962382444194,1.0281595633590326,0.03899494207864252,0.967741935483871,1,0,Markup
2022-08-19,7900.0,-0.012499999999999956,0.6971900121294139,0.03431452268661571,0.8125,0,0,Markup
2022-08-22,8000.0,0.012658227848101333,1.1262429968878016,0.03173575129533679,0.9375,0,0,Markup
2022-08-23,7900.0,-0.012499999999999956,0.810687229350009,0.026451612903225806,0.8125,0,0,Markup
2022-08-24,7950.0,0.006329113924050667,1.188336422423389,0.021522646964343077,0.8709677419354839,0,0,Markup
2022-08-25,8075.0,0.01572327044025168,1.0620932299328545,0.01854219948849105,0.967741935483871,1,0,Markup
2022-08-26,8000.0,-0.009287925696594423,0.8619178057835883,0.01687360713148679,0.8387096774193549,0,0,Markup
2022-08-29,8150.0,0.018750000000000044,0.6441284904869049,0.015521064301552107,1.0,1,0,Markup
2022-08-30,8175.0,0.0030674846625766694,1.3729581071672192,0.018135940703359093,0.8709677419354839,1,0,Markup
2022-08-31,8200.0,0.003058103975535076,1.492802800563418,0.020581304006284367,0.8928571428571429,0,0,Markup
2022-09-01,8150.0,-0.0060975609756097615,0.8064182288163637,0.019104290635765738,0.8,0,0,Markup
2022-09-02,8225.0,0.009202453987730008,0.8088095754640284,0.022020927690145246,0.9090909090909091,0,0,Markup
2022-09-05,8275.0,0.006079027355623046,0.7355335576516198,0.022589188347094565,0.9565217391304348,0,0,Markup
2022-09-06,8275.0,0.0,0.7923272651935594,0.022533022533022532,0.88,0,0,Markup
2022-09-07,8375.0,0.012084592145015005,1.3726610436834088,0.02386117136659436,1.0,1,0,Markup
2022-09-08,8350.0,-0.0029850746268657025,1.520327942922121,0.02595797280593325,0.7777777777777778,0,0,Markup
2022-09-09,8375.0,0.0029940119760478723,1.0339814591980696,0.02696871628910464,0.8148148148148148,0,0,Markup
2022-09-12,8375.0,0.0,0.5961672790635147,0.026586752727831568,0.8148148148148148,0,0,Markup
2022-09-13,8525.0,0.017910447761193993,1.3825449002905577,0.02909647779479326,0.9333333333333333,1,0,Markup
2022-09-14,8500.0,-0.0029325513196480912,1.2720706782999558,0.028850557166844756,0.8181818181818182,0,0,Markup
2022-09-15,8750.0,0.02941176470588225,1.9647935212979692,0.03388542774654308,0.8809523809523809,1,0,Markup
2022-09-16,8450.0,-0.03428571428571425,3.2377318037766236,0.03225806451612903,0.5952380952380952,0,0,Markup
2022-09-19,8650.0,0.023668639053254337,0.9120576283971791,0.03484688489968321,0.7692307692307693,0,0,Markup
2022-09-20,8550.0,-0.011560693641618491,0.7876631590431116,0.03140495867768595,0.6666666666666666,0,0,Markup
2022-09-21,8475.0,-0.00877192982456143,0.8090388732565791,0.02756141402037148,0.5897435897435898,0,0,Markup
2022-09-22,8475.0,0.0,0.5601694827454616,0.01852958756724447,0.5675675675675675,0,0,Markup
2022-09-23,8375.0,-0.01179941002949858,0.5530166234326638,0.014462501863724468,0.4594594594594595,0,0,Markup
2022-09-26,8425.0,0.005970149253731405,0.9489277417200565,0.007442691277165823,0.45454545454545453,0,0,Markup
2022-09-27,8300.0,-0.014836795252225476,0.8127648042298169,0.0007437156031533541,0.30303030303030304,0,0,Markup
2022-09-28,8325.0,0.003012048192771122,0.8272163565659221,-0.0035671819262782403,0.26666666666666666,0,0,Markup
2022-09-29,8375.0,0.006006006006006093,0.5845846281147601,-0.007273267032803918,0.3103448275862069,0,0,Markup
2022-09-30,8550.0,0.020895522388059806,1.570309119291989,-0.005037037037037037,0.5185185185185185,0,0,Markup
2022-10-03,8500.0,-0.005847953216374324,1.0004944675063123,-0.004586477289539872,0.4444444444444444,0,0,Markup
2022-10-04,8550.0,0.00588235294117645,0.6960070125788976,-0.0002954209748892171,0.5185185185185185,0,0,Markup
2022-10-05,8450.0,-0.011695906432748537,0.5645566772403774,0.0022146759190905065,0.37037037037037035,0,0,Markup
2022-10-06,8425.0,-0.00295857988165682,0.40505302436440827,0.0029515938606847697,0.3333333333333333,0,0,Markup
2022-10-07,8200.0,-0.02670623145400597,1.022408443428556,-0.004284236962623726,0.0,0,0,Markup
2022-10-10,8300.0,0.012195121951219523,0.7229978810118287,-0.008572273130357671,0.23333333333333334,0,0,Markup
2022-10-11,8250.0,-0.0060240963855421326,0.5933756362798164,-0.014063656550703183,0.16666666666666666,0,0,Markup
2022-10-12,8325.0,0.009090909090909038,0.45519083496132623,-0.016004742145820983,0.26666666666666666,0,0,Markup
2022-10-13,8275.0,-0.006006006006005982,0.6348983056479963,-0.016792985584782285,0.24,0,0,Markup
2022-10-14,8250.0,-0.0030211480362537513,0.8462799323746588,-0.014432376134503794,0.2,0,0,Markup
2022-10-17,8250.0,0.0,0.6947056499358671,-0.013273676360924682,0.23809523809523808,0,0,Markup
2022-10-18,8300.0,0.0060606060606061,1.0577423561512784,-0.010604929051530994,0.35,0,0,Markup
2022-10-19,8275.0,-0.003012048192771122,0.8367217743888945,-0.010617616270375356,0.3,0,0,Markup
2022-10-20,8500.0,0.027190332326284095,1.129650023355892,-0.005382775119617225,0.75,0,0,Markup
2022-10-21,8650.0,0.01764705882352935,1.4549631479956184,0.0025376921928646065,0.875,1,0,Distribusi
2022-10-24,8900.0,0.028901734104046284,1.0702805149612926,0.01518309020541828,1.0,1,0,Distribusi
2022-10-25,8700.0,-0.022471910112359605,1.0167454608795197,0.022275022275022274,0.7419354838709677,0,0,Distribusi
2022-10-26,8550.0,-0.017241379310344862,1.1810473373801487,0.02743585940975827,0.5483870967741935,0,0,Distribusi
2022-10-27,8700.0,0.01754385964912286,0.9111771652518406,0.03019538188277087,0.7419354838709677,0,0,Distribusi
2022-10-28,8750.0,0.005747126436781658,1.063153339582766,0.03134240094618569,0.8064516129032258,0,0,Distribusi
2022-10-31,8800.0,0.005714285714285783,1.7124588981784228,0.02715466351829988,0.8709677419354839,0,0,Distribusi
2022-11-01,8800.0,0.0,1.4230370433776167,0.027998821102269377,0.7714285714285715,0,0,Distribusi
2022-11-02,8750.0,-0.005681818181818232,0.820889035334996,0.03089143865842895,0.7142857142857143,0,0,Distribusi
2022-11-03,8800.0,0.005714285714285783,0.961593606252967,0.030970204021723177,0.7714285714285715,0,0,Distribusi
2022-11-04,8775.0,-0.0028409090909090606,1.0085004832744184,0.028086600351082503,0.7428571428571429,0,0,Distribusi
2022-11-07,8850.0,0.008547008547008517,1.1221650443469695,0.025955088947214933,0.8235294117647058,0,0,Distribusi
2022-11-08,8750.0,-0.011299435028248594,0.5099134889927129,0.021808665309683048,0.696969696969697,0,0,Distribusi
2022-11-09,8875.0,0.014285714285714235,1.1252260801731226,0.021449275362318842,0.8484848484848485,0,0,Distribusi
2022-11-10,8800.0,-0.008450704225352101,1.025857954742215,0.018349949429273225,0.7575757575757576,0,0,Distribusi
2022-11-11,8850.0,0.005681818181818121,0.6877548662967815,0.01655867530597552,0.8181818181818182,0,0,Distribusi
2022-11-14,8750.0,-0.011299435028248594,0.5702206797670805,0.011342426417803302,0.6774193548387096,0,0,Distribusi
2022-11-15,8800.0,0.005714285714285783,0.6954712263048699,0.009591982820329277,0.7419354838709677,0,0,Distribusi
2022-11-16,8600.0,-0.022727272727272707,1.6151130423051538,0.0014289797084881394,0.4666666666666667,0,0,Distribusi
2022-11-17,8725.0,0.014534883720930258,0.8273633066665027,-0.0015698587127158557,0.5,0,0,Distribusi
2022-11-18,8825.0,0.011461318051575908,0.9729036966588903,-0.003136583974907328,0.6111111111111112,0,0,Distribusi
2022-11-21,8725.0,-0.011331444759206777,0.4314595431114926,-0.0027115741401455688,0.3888888888888889,0,0,Distribusi
2022-11-22,8900.0,0.02005730659025784,1.0177452412434145,-0.0015680684248039914,0.7777777777777778,0,0,Distribusi
2022-11-23,8875.0,-0.002808988764044895,1.0260685746898535,0.0028457598178713715,0.7222222222222222,0,0,Distribusi
2022-11-24,9000.0,0.014084507042253502,0.6581705076383899,0.007386363636363636,1.0,0,0,Distribusi
2022-11-25,8975.0,-0.002777777777777768,0.928575233279653,0.009504894311249823,0.9444444444444444,0,0,Distribusi
2022-11-28,9025.0,0.0055710306406684396,1.2227156649161481,0.015018418815528478,0.8636363636363636,1,0,Distribusi
2022-11-29,8975.0,-0.005540166204986097,1.183623631830136,0.015711252653927813,0.7727272727272727,0,0,Distribusi
2022-11-30,9300.0,0.0362116991643453,6.069745503559299,0.022153238323691267,0.8823529411764706,1,0,Markup
2022-12-01,9000.0,-0.032258064516129004,1.4180066123406083,0.021000704721634955,0.5294117647058824,0,0,Markup
2022-12-02,8900.0,-0.011111111111111072,1.1675920578270602,0.018591549295774647,0.4117647058823529,0,0,Markup
2022-12-05,8775.0,-0.014044943820224698,1.0130930106564195,0.013385937720163449,0.2647058823529412,0,0,Markup
2022-12-06,8675.0,-0.01139601139601143,1.5036636821104514,0.007048209754722301,0.14705882352941177,0,0,Akumulasi
2022-12-07,8450.0,-0.025936599423631135,1.8096930204690376,-0.009749894022891056,0.0,0,1,Akumulasi
2022-12-08,8500.0,0.00591715976331364,1.3188132277218674,-0.019391365888181175,0.14285714285714285,0,0,Akumulasi
2022-12-09,8575.0,0.008823529411764675,0.6860305229754451,-0.025233909838389565,0.21428571428571427,0,0,Akumulasi
2022-12-12,8700.0,0.014577259475218707,0.7612303472692792,-0.02665910380034033,0.3333333333333333,0,0,Akumulasi
2022-12-13,8700.0,0.0,0.7612091250297063,-0.02553916004540295,0.3333333333333333,0,0,Akumulasi
2022-12-14,8625.0,-0.008620689655172376,0.8680641555112373,-0.021705206412257056,0.2619047619047619,0,0,Akumulasi
2022-12-15,8500.0,-0.01449275362318836,0.8197862481462543,-0.020454545454545454,0.14285714285714285,0,0,Akumulasi
2022-12-16,8600.0,0.0117647058823529,1.2688975818435295,-0.018631773574171527,0.23809523809523808,0,0,Akumulasi
2022-12-19,8650.0,0.005813953488372103,0.46659054819302287,-0.01935116676152533,0.2857142857142857,0,0,Akumulasi
2022-12-20,8575.0,-0.00867052023121384,0.2895152514660835,-0.020384889522451887,0.21428571428571427,0,0,Akumulasi
2022-12-21,8675.0,0.011661807580174877,0.2402868028489872,-0.018124732410446695,0.30952380952380953,0,0,Akumulasi
2022-12-22,8575.0,-0.011527377521613813,0.4250157593859415,-0.01402002861230329,0.21428571428571427,0,0,Akumulasi
2022-12-23,8500.0,-0.008746355685131157,0.3413809082116612,-0.01362788696026395,0.14285714285714285,0,0,Akumulasi
2022-12-26,8575.0,0.008823529411764675,0.15177466742850576,-0.012800230116496477,0.21428571428571427,0,0,Akumulasi
2022-12-27,8600.0,0.00291545189504383,0.2062899007363839,-0.010089362928797925,0.23809523809523808,0,0,Akumulasi
2022-12-28,8650.0,0.005813953488372103,0.397733833643678,-0.006944444444444444,0.3,0,0,Akumulasi
2022-12-29,8575.0,-0.00867052023121384,0.48884102917468436,-0.004496011602610588,0.36,0,0,Akumulasi
2022-12-30,8550.0,-0.002915451895043719,0.48633612991429137,-0.0013079494259555296,0.36363636363636365,0,0,Akumulasi
2023-01-02,8550.0,0.0,0.12292010089603642,-0.0005820721769499418,0.5,0,0,Akumulasi
2023-01-03,8550.0,0.0,0.34675540184196446,-0.0010193679918450561,0.5714285714285714,0,0,Akumulasi
2023-01-04,8350.0,-0.023391812865497075,1.2610771352615318,-0.007431152557190733,0.0,0,0,Akumulasi
2023-01-05,8250.0,-0.0119760479041916,1.842957297149498,-0.01357069896395739,0.18181818181818182,0,1,Markdown
2023-01-06,8300.0,0.0060606060606061,1.006628909087026,-0.017831043554516222,0.3333333333333333,0,0,Markdown
2023-01-09,8450.0,0.01807228915662651,1.277558723386398,-0.01873536299765808,0.5833333333333334,0,0,Markdown
2023-01-10,8175.0,-0.03254437869822491,1.4988261595200532,-0.024519160182058436,0.125,0,0,Markdown
2023-01-11,8125.0,-0.006116207951070374,1.4384235317334297,-0.02694743042261817,0.17857142857142858,0,0,Markdown
2023-01-12,8175.0,0.006153846153846176,1.5653210202213776,-0.02685157863676601,0.25,0,0,Markdown
2023-01-13,8050.0,-0.015290519877675823,1.89394717017897,-0.02960331557134399,0.07142857142857142,0,0,Markdown
2023-01-16,8150.0,0.012422360248447228,1.6228684927948556,-0.033847980997624705,0.21428571428571427,0,0,Markdown
2023-01-17,8325.0,0.021472392638036908,1.3138033194397518,-0.028843294677371394,0.4642857142857143,0,0,Markdown
2023-01-18,8300.0,-0.0030030030030030463,1.3699409945870729,-0.022500372522723886,0.4444444444444444,0,0,Markdown
2023-01-19,8325.0,0.003012048192771122,0.9349555313181896,-0.017460080584987315,0.5,0,0,Markdown
2023-01-20,8300.0,-0.0030030030030030463,1.318103709005943,-0.010309278350515464,0.46153846153846156,0,0,Markdown
2023-01-24,8225.0,-0.009036144578313254,0.5694937734055814,-0.006438089534361431,0.34615384615384615,0,0,Markdown
2023-01-25,8200.0,-0.003039513677811523,0.8640400347892262,-0.007053879633798589,0.3076923076923077,0,0,Markdown
2023-01-26,8475.0,0.03353658536585358,0.9897273859004003,-0.0018028846153846155,0.7307692307692307,0,0,Markdown
2023-01-27,8700.0,0.026548672566371723,2.2917114862366392,0.006455487164089476,0.8235294117647058,1,0,Distribusi
2023-01-30,8700.0,0.0,0.7872331970596491,0.015149242537873106,0.8235294117647058,0,0,Distribusi
2023-01-31,8475.0,-0.025862068965517238,2.0772081371583466,0.021608643457382955,0.5588235294117647,0,0,Distribusi
2023-02-01,8500.0,0.002949852507374562,0.7812550944320324,0.029120384268988293,0.5882352941176471,0,0,Distribusi
2023-02-02,8450.0,-0.00588235294117645,0.9963154438468967,0.0279027902790279,0.5294117647058824,0,0,Distribusi
2023-02-03,8700.0,0.029585798816567976,0.7422557260051976,0.025134649910233394,0.8235294117647058,0,0,Distribusi
2023-02-06,8725.0,0.002873563218390718,1.1889494200981812,0.02313087598865841,0.8529411764705882,0,0,Distribusi
2023-02-07,8850.0,0.014326647564469885,1.1543937325158873,0.029626321274378444,1.0,0,0,Distribusi
2023-02-08,8825.0,-0.0028248587570621764,0.5553104288777115,0.03336793711997627,0.9705882352941176,0,0,Distribusi
2023-02-09,8900.0,0.008498583569405138,0.7465815403540125,0.03926778860348391,1.0,1,0,Distribusi
2023-02-10,8825.0,-0.008426966292134797,0.6542116318638188,0.03823529411764706,0.9142857142857143,0,0,Distribusi
2023-02-13,8875.0,0.0056657223796034994,0.6927172149107502,0.03673349919508269,0.9705882352941176,0,0,Distribusi
2023-02-14,8950.0,0.008450704225352101,0.8989123888881063,0.03423160961398398,1.0,1,0,Distribusi
2023-02-15,8875.0,-0.008379888268156388,0.43062177393822954,0.032089443879773485,0.9032258064516129,0,0,Distribusi
2023-02-16,8700.0,-0.019718309859154903,0.7609068170742814,0.02506156743444879,0.6666666666666666,0,0,Distribusi
2023-02-17,8725.0,0.002873563218390718,0.5089095867022153,0.020378667437490967,0.7,0,0,Distribusi
2023-02-20,8750.0,0.002865329512893977,0.48394905909963887,0.014847916966988612,0.7333333333333333,0,0,Distribusi
2023-02-21,8700.0,-0.005714285714285672,0.3097980331079604,0.0063254744105807935,0.6666666666666666,0,0,Distribusi
2023-02-22,8675.0,-0.002873563218390829,0.47988595481786106,-0.001003584229390681,0.6206896551724138,0,0,Distribusi
2023-02-23,8725.0,0.0057636887608070175,0.672893021230744,-0.0018611309949892628,0.5909090909090909,0,0,Distribusi
2023-02-24,8675.0,-0.005730659025787954,0.61501993782254,-0.0028636884306987398,0.5,0,0,Distribusi
2023-02-27,8775.0,0.011527377521613813,0.8411117321428221,-0.0027193359095463,0.6818181818181818,0,0,Distribusi
2023-02-28,8750.0,-0.002849002849002802,1.596764952470638,-0.003143755358673907,0.6363636363636364,0,0,Distribusi
2023-03-01,8600.0,-0.017142857142857126,1.0143714232125265,-0.005427020851185376,0.36363636363636365,0,0,Distribusi
2023-03-02,8625.0,0.0029069767441860517,0.8860109791443784,-0.008703096019403623,0.2777777777777778,0,0,Distribusi
2023-03-03,8475.0,-0.017391304347826098,1.4640461977002461,-0.012,0.0,0,1,Markdown
2023-03-06,8400.0,-0.008849557522123908,1.4501614981746593,-0.018749105481608703,0.0,0,1,Markdown
2023-03-07,8425.0,0.0029761904761904656,1.673856936399317,-0.02381635581061693,0.125,0,0,Markdown
2023-03-08,8575.0,0.017804154302670572,1.2276080108752305,-0.022988505747126436,0.375,0,0,Markdown
2023-03-09,8575.0,0.0,0.8504899958990808,-0.022311789261551748,0.375,0,0,Markdown
2023-03-10,8450.0,-0.014577259475218707,0.9367119155828715,-0.0207732256203116,0.16666666666666666,0,0,Markdown
2023-03-13,8550.0,0.01183431952662728,1.2721140235437582,-0.015464662523486054,0.3333333333333333,0,0,Markdown
2023-03-14,8325.0,-0.02631578947368418,1.3930591111836668,-0.014215259646069046,0.0,0,1,Markdown
2023-03-15,8325.0,0.0,1.2871090789757451,-0.016880093131548313,0.0,0,0,Markdown
2023-03-16,8300.0,-0.0030030030030030463,1.5260752072009467,-0.021003500583430573,0.08333333333333333,0,1,Markdown
2023-03-17,8375.0,0.009036144578313143,2.5740615064510797,-0.02075416544869921,0.20833333333333334,0,0,Markdown
2023-03-20,8400.0,0.0029850746268655914,0.4841392916557438,-0.022261277094317515,0.25,0,0,Markdown
2023-03-21,8500.0,0.011904761904761862,1.1408020257592986,-0.017008797653958945,0.4166666666666667,0,0,Markdown
2023-03-24,8825.0,0.038235294117647145,1.699860109408277,-0.006152944623498389,0.9583333333333334,0,0,Distribusi
2023-03-27,8700.0,-0.014164305949008527,1.2504799749209927,0.00336996336996337,0.75,0,0,Distribusi
2023-03-28,8675.0,-0.002873563218390829,1.077472042579485,0.010402930402930404,0.7391304347826086,0,0,Distribusi
2023-03-29,8800.0,0.014409221902017322,1.0834564129364235,0.019630823322590096,0.9565217391304348,0,0,Distribusi
2023-03-30,8825.0,0.0028409090909091717,1.266217703819542,0.026797481329623663,0.8846153846153846,0,0,Distribusi
2023-03-31,8750.0,-0.008498583569405138,1.0181312801394555,0.024140453547915143,0.7692307692307693,0,0,Distribusi
2023-04-03,8800.0,0.005714285714285783,0.6306521029294476,0.02543116047939199,0.8461538461538461,0,0,Distribusi
2023-04-04,8775.0,-0.0028409090909090606,0.6495240720742294,0.0259702363583309,0.8076923076923077,0,0,Distribusi
2023-04-05,8725.0,-0.005698005698005715,0.4053312963996014,0.022280471821756225,0.7307692307692307,0,0,Distribusi
2023-04-06,8750.0,0.002865329512893977,0.5165736418712022,0.018604651162790697,0.7692307692307693,0,0,Distribusi
2023-04-10,8800.0,0.005714285714285783,0.38482841161711556,0.01843518652924953,0.8461538461538461,0,0,Distribusi
2023-04-11,8825.0,0.0028409090909091717,0.5225712881769364,0.01753877373532396,0.8846153846153846,0,0,Distribusi
2023-04-12,8900.0,0.008498583569405138,1.057871840911516,0.017782275552985397,1.0,0,0,Distribusi
2023-04-13,8925.0,0.002808988764045006,0.6059921247324662,0.020196191575302943,0.9642857142857143,1,0,Distribusi
2023-04-14,9000.0,0.008403361344537785,1.2779677993322973,0.02198591751688461,1.0,1,0,Distribusi
2023-04-17,9025.0,0.002777777777777768,0.9737344145992943,0.023042793759839704,0.96875,1,0,Distribusi
2023-04-18,9125.0,0.011080332409972193,1.0667229010877675,0.02507122507122507,0.9411764705882353,1,0,Distribusi
2023-04-26,9200.0,0.008219178082191858,2.2019010647453845,0.02708067489011768,1.0,1,0,Distribusi
2023-04-27,9150.0,-0.005434782608695676,0.6393957578111237,0.027813073556402654,0.9393939393939394,0,0,Distribusi
2023-04-28,9050.0,-0.010928961748633892,1.6475485313792222,0.025756509500351864,0.7391304347826086,0,0,Distribusi
2023-05-02,9050.0,0.0,0.9796639207404256,0.02502108518414394,0.7391304347826086,0,0,Distribusi
2023-05-03,8925.0,-0.013812154696132617,0.9963676624377454,0.01923346904394216,0.5217391304347826,0,0,Distribusi
2023-05-04,9000.0,0.008403361344537785,0.8189949120857781,0.01289237668161435,0.6521739130434783,0,0,Distribusi
2023-05-05,9000.0,0.0,0.8033123461102745,0.0083986562150056,0.6363636363636364,0,0,Distribusi
2023-05-08,9000.0,0.0,1.0731552285683446,0.006292826178156901,0.6363636363636364,0,0,Distribusi
2023-05-09,8925.0,-0.008333333333333304,0.5373732079616564,0.002514668901927913,0.5,0,0,Distribusi
2023-05-10,8925.0,0.0,0.6009540592867103,0.0018148820326678765,0.5,0,0,Distribusi
2023-05-11,8825.0,-0.011204481792717047,1.0722551006196657,-0.0023726448011165387,0.25,0,0,Distribusi
2023-05-12,8800.0,-0.0028328611898017497,1.214940560794952,-0.007254464285714286,0.2,0,0,Akumulasi
2023-05-15,8775.0,-0.0028409090909090606,0.8061878830633804,-0.012414562700516111,0.15,0,0,Akumulasi
2023-05-16,8700.0,-0.008547008547008517,0.609261933518232,-0.01688764829030007,0.0,0,0,Akumulasi
2023-05-17,8775.0,0.008620689655172376,0.8483038008188042,-0.019963702359346643,0.15,0,0,Akumulasi
2023-05-19,9000.0,0.02564102564102555,1.4696342475524378,-0.016603878889353982,0.6,0,0,Akumulasi
2023-05-22,9000.0,0.0,1.057387928789687,-0.012552301255230125,0.6,0,0,Akumulasi
2023-05-23,9125.0,0.01388888888888884,1.2017453814043932,-0.005435540069686411,0.85,0,0,Distribusi
2023-05-24,9025.0,-0.010958904109588996,0.9066143171867965,0.0018118466898954704,0.65,0,0,Distribusi
2023-05-25,9050.0,0.0027700831024930483,0.9019594705141725,0.008365867261572783,0.7,0,0,Distribusi
2023-05-26,9150.0,0.011049723756906049,0.7132496911329668,0.01199442119944212,0.9,0,0,Distribusi
2023-05-29,9150.0,0.0,0.9984034012334567,0.015341701534170154,0.8181818181818182,0,0,Distribusi
2023-05-30,9250.0,0.010928961748633892,1.2647393184348643,0.01699637782112009,0.88,0,0,Distribusi
2023-05-31,9050.0,-0.021621621621621623,6.643359130654242,0.01755363611033714,0.56,0,0,Distribusi
2023-06-05,9200.0,0.016574585635359185,1.449848982560562,0.019335095284462374,0.8,0,0,Distribusi
2023-06-06,9150.0,-0.005434782608695676,0.6616473554148151,0.018485059068797775,0.72,0,0,Distribusi
2023-06-07,9100.0,-0.005464480874316946,0.7655003469775593,0.0168078899847201,0.64,0,0,Distribusi
2023-06-08,9125.0,0.0027472527472527375,0.47188048031940144,0.013325930038867296,0.68,0,0,Distribusi
2023-06-09,9100.0,-0.002739726027397249,0.39532344141950243,0.013451671058105671,0.64,0,0,Distribusi
2023-06-12,9150.0,0.005494505494505475,0.3383921594082689,0.0110803324099723,0.72,0,0,Distribusi
2023-06-13,9150.0,0.0,0.4114331607399738,0.009263099682012997,0.72,0,0,Distribusi
2023-06-14,9075.0,-0.008196721311475419,0.6595663568802685,0.00717835450027609,0.6,0,0,Distribusi
2023-06-15,9050.0,-0.0027548209366391463,0.540892539990091,0.00399724328049621,0.56,0,0,Distribusi
2023-06-16,9050.0,0.0,1.003486906415027,0.0009629935341862705,0.5217391304347826,0,0,Distribusi
2023-06-19,9000.0,-0.0055248618784530246,0.29259977496571654,-0.003572410002748008,0.35,0,0,Distribusi
2023-06-20,9050.0,0.005555555555555536,0.5136182133039765,-0.006043956043956044,0.3125,0,0,Distribusi
2023-06-21,9125.0,0.008287292817679592,0.4078081973305359,-0.0056280027453671925,0.4666666666666667,0,0,Distribusi
2023-06-22,9050.0,-0.008219178082191747,0.4738439951527521,-0.005218346608074705,0.26666666666666666,0,0,Distribusi
2023-06-23,9050.0,0.0,0.4760663488941502,-0.005354936152684333,0.26666666666666666,0,0,Distribusi
2023-06-26,9075.0,0.0027624309392264568,0.36967427330208924,-0.003844041735310269,0.3333333333333333,0,0,Distribusi
2023-06-27,9150.0,0.008264462809917328,0.37167214554528183,-0.0016474464579901153,0.5333333333333333,0,0,Distribusi
2023-07-03,9075.0,-0.008196721311475419,1.10010365274748,-0.002334844114819393,0.3333333333333333,0,0,Distribusi
2023-07-04,9050.0,-0.0027548209366391463,0.3656927446623313,-0.001237453595490169,0.26666666666666666,0,0,Distribusi
2023-07-05,9050.0,0.0,0.7202857814554652,-0.001237453595490169,0.26666666666666666,0,0,Distribusi
2023-07-06,9075.0,0.0027624309392264568,0.9317149582636308,-0.000550357732526142,0.5,0,0,Distribusi
2023-07-07,9025.0,-0.0055096418732781816,0.6904008524431945,-0.0026159988985267795,0.3333333333333333,0,0,Distribusi
2023-07-10,9050.0,0.0027700831024930483,0.5617070514038073,-0.0028921636138272964,0.4444444444444444,0,0,Distribusi
2023-07-11,9025.0,-0.002762430939226568,0.8549004810239518,-0.0028937577511368336,0.3333333333333333,0,0,Distribusi
2023-07-12,9175.0,0.016620498614958512,1.1847033916732381,-0.0005509641873278236,1.0,0,0,Distribusi
2023-07-13,9125.0,-0.00544959128065392,1.2232638584806572,0.0006888001102080177,0.6363636363636364,0,0,Distribusi
2023-07-14,9200.0,0.008219178082191858,1.032124526373569,0.004269384382316485,0.9090909090909091,0,0,Distribusi
2023-07-17,9175.0,-0.0027173913043477826,1.1726303086862333,0.006469373709566414,0.75,0,0,Distribusi
2023-07-18,9150.0,-0.0027247956403270157,0.9979318095831782,0.008666941807676434,0.6666666666666666,0,0,Distribusi
2023-07-20,9150.0,0.0,1.618715816251983,0.0075622164168843665,0.6666666666666666,0,0,Distribusi
2023-07-21,9150.0,0.0,0.8191718757094568,0.007281219947795027,0.6666666666666666,0,0,Distribusi
2023-07-24,9100.0,-0.005464480874316946,1.1834692790206571,0.004807032001098751,0.4,0,0,Distribusi
2023-07-25,9150.0,0.005494505494505475,2.1755637828324863,0.004119747322164241,0.45454545454545453,0,0,Distribusi
2023-07-26,9350.0,0.021857923497267784,1.9065417212080784,0.006854949273375377,1.0,1,0,Distribusi
2023-07-27,9225.0,-0.013368983957219305,1.2714716324928845,0.007533214628133132,0.5333333333333333,0,0,Distribusi
2023-07-28,9125.0,-0.010840108401083959,1.180209658907494,0.006709571409009996,0.26666666666666666,0,0,Distribusi
2023-07-31,9125.0,0.0,1.2371727356612654,0.007395234182415777,0.26666666666666666,0,0,Akumulasi
2023-08-01,9125.0,0.0,0.7972480135054868,0.0065717415115005475,0.26666666666666666,0,0,Akumulasi
2023-08-02,9200.0,0.008219178082191858,0.9519648694080411,0.0024623803009575923,0.4666666666666667,0,0,Akumulasi
2023-08-03,9250.0,0.005434782608695565,0.9985706129050783,0.0019130910084722602,0.6,0,0,Akumulasi
2023-08-04,9150.0,-0.010810810810810811,0.8142097145808982,0.002048900423439421,0.3333333333333333,0,0,Akumulasi
2023-08-07,9275.0,0.013661202185792254,0.8474864902030914,0.003955804119492565,0.6666666666666666,0,0,Akumulasi
2023-08-08,9200.0,-0.008086253369272267,0.6540734596454211,0.004770342101676434,0.4666666666666667,0,0,Akumulasi
2023-08-09,9400.0,0.021739130434782705,1.13351495431036,0.007072905331882481,1.0,0,0,Akumulasi
2023-08-10,9400.0,0.0,1.1163694893348723,0.00910202418149708,0.9230769230769231,0,0,Akumulasi
2023-08-11,9400.0,0.0,0.9996551917508925,0.013022246337493217,0.8571428571428571,0,0,Akumulasi
2023-08-14,9350.0,-0.005319148936170248,1.0797488136699094,0.013824884792626729,0.7142857142857143,0,0,Akumulasi
2023-08-15,9300.0,-0.005347593582887722,0.8501458418061877,0.015305431396451307,0.5714285714285714,0,0,Akumulasi
2023-08-16,9300.0,0.0,0.7658040957335368,0.01231560427662742,0.5714285714285714,0,0,Akumulasi
2023-08-18,9250.0,-0.005376344086021501,1.1401848136861443,0.008521574462329231,0.42857142857142855,0,0,Akumulasi
2023-08-21,9175.0,-0.008108108108108136,1.0344803101374023,0.0035163646199621317,0.21428571428571427,0,0,Akumulasi
2023-08-22,9300.0,0.013623978201634968,0.9209504423541328,0.0013509862199405566,0.5714285714285714,0,0,Akumulasi
2023-08-23,9300.0,0.0,0.9327201599572542,0.0005399568034557236,0.5714285714285714,0,0,Akumulasi
2023-08-24,9200.0,-0.010752688172043001,0.8222372068308593,-0.0008105917319643339,0.2857142857142857,0,0,Akumulasi
2023-08-25,9275.0,0.008152173913043459,0.7875699670067604,-0.0005402485143165856,0.5,0,0,Akumulasi
2023-08-28,9200.0,-0.008086253369272267,0.7111872660576103,-0.0004050222762251924,0.2857142857142857,0,0,Akumulasi
2023-08-29,9250.0,0.005434782608695565,0.7485172509017765,-0.0021586616297895305,0.42857142857142855,0,0,Akumulasi
2023-08-30,9200.0,-0.00540540540540535,0.9215297587390611,-0.004720161834120027,0.23076923076923078,0,0,Akumulasi
2023-08-31,9175.0,-0.0027173913043477826,2.100785607493527,-0.005125438359859725,0.21428571428571427,0,0,Akumulasi
2023-09-01,9225.0,0.005449591280654031,0.662085558435753,-0.006070416835289356,0.35714285714285715,0,0,Akumulasi
2023-09-04,9225.0,0.0,0.6439658704716913,-0.005933117583603021,0.35714285714285715,0,0,Akumulasi
2023-09-05,9225.0,0.0,0.6733630764532832,-0.006204478014567035,0.35714285714285715,0,0,Akumulasi
2023-09-06,9150.0,-0.008130081300813052,0.7868104466355065,-0.007015650296815974,0.14285714285714285,0,0,Akumulasi
2023-09-07,9175.0,0.002732240437158362,0.9920249723561078,-0.005808456031338646,0.21428571428571427,0,0,Akumulasi
2023-09-08,9125.0,-0.00544959128065392,1.3000672882001845,-0.006493506493506494,0.1875,0,0,Akumulasi
2023-09-11,9125.0,0.0,0.8669820402137155,-0.007180598834846227,0.23076923076923078,0,0,Akumulasi
2023-09-12,9100.0,-0.002739726027397249,1.0923158825249832,-0.008547008547008548,0.15384615384615385,0,0,Akumulasi
2023-09-13,9075.0,-0.0027472527472527375,1.132316847380863,-0.008964955175224124,0.21428571428571427,0,0,Akumulasi
2023-09-14,9100.0,0.0027548209366390353,1.7526457267506654,-0.009518629317378298,0.2857142857142857,0,0,Akumulasi
2023-09-15,9000.0,-0.01098901098901095,1.8218301092869518,-0.010893246187363835,0.0,0,0,Akumulasi
2023-09-18,9000.0,0.0,0.5317262072838866,-0.012675480441597383,0.0,0,0,Akumulasi
2023-09-19,9075.0,0.008333333333333304,0.5303475654567659,-0.012008733624454149,0.2857142857142857,0,0,Akumulasi
2023-09-20,9150.0,0.008264462809917328,0.870762647488525,-0.009560229445506692,0.5,0,0,Akumulasi
2023-09-21,9125.0,-0.002732240437158473,0.6580348244597671,-0.008607733296898483,0.46153846153846156,0,0,Akumulasi
2023-09-22,9075.0,-0.005479452054794498,0.6922745269484039,-0.00588154835179866,0.3076923076923077,0,0,Akumulasi
2023-09-25,9000.0,-0.008264462809917328,0.906846023321815,-0.004792551006435711,0.07692307692307693,0,0,Akumulasi
2023-09-26,8950.0,-0.005555555555555536,1.1617687201204092,-0.005897682073789603,0.0,0,1,Akumulasi
2023-09-27,8875.0,-0.008379888268156388,1.303431093627289,-0.010167628469359714,0.0,0,1,Akumulasi
2023-09-29,8825.0,-0.005633802816901401,1.863040232335024,-0.01486784140969163,0.0,0,1,Akumulasi
2023-10-02,9075.0,0.028328611898017053,1.4099899086433783,-0.014053458252962248,0.5555555555555556,0,0,Akumulasi
2023-10-03,9200.0,0.01377410468319562,1.4192874248114973,-0.009508061182306739,0.8823529411764706,0,0,Distribusi
2023-10-04,9200.0,0.0,1.5455033224818124,-0.003858875413450937,0.8823529411764706,0,0,Distribusi
2023-10-05,9075.0,-0.013586956521739135,0.9842404163288179,0.0009651178822556183,0.5882352941176471,0,0,Distribusi
2023-10-06,9025.0,-0.0055096418732781816,0.724598820797069,0.00620946598592521,0.47058823529411764,0,0,Distribusi
2023-10-09,9050.0,0.0027700831024930483,0.6099162437145863,0.006073992269464384,0.5294117647058824,0,0,Distribusi
2023-10-10,8925.0,-0.013812154696132617,0.9897438986552947,0.001105583195135434,0.23529411764705882,0,0,Distribusi
2023-10-11,8925.0,0.0,1.1454097499591729,-0.004011619864434915,0.23529411764705882,0,0,Distribusi
2023-10-12,9050.0,0.014005602240896309,0.9644770944069775,-0.004427227448810182,0.5294117647058824,0,0,Distribusi
2023-10-13,9075.0,0.0027624309392264568,0.8841246847042236,-0.0031825100318251002,0.5882352941176471,0,0,Distribusi
2023-10-16,9100.0,0.0027548209366390353,0.44179838598841037,-0.002627575715668649,0.6470588235294118,0,0,Distribusi
2023-10-17,8950.0,-0.016483516483516536,0.8781216864279403,-0.001798312353022548,0.29411764705882354,0,0,Distribusi
2023-10-18,8850.0,-0.011173184357541888,0.7405497883211631,-0.00221606648199446,0.058823529411764705,0,0,Distribusi
2023-10-19,8750.0,-0.011299435028248594,1.2693016640726795,-0.006662965019433648,0.0,0,1,Akumulasi
2023-10-20,8975.0,0.0257142857142858,0.9001379464592604,-0.008057793831619895,0.47619047619047616,0,0,Akumulasi
2023-10-23,8850.0,-0.013927576601671321,0.7020180340860753,-0.012380025038252886,0.23809523809523808,0,0,Akumulasi
2023-10-24,8775.0,-0.008474576271186418,1.051881314561896,-0.015041782729805013,0.09523809523809523,0,0,Akumulasi
2023-10-25,8875.0,0.01139601139601143,0.7580006887970109,-0.014072732339417584,0.2857142857142857,0,0,Akumulasi
2023-10-26,8725.0,-0.016901408450704203,0.8880049970426483,-0.013805605912703946,0.0,0,0,Akumulasi
2023-10-27,8700.0,-0.002865329512893977,0.7731002438955007,-0.019257605358638012,0.0,0,1,Akumulasi
2023-10-30,8850.0,0.01724137931034475,0.7901259424699651,-0.018024311862512226,0.2727272727272727,0,0,Akumulasi
2023-10-31,8750.0,-0.011299435028248594,1.0128240657518925,-0.01610869869729654,0.09090909090909091,0,0,Akumulasi
2023-11-01,8600.0,-0.017142857142857126,1.0844486150660109,-0.018973998594518624,0.0,0,1,Akumulasi
2023-11-02,8850.0,0.029069767441860517,0.9193531138424637,-0.014916971573318323,0.47619047619047616,0,0,Akumulasi
2023-11-03,8900.0,0.005649717514124353,0.9852066767398476,-0.009716941275876637,0.5714285714285714,0,0,Akumulasi
2023-11-06,9050.0,0.016853932584269593,1.3409783783246503,-0.0052105337276439935,0.8571428571428571,0,0,Distribusi
2023-11-07,8975.0,-0.008287292817679592,0.9654845351929557,-0.00042235675066873153,0.7142857142857143,0,0,Distribusi
2023-11-08,9000.0,0.0027855153203342198,0.528791705147368,0.008162116521249648,0.7619047619047619,0,0,Distribusi
2023-11-09,9000.0,0.0,0.781716273102249,0.011824324324324325,0.7619047619047619,0,0,Distribusi
2023-11-10,8825.0,-0.019444444444444486,0.8700724186069595,0.011559063997744572,0.42857142857142855,0,0,Distribusi
2023-11-13,8875.0,0.0056657223796034994,0.3596955565353434,0.008892025405786874,0.5789473684210527,0,0,Distribusi
2023-11-14,8925.0,0.005633802816901401,0.6550479081171492,0.007905138339920948,0.7222222222222222,0,0,Distribusi
2023-11-15,9050.0,0.014005602240896309,1.452958659756992,0.007896221094190638,1.0,0,0,Distribusi
2023-11-16,9075.0,0.0027624309392264568,0.8630196395373022,0.007741027445460943,1.0,1,0,Distribusi
2023-11-17,9075.0,0.0,1.0174663828843145,0.012800675200450133,1.0,0,0,Distribusi
2023-11-20,8875.0,-0.02203856749311295,0.8788529839992721,0.012658227848101266,0.5789473684210527,0,0,Distribusi
2023-11-21,8775.0,-0.011267605633802802,1.870493280838102,0.009282700421940928,0.3684210526315789,0,0,Distribusi
2023-11-22,8875.0,0.01139601139601143,0.7104769600764183,0.005344585091420534,0.5789473684210527,0,0,Distribusi
2023-11-23,8925.0,0.005633802816901401,0.9842515080417077,0.0008429334082607474,0.6842105263157895,0,0,Distribusi
2023-11-24,8925.0,0.0,0.7792821771656511,-0.0037884102708011787,0.6842105263157895,0,0,Distribusi
2023-11-27,8875.0,-0.0056022408963585235,0.6466410153708413,-0.003928170594837262,0.5789473684210527,0,0,Distribusi
2023-11-28,8875.0,0.0,1.2471207865802518,-0.0023832889387354547,0.5789473684210527,0,0,Distribusi
2023-11-29,8900.0,0.0028169014084507005,0.9990350283785646,-0.0034989503149055285,0.5,0,0,Distribusi
2023-11-30,8975.0,0.008426966292134797,3.2991662905174564,-0.003076923076923077,0.6666666666666666,0,0,Distribusi
2023-12-01,8950.0,-0.0027855153203342198,1.27399612186285,-0.002796420581655481,0.5833333333333334,0,0,Distribusi
2023-12-04,8925.0,-0.0027932960893854997,0.8869310138216335,-0.0009794319294809011,0.5,0,0,Distribusi
2023-12-05,8900.0,-0.0028011204481792618,1.488094552862311,0.0,0.4166666666666667,0,0,Distribusi
2023-12-06,8800.0,-0.011235955056179803,1.2418168623251493,-0.0011210762331838565,0.08333333333333333,0,0,Akumulasi
2023-12-07,8825.0,0.0028409090909091717,1.3395103821680434,-0.0035068031982045168,0.2857142857142857,0,0,Akumulasi
2023-12-08,8750.0,-0.008498583569405138,0.6470549385489751,-0.007577883805781645,0.07142857142857142,0,0,Akumulasi
2023-12-11,8750.0,0.0,1.1119733876800875,-0.01081308804943126,0.1875,0,0,Akumulasi
2023-12-12,8700.0,-0.005714285714285672,1.1958674999895895,-0.0140607424071991,0.0625,0,0,Akumulasi
2023-12-13,8675.0,-0.002873563218390829,0.7203959568518303,-0.014794983795970128,0.0,0,0,Akumulasi
2023-12-14,9050.0,0.043227665706051965,1.539754486346876,-0.009582863585118376,0.9375,0,0,Distribusi
2023-12-15,9225.0,0.01933701657458564,3.205228765178053,0.000281610813855252,1.0,1,0,Distribusi
2023-12-18,9200.0,-0.0027100271002710175,1.2562331089116126,0.008573436401967675,0.9545454545454546,0,0,Distribusi
2023-12-19,9250.0,0.005434782608695565,0.7508209701326484,0.01822259601906364,1.0,1,0,Distribusi
2023-12-20,9300.0,0.00540540540540535,0.8247839211117843,0.029786043909942665,1.0,1,0,Distribusi
2023-12-21,9325.0,0.0026881720430107503,0.9784035857191696,0.03362634296079252,1.0,1,0,Distribusi
2023-12-22,9325.0,0.0,0.7074397825879712,0.03355144090213003,0.9629629629629629,0,0,Distribusi
2023-12-27,9375.0,0.00536193029490617,0.6966002851897973,0.03456892961266139,0.9655172413793104,1,0,Distribusi
2023-12-28,9400.0,0.002666666666666595,0.7579528536274922,0.03488372093023256,0.9666666666666667,0,0,Distribusi
2023-12-29,9400.0,0.0,0.8513315526806373,0.034235229155162895,0.9354838709677419,0,0,Distribusi
2024-01-02,9425.0,0.0026595744680850686,0.35885448102574496,0.033874965574221975,0.967741935483871,0,0,Distribusi
2024-01-03,9350.0,-0.007957559681697646,0.41781095905396337,0.03215169002473207,0.8709677419354839,0,0,Distribusi
2024-01-04,9475.0,0.013368983957219305,0.6814984140891268,0.03123287671232877,1.0,1,0,Distribusi
2024-01-05,9575.0,0.01055408970976246,1.034389875628377,0.03125426504708612,0.972972972972973,1,0,Distribusi
2024-01-08,9575.0,0.0,0.6290705857836673,0.03071486817069856,0.9473684210526315,0,0,Distribusi
2024-01-09,9625.0,0.005221932114882533,0.7543976202074384,0.030581867388362653,1.0,0,0,Distribusi
2024-01-10,9550.0,-0.007792207792207795,0.6615291876255764,0.03045001347345729,0.8974358974358975,0,0,Distribusi
2024-01-11,9575.0,0.002617801047120505,0.5060974516624983,0.028034875922199866,0.9230769230769231,0,0,Distribusi
2024-01-12,9700.0,0.01305483028720622,0.8881694821429571,0.025216811207471646,1.0,1,0,Distribusi
2024-01-15,9725.0,0.002577319587628857,1.1234003844491025,0.022688072177258857,0.975,1,0,Distribusi
2024-01-16,9700.0,-0.0025706940874036244,0.5969344666820282,0.02075895808541584,0.9259259259259259,0,0,Distribusi
2024-01-17,9750.0,0.005154639175257714,1.612350594687149,0.022151898734177215,1.0,0,0,Distribusi
2024-01-18,9675.0,-0.007692307692307665,1.0969837420786859,0.021701959752729184,0.88,0,0,Distribusi
2024-01-19,9625.0,-0.0051679586563307955,0.9769420098363005,0.018114990811236544,0.7272727272727273,0,0,Distribusi
2024-01-22,9625.0,0.0,0.8304254288306686,0.014283842222513433,0.7142857142857143,0,0,Distribusi
2024-01-23,9600.0,-0.0025974025974025983,1.4457545755655787,0.010730175346767862,0.65,0,0,Distribusi
2024-01-24,9525.0,-0.0078125,1.3082884928210239,0.0049673202614379085,0.4444444444444444,0,0,Distribusi
2024-01-25,9500.0,-0.002624671916010457,0.9749640361447734,0.0006531678641410843,0.3888888888888889,0,0,Distribusi
2024-01-26,9350.0,-0.015789473684210575,1.2099060345168977,-0.004834705344309421,0.10526315789473684,0,0,Akumulasi
2024-01-29,9550.0,0.021390374331550888,1.1308601668882754,-0.007181094137615877,0.5263157894736842,0,0,Akumulasi
2024-01-30,9650.0,0.010471204188481575,1.0902440491456837,-0.007303077725612937,0.7368421052631579,0,0,Akumulasi
2024-01-31,9550.0,-0.010362694300518172,1.455434611271697,-0.007816571130797291,0.5263157894736842,0,0,Akumulasi
2024-02-01,9700.0,0.015706806282722585,1.430125241476455,-0.0048145738451528955,0.8421052631578947,0,0,Distribusi
2024-02-02,9700.0,0.0,1.3500881423075872,0.0018205461638491547,0.8,0,0,Distribusi
2024-02-05,9575.0,-0.012886597938144284,0.7843753954711866,0.0023407022106631988,0.55,0,0,Distribusi
2024-02-06,9625.0,0.005221932114882533,1.1638227469714233,0.0018205461638491547,0.65,0,0,Distribusi
2024-02-07,9700.0,0.007792207792207684,1.2021619476850978,0.004158004158004158,0.8,0,0,Distribusi
2024-02-12,9800.0,0.010309278350515427,1.102809091472212,0.0050616482803374436,1.0,0,0,Distribusi
2024-02-13,9725.0,-0.007653061224489832,0.8296249345031955,0.005450298468725669,0.85,0,0,Distribusi
2024-02-15,9850.0,0.01285347043701801,1.9740156695354687,0.010504474127869277,0.8148148148148148,1,0,Markup
2024-02-16,9950.0,0.010152284263959421,1.610761383896326,0.01593057894055174,0.9285714285714286,0,0,Markup
2024-02-19,9875.0,-0.007537688442211032,0.6230665433802136,0.018897230132021745,0.8214285714285714,0,0,Markup
2024-02-20,10025.0,0.0151898734177216,0.7506325479401668,0.021705426356589147,1.0,1,0,Markup
2024-02-21,9975.0,-0.004987531172069848,0.8777600393347402,0.025019344854268766,0.9310344827586207,0,0,Markup
2024-02-22,9875.0,-0.010025062656641603,0.7729320720084879,0.024214322514167955,0.7931034482758621,0,0,Markup
2024-02-23,9825.0,-0.005063291139240533,0.6515245943236145,0.02045542261675029,0.7241379310344828,0,0,Markup
2024-02-26,9800.0,-0.0025445292620864812,0.501072059883418,0.017471736896197326,0.6896551724137931,0,0,Markup
2024-02-27,9875.0,0.007653061224489832,0.5362329804162985,0.012437491986152072,0.7931034482758621,0,0,Markup
2024-02-28,10000.0,0.012658227848101333,0.6728936052378102,0.009584664536741214,0.9615384615384616,0,0,Markup
2024-02-29,9875.0,-0.012499999999999956,1.5266115017221973,0.007910181168665476,0.7272727272727273,0,0,Distribusi
2024-03-01,9825.0,-0.005063291139240533,0.6291085579380621,0.007010834926704908,0.6,0,0,Distribusi
2024-03-04,9750.0,-0.007633587786259555,0.5550244979225638,0.0049662549344199666,0.45,0,0,Distribusi
2024-03-05,9800.0,0.00512820512820511,0.8062174872554954,0.0029273259513809343,0.55,0,0,Distribusi
2024-03-06,9950.0,0.015306122448979664,0.9317200208012183,0.0006355662895640015,0.85,0,0,Distribusi
2024-03-07,10125.0,0.017587939698492372,1.5096369854448681,0.0029154518950437317,0.9090909090909091,1,0,Distribusi
2024-03-08,10150.0,0.0024691358024691024,1.2766180507670513,0.006826801517067004,0.7692307692307693,0,0,Distribusi
2024-03-13,10000.0,-0.014778325123152691,1.73754327522244,0.010350921484473618,0.42857142857142855,0,0,Distribusi
2024-03-14,10325.0,0.03249999999999997,1.3392520554888672,0.01825506735490369,0.8928571428571429,0,0,Distribusi
2024-03-15,10150.0,-0.016949152542372836,1.7711458183094995,0.020100502512562814,0.6296296296296297,0,0,Distribusi
2024-03-18,10150.0,0.0,0.7621273453877999,0.019066733567486203,0.6296296296296297,0,0,Distribusi
2024-03-19,10175.0,0.0024630541871921707,0.7090959074878184,0.0184187445182308,0.6666666666666666,0,0,Distribusi
2024-03-20,10125.0,-0.004914004914004955,0.8472571953742131,0.019647102990864723,0.5925925925925926,0,0,Distribusi
2024-03-21,10125.0,0.0,1.1351497274704665,0.015134459036898062,0.5925925925925926,0,0,Distribusi
2024-03-22,10100.0,-0.0024691358024691024,1.1444430645542234,0.0135,0.5555555555555556,0,0,Distribusi
2024-03-25,10075.0,-0.0024752475247524774,0.8333503393826754,0.01098901098901099,0.5185185185185185,0,0,Distribusi
2024-03-26,10050.0,-0.002481389578163795,0.8127311441508754,0.007359361357116128,0.48148148148148145,0,0,Distribusi
2024-03-27,10075.0,0.0024875621890547706,0.48904203437704075,0.004982561036372696,0.5,0,0,Distribusi
2024-03-28,10075.0,0.0,0.9595030765251107,0.0029865604778496766,0.5,0,0,Distribusi
2024-04-01,9850.0,-0.022332506203473934,0.9453054585516418,-0.0012453300124533001,0.15384615384615385,0,0,Distribusi
2024-04-02,9900.0,0.0050761421319796,0.9437480171611113,-0.004856182293612252,0.23076923076923078,0,0,Distribusi
2024-04-03,9525.0,-0.037878787878787845,2.024551242964373,-0.013842124953236064,0.0,0,1,Markdown
2024-04-04,9850.0,0.034120734908136496,0.8515443545484062,-0.018820889941418423,0.37142857142857144,0,0,Markdown
2024-04-05,9825.0,-0.0025380710659898,0.7854570127995346,-0.023928215353938187,0.34285714285714286,0,0,Markdown
2024-04-16,9475.0,-0.03562340966921118,2.8237093942603617,-0.02910680824484697,0.1956521739130435,0,1,Markdown
2024-04-17,9525.0,0.005277044854881341,0.9641174389691258,-0.03370504949254479,0.2391304347826087,0,0,Markdown
2024-04-18,9475.0,-0.005249343832021025,1.2651552254227596,-0.03143072667840081,0.1956521739130435,0,0,Markdown
2024-04-19,9475.0,0.0,1.4661585956875278,-0.036430102105130466,0.20930232558139536,0,0,Markdown
2024-04-22,9350.0,-0.01319261213720313,1.2674287055376068,-0.04129718773752217,0.09523809523809523,0,0,Markdown
2024-04-23,9725.0,0.04010695187165769,1.7372362320412464,-0.03415005712834836,0.4634146341463415,0,0,Markdown
2024-04-24,9950.0,0.023136246786632286,1.2477178747709539,-0.024526623459143474,0.7,0,0,Markdown
2024-04-25,9775.0,-0.017587939698492483,0.9625540101835647,-0.01642684324461989,0.5384615384615384,0,0,Markdown
2024-04-26,9625.0,-0.01534526854219953,0.911875497742963,-0.010851525596833908,0.38461538461538464,0,0,Markdown
2024-04-29,9800.0,0.018181818181818077,0.8137555668507515,0.0,0.6285714285714286,0,0,Markdown
2024-04-30,9800.0,0.0,0.9826451173703049,0.0030737704918032786,0.6470588235294118,0,0,Markdown
2024-05-02,9550.0,-0.025510204081632626,0.8586195235525488,-0.0024399640426351612,0.35294117647058826,0,0,Markdown
2024-05-03,9850.0,0.03141361256544495,0.7133016038665676,0.0001285512276642242,0.7058823529411765,0,0,Markdown
2024-05-06,9800.0,-0.005076142131979711,0.46348483552511077,0.005149330587023687,0.6470588235294118,0,0,Markdown
2024-05-07,9700.0,-0.010204081632653073,0.586056747412622,0.005030310847413904,0.5294117647058824,0,0,Markdown
2024-05-08,9375.0,-0.03350515463917525,0.9761141728123983,-0.0012929919834497026,0.15625,0,0,Markdown
2024-05-13,9525.0,0.016000000000000014,1.2223877525519788,0.00012955045990413266,0.38235294117647056,0,0,Markdown
2024-05-14,9550.0,0.002624671916010568,0.8299553449760411,-0.0062176165803108805,0.4117647058823529,0,0,Markdown
2024-05-15,9500.0,-0.005235602094240788,0.4808696041356864,-0.010641058915131067,0.35294117647058826,0,0,Markdown
2024-05-16,9600.0,0.010526315789473717,0.5391523851689257,-0.01156294660257243,0.47058823529411764,0,0,Markdown
2024-05-17,9750.0,0.015625,0.9582078355707926,-0.005189413596263622,0.6470588235294118,0,0,Markdown
2024-05-20,9475.0,-0.028205128205128216,0.846587964931128,-0.005969374513366208,0.3235294117647059,0,0,Markdown
2024-05-21,9375.0,-0.01055408970976257,0.743994671315024,-0.009088548428979486,0.20588235294117646,0,0,Markdown
2024-05-22,9425.0,0.005333333333333412,1.218075332550157,-0.01038961038961039,0.2647058823529412,0,0,Markdown
2024-05-27,9300.0,-0.01326259946949604,1.2869990261813968,-0.01636788776305534,0.11764705882352941,0,0,Markdown
2024-05-28,9300.0,0.0,0.7811607921526119,-0.02356464002083062,0.11764705882352941,0,0,Markdown
2024-05-29,9150.0,-0.016129032258064502,1.249920516364043,-0.026277944829389464,0.0,0,1,Markdown
2024-05-30,9000.0,-0.016393442622950838,2.092086509702594,-0.030191651352060908,0.17647058823529413,0,1,Markdown
2024-05-31,9250.0,0.02777777777777768,5.740360397463131,-0.031961067999473895,0.37254901960784315,0,0,Markdown
2024-06-03,9275.0,0.002702702702702675,0.5516288104429564,-0.02980743867053548,0.39215686274509803,0,0,Markdown
2024-06-04,9350.0,0.008086253369272267,0.5833753008207563,-0.026441036488630356,0.5111111111111111,0,0,Markdown
2024-06-05,9450.0,0.010695187165775444,0.6392203513460298,-0.019576719576719578,0.6136363636363636,0,0,Markdown
2024-06-06,9475.0,0.002645502645502562,0.35536077317445686,-0.0075546719681908545,0.6363636363636364,0,0,Markdown
2024-06-07,9325.0,-0.0158311345646438,0.4077953384228391,-0.0034546904065904864,0.5116279069767442,0,0,Markdown
2024-06-10,9525.0,0.02144772117962468,0.3632957247857181,0.002792924591036042,0.6976744186046512,0,0,Markdown
2024-06-11,9300.0,-0.023622047244094446,0.5572413596170311,0.0021287919105907396,0.4883720930232558,0,0,Markdown
2024-06-12,9250.0,-0.005376344086021501,0.4201844185722362,-0.0006662225183211193,0.4418604651162791,0,0,Markdown
2024-06-13,9200.0,-0.00540540540540535,0.7176969115417671,-0.004672273394740355,0.3953488372093023,0,0,Markdown
2024-06-14,9200.0,0.0,0.4495621617177579,-0.005749431742211526,0.3953488372093023,0,0,Markdown
2024-06-19,9050.0,-0.016304347826086918,0.8350926722414631,-0.013007912028966073,0.2558139534883721,0,0,Markdown
2024-06-20,9425.0,0.04143646408839774,0.6852981012002104,-0.008597528210639442,0.6341463414634146,0,0,Markdown
2024-06-21,9600.0,0.018567639257294433,1.3582310169571692,-0.0017452006980802793,0.9166666666666666,0,0,Distribusi
2024-06-24,9600.0,0.0,0.646822754841634,0.0056315366049879325,0.8461538461538461,0,0,Distribusi
2024-06-25,9600.0,0.0,0.6615771790304115,0.013261888814467515,0.8461538461538461,0,0,Distribusi
2024-06-26,9500.0,-0.01041666666666663,0.6578632902072447,0.021811856014987287,0.7435897435897436,0,0,Distribusi
2024-06-27,9750.0,0.026315789473684292,0.7479463622217482,0.02629822453611,1.0,0,0,Distribusi
2024-06-28,9925.0,0.017948717948717885,1.3661551883787406,0.028981653815474608,0.9583333333333334,1,0,Markup
2024-07-01,9875.0,-0.005037783375314908,0.5983263067612923,0.030038375016540955,0.8947368421052632,0,0,Markup
2024-07-02,9900.0,0.0025316455696202667,0.9754635024346227,0.032836608202558355,0.8947368421052632,0,0,Markup
2024-07-03,10000.0,0.010101010101010166,0.6981219948195934,0.0394114555964267,1.0,0,0,Markup
2024-07-04,9825.0,-0.01749999999999996,0.8423869346733668,0.038396016249508585,0.8157894736842105,0,0,Markup
2024-07-05,9950.0,0.012722646310432628,0.47770204871857797,0.03620441772317344,0.9473684210526315,0,0,Markup
2024-07-08,10050.0,0.01005025125628145,0.925894092979434,0.03674745895230649,1.0,1,0,Markup
2024-07-09,10075.0,0.0024875621890547706,0.7804695609590585,0.036344755970924195,0.9318181818181818,1,0,Markup
2024-07-10,10100.0,0.002481389578163684,0.7782145524956353,0.03533065872913162,0.8936170212765957,0,0,Markup
2024-07-11,10075.0,-0.0024752475247524774,0.7036999743232153,0.03634957463263728,0.8723404255319149,0,0,Markup
2024-07-12,10075.0,0.0,0.7821793971550802,0.034527018354511614,0.8723404255319149,0,0,Markup
2024-07-15,10050.0,-0.002481389578163795,0.4721434514174626,0.030031948881789138,0.851063829787234,0,0,Markup
2024-07-16,9950.0,-0.00995024875621886,0.4836245359153897,0.023551877784850413,0.7659574468085106,0,0,Markup
2024-07-17,9800.0,-0.015075376884422065,1.1861869778476646,0.01357006975269499,0.6222222222222222,0,0,Markup
2024-07-18,10100.0,0.030612244897959107,0.8645112240142007,0.010616784630940344,0.8484848484848485,0,0,Markup
2024-07-19,10125.0,0.0024752475247524774,0.7699142946410448,0.008949955880499181,0.8709677419354839,0,0,Markup
2024-07-22,10100.0,-0.0024691358024691024,0.46302732308614925,0.0074185841820696595,0.8387096774193549,0,0,Markup
2024-07-23,10175.0,0.007425742574257432,0.6000339378979196,0.009027081243731194,0.9354838709677419,0,0,Markup
2024-07-24,10075.0,-0.009828009828009798,0.3922142496981805,0.011626453306663334,0.7777777777777778,0,0,Markup
2024-07-25,10300.0,0.022332506203474045,1.5491939818278506,0.012841291609524998,1.0,1,0,Markup
2024-07-26,10325.0,0.0024271844660195274,1.285455219247619,0.014806519845713574,0.875,1,0,Markup
2024-07-29,10250.0,-0.007263922518159771,1.1748798720721314,0.015896671634376552,0.72,0,0,Markup
2024-07-30,10175.0,-0.007317073170731714,0.5688302103029721,0.014510728016867171,0.6,0,0,Markup
2024-07-31,10275.0,0.00982800982800991,1.4275602676557648,0.017091899925687392,0.76,0,0,Markup
2024-08-01,10375.0,0.009732360097323589,1.0637312491159292,0.015810276679841896,0.92,0,0,Markup
2024-08-02,10200.0,-0.016867469879518038,0.9529722736753085,0.012089810017271158,0.64,0,0,Markup
2024-08-05,9875.0,-0.031862745098039214,2.066895135851141,0.005556241511297691,0.12,0,0,Akumulasi
2024-08-06,10000.0,0.012658227848101333,1.2667117292532188,0.0024703557312252965,0.32,0,0,Akumulasi
2024-08-07,10100.0,0.010000000000000009,0.8515311805594543,-0.0009881422924901185,0.48,0,0,Akumulasi
2024-08-08,10225.0,0.012376237623762387,0.8826416492438885,-0.004690199950629474,0.68,0,0,Akumulasi
2024-08-09,10150.0,-0.007334963325183352,0.77680684624746,-0.006045650832819247,0.56,0,0,Akumulasi
2024-08-12,10200.0,0.0049261083743843415,0.6642272999804751,-0.0003698680803846628,0.64,0,0,Akumulasi
2024-08-13,10300.0,0.009803921568627416,0.8952131310228075,0.0038153846153846155,0.8,0,0,Akumulasi
2024-08-14,10200.0,-0.009708737864077666,0.8062213912014066,0.003807886009089792,0.64,0,0,Akumulasi
2024-08-15,10225.0,0.002450980392156854,0.5764340472465136,0.0031917505524183647,0.6363636363636364,0,0,Akumulasi
2024-08-16,10325.0,0.009779951100244544,0.711103988094786,0.00564140299239637,0.8181818181818182,0,0,Akumulasi
2024-08-19,10375.0,0.004842615012106588,0.8762062458081307,0.00771586037966932,0.9090909090909091,0,0,Akumulasi
2024-08-20,10425.0,0.004819277108433662,1.016650868705243,0.00892966360856269,0.9565217391304348,0,0,Akumulasi
2024-08-21,10425.0,0.0,1.3613650681618736,0.01160092807424594,0.88,0,0,Akumulasi
2024-08-22,10325.0,-0.00959232613908878,0.9395735674771013,0.013431013431013432,0.72,0,0,Akumulasi
2024-08-23,10325.0,0.0,0.7933037596207101,0.013431013431013432,0.72,0,0,Akumulasi
2024-08-26,10325.0,0.0,0.6154084832116473,0.012083485902599781,0.72,0,0,Akumulasi
2024-08-27,10200.0,-0.01210653753026636,1.0328529400608213,0.007566512082011228,0.52,0,0,Akumulasi
2024-08-28,10350.0,0.014705882352941124,0.6833639418679303,0.005733805050628278,0.76,0,0,Akumulasi
2024-08-29,10225.0,-0.012077294685990392,0.9479414370787679,0.004517152972774997,0.56,0,0,Akumulasi
2024-08-30,10325.0,0.009779951100244544,2.594622263189943,0.003904343582235237,0.72,0,0,Distribusi
2024-09-02,10275.0,-0.004842615012106588,1.2344023180678287,0.000974184120798831,0.5909090909090909,0,0,Distribusi
2024-09-03,10175.0,-0.009732360097323589,0.8945127781833843,-0.0003650079085046843,0.35,0,0,Distribusi
2024-09-04,10300.0,0.01228501228501222,0.7920564953289486,-0.0023094688221709007,0.5294117647058824,0,0,Distribusi
2024-09-05,10250.0,-0.004854368932038833,0.7043652472505949,-0.0019445794846864365,0.4117647058823529,0,0,Distribusi
2024-09-06,10300.0,0.004878048780487809,0.5728041256977247,-0.003157639057566189,0.5294117647058824,0,0,Distribusi
2024-09-09,10275.0,-0.0024271844660194164,0.6596302052376699,-0.003520699283719801,0.4,0,0,Distribusi
2024-09-10,10350.0,0.007299270072992803,1.0044147826441276,-0.00036412185944896227,0.6,0,0,Distribusi
2024-09-11,10425.0,0.007246376811594235,1.160540860067036,0.0009699321047526673,0.8,0,0,Distribusi
2024-09-12,10475.0,0.004796163069544335,1.2295200466792633,0.004117219665778639,0.9333333333333333,0,0,Distribusi
2024-09-13,10425.0,-0.004773269689737458,1.1870771995577845,0.0060518034374243525,0.8,0,0,Distribusi
2024-09-17,10500.0,0.007194244604316502,1.4724123863769574,0.00979799201645095,1.0,0,0,Distribusi
2024-09-18,10625.0,0.011904761904761862,1.0688390184192815,0.014138972809667675,1.0,1,0,Distribusi
2024-09-19,10900.0,0.025882352941176467,2.201054778903016,0.02097902097902098,1.0,1,0,Markup
2024-09-20,10775.0,-0.011467889908256867,2.0822833352797514,0.024542829643888354,0.8387096774193549,0,0,Markup
2024-09-23,10950.0,0.016241299303944245,1.0426953102797403,0.031546119707328776,1.0,1,0,Markup
2024-09-24,10800.0,-0.013698630136986356,1.4392939419617183,0.034944949736716135,0.8181818181818182,0,0,Markup
2024-09-25,10850.0,0.004629629629629539,2.030861394941822,0.03602958721068957,0.8787878787878788,0,0,Markup
2024-09-26,10700.0,-0.01382488479262678,1.05797097569129,0.03049070986183897,0.696969696969697,0,0,Markup
2024-09-27,10650.0,-0.004672897196261627,1.1302641888691076,0.026031142279805065,0.6363636363636364,0,0,Markup
2024-09-30,10325.0,-0.030516431924882625,1.7727462686676883,0.014144775941994533,0.24242424242424243,0,0,Markup
2024-10-01,10550.0,0.021791767554479424,0.7381542212843106,0.008072174738841406,0.5151515151515151,0,0,Markup
2024-10-02,10500.0,-0.004739336492891044,1.0476649243265952,-0.00011852554225435582,0.45454545454545453,0,0,Markup
2024-10-03,10450.0,-0.004761904761904745,0.7282866961875142,-0.005566741679497809,0.3333333333333333,0,0,Markup
2024-10-04,10475.0,0.0023923444976077235,0.6918094110034076,-0.009938476100331283,0.36666666666666664,0,0,Markup
2024-10-07,10300.0,-0.01670644391408116,1.0489868173700978,-0.010411736867013724,0.13333333333333333,0,0,Markup
2024-10-08,10400.0,0.009708737864077666,1.097777418057935,-0.013834693153600568,0.3125,0,0,Markup
2024-10-09,10425.0,0.0024038461538462563,0.6256851577896785,-0.015602836879432624,0.34375,0,0,Markup
2024-10-10,10500.0,0.007194244604316502,0.5665504007196122,-0.01500649887746662,0.4375,0,0,Markup
2024-10-11,10375.0,-0.011904761904761862,0.5023120969305312,-0.016432202387989123,0.28125,0,0,Markup
2024-10-14,10500.0,0.012048192771084265,0.3650741798121407,-0.012999290947766485,0.4375,0,0,Markup
2024-10-15,10625.0,0.011904761904761862,0.7767978120328634,-0.00933034132514468,0.59375,0,0,Markup
2024-10-16,10475.0,-0.014117647058823568,0.7383351447605943,-0.007682307055903557,0.40625,0,0,Markup
2024-10-17,10725.0,0.023866348448687402,0.8172004474802885,-0.0026023184291459663,0.71875,0,0,Markup
2024-10-18,10750.0,0.002331002331002363,0.7247232001120433,0.004613746598840648,0.75,0,0,Markup
2024-10-21,10675.0,-0.006976744186046546,0.4806588911220138,0.00923951670220327,0.65625,0,0,Markup
2024-10-22,10500.0,-0.016393442622950838,1.2579445489014258,0.00830367734282325,0.4827586206896552,0,0,Markup
2024-10-23,10650.0,0.014285714285714235,0.6997405681401765,0.012586084065542626,0.6896551724137931,0,0,Markup
2024-10-24,10700.0,0.0046948356807512415,1.2207926357513694,0.012111137497031584,0.7586206896551724,0,0,Markup
2024-10-25,10750.0,0.004672897196261738,0.5201322021648903,0.011630666983147402,0.8275862068965517,0,0,Markup
2024-10-28,10600.0,-0.013953488372092981,0.6329248267787243,0.008889415669076686,0.6206896551724138,0,0,Markup
2024-10-29,10500.0,-0.009433962264150941,0.811633985176927,0.009128630705394191,0.4827586206896552,0,0,Markup
2024-10-30,10350.0,-0.014285714285714235,1.8289107882781688,0.0041523312373947085,0.27586206896551724,0,0,Akumulasi
2024-10-31,10250.0,-0.009661835748792313,1.514094439726591,-0.0034437715235720225,0.13793103448275862,0,0,Akumulasi
2024-11-01,10425.0,0.017073170731707332,0.7467443410169011,-0.009383537237201568,0.3793103448275862,0,0,Akumulasi
2024-11-04,10375.0,-0.004796163069544335,0.797844078627854,-0.014010923771075753,0.3103448275862069,0,0,Akumulasi
2024-11-05,10500.0,0.012048192771084265,0.8482454895454901,-0.014478993591265131,0.4,0,0,Akumulasi
2024-11-06,10450.0,-0.004761904761904745,0.8534094815211255,-0.012697282544203157,0.32,0,0,Akumulasi
2024-11-07,10175.0,-0.02631578947368418,2.088749937791877,-0.012598050867601617,0.0,0,1,Markdown
2024-11-08,10075.0,-0.009828009828009798,1.4098952461787844,-0.017852892168531302,0.030303030303030304,0,1,Markdown
2024-11-11,10050.0,-0.002481389578163795,1.832936754527795,-0.02194656488549618,0.23255813953488372,0,0,Markdown
2024-11-12,10150.0,0.00995024875621886,1.1335843681467848,-0.026419605499103407,0.32558139534883723,0,0,Markdown
2024-11-13,10150.0,0.0,0.8877525801815649,-0.03065134099616858,0.32558139534883723,0,0,Markdown
2024-11-14,10100.0,-0.0049261083743842304,0.8013301351987177,-0.029182178455626276,0.27906976744186046,0,0,Markdown
2024-11-15,10175.0,0.007425742574257432,0.8992361154756482,-0.024566473988439308,0.35714285714285715,0,0,Markdown
2024-11-18,10000.0,-0.017199017199017175,0.9103621045818853,-0.02235109339132536,0.19047619047619047,0,0,Markdown
2024-11-19,9925.0,-0.007499999999999951,1.18942007625816,-0.023988369275502786,0.11904761904761904,0,0,Markdown
2024-11-20,10075.0,0.015113350125944613,0.8114661612998219,-0.02271898918721905,0.2619047619047619,0,0,Markdown
2024-11-21,9850.0,-0.022332506203473934,1.2837043831368768,-0.02354519946321825,0.04878048780487805,0,0,Markdown
2024-11-22,9850.0,0.0,0.7916486873140807,-0.025609606665849775,0.04878048780487805,0,0,Markdown
2024-11-25,10175.0,0.03299492385786795,2.065037877792196,-0.02013752455795678,0.4838709677419355,0,0,Markdown
2024-11-26,10000.0,-0.017199017199017175,0.7720047802023154,-0.01624815361890694,0.25806451612903225,0,0,Markdown
2024-11-28,10000.0,0.0,0.7377790158969233,-0.016029593094944512,0.25806451612903225,0,0,Markdown
2024-11-29,10000.0,0.0,1.0007723229948873,-0.011851851851851851,0.25806451612903225,0,0,Markdown
2024-12-02,9750.0,-0.025000000000000022,1.1147261795484742,-0.010528923572401833,0.0,0,1,Markdown
2024-12-03,10200.0,0.04615384615384621,1.5250802487768023,-0.009174311926605505,0.5454545454545454,0,0,Markdown
2024-12-04,10200.0,0.0,1.1507452762313384,-0.003724857213806804,0.6,0,0,Markdown
2024-12-05,10250.0,0.004901960784313708,1.1089530676666397,0.0022371364653243847,0.7142857142857143,0,0,Markdown
2024-12-06,10075.0,-0.017073170731707332,0.810372384653304,0.004227804028848545,0.5416666666666666,0,0,Markdown
2024-12-09,10350.0,0.027295285359801413,0.7781851634096608,0.014777101701229355,1.0,0,0,Markdown
2024-12-10,10350.0,0.0,0.7706023722769207,0.01624302541847489,1.0,0,0,Markdown
2024-12-11,10425.0,0.007246376811594235,0.4905151739243606,0.019316493313521546,1.0,1,0,Markdown
2024-12-12,10175.0,-0.023980815347721784,0.5859123844434984,0.01770459328958772,0.6296296296296297,0,0,Markdown
2024-12-13,10050.0,-0.012285012285012331,0.9710615479330961,0.017461300309597524,0.4444444444444444,0,0,Markdown
2024-12-16,10100.0,0.004975124378109541,0.7492426785775105,0.01288404360753221,0.5185185185185185,0,0,Markdown
2024-12-17,9900.0,-0.01980198019801982,1.2674159431351788,0.004462072384729797,0.2222222222222222,0,0,Akumulasi
2024-12-18,9800.0,-0.010101010101010055,1.0775889159888605,-0.007317375666625325,0.07407407407407407,0,0,Akumulasi
2024-12-19,9675.0,-0.012755102040816313,1.2864324472763902,-0.015285199453212377,0.14285714285714285,0,1,Markdown
