Date,Open,High,Low,Close,Volume,Return,RVOL,MA5,MA20,TrendDiff,Trend,Support,Resistance,PricePosition,Breakout,Breakdown,Confidence,Label
2021-01-04,6800.0,6855.0,6720.0,6835.0,47937000,0.0,1.0,6835.0,6835.0,0.0,Sideways,6720.0,6855.0,0.8518518518518519,0,0,Low,Akumulasi
2021-01-05,6860.0,7090.0,6850.0,7090.0,104831000,0.03730797366495975,1.3724209258483453,6962.5,6962.5,0.0,Sideways,6720.0,7090.0,1.0,1,0,Medium,Distribusi
2021-01-06,7050.0,7075.0,6880.0,6945.0,89753500,-0.020451339915373734,1.1102541424162393,6956.666666666667,6956.666666666667,0.0,Sideways,6720.0,7090.0,0.6081081081081081,0,0,Low,Distribusi
2021-01-07,7000.0,7050.0,6910.0,6965.0,71360000,0.0028797696184306165,0.9093877785087684,6958.75,6958.75,0.0,Sideways,6720.0,7090.0,0.6621621621621622,0,0,Low,Distribusi
2021-01-08,7035.0,7080.0,6975.0,7050.0,75033500,0.012203876525484603,0.9646516591028889,6977.0,6977.0,0.0,Sideways,6720.0,7090.0,0.8918918918918919,0,0,Low,Distribusi
2021-01-11,7150.0,7360.0,7145.0,7345.0,169034500,0.04184397163120557,1.8177397775246686,7079.0,7038.333333333333,0.005777883021548706,Sideways,6720.0,7360.0,0.9765625,1,0,High,Distribusi
2021-01-12,7345.0,7380.0,7160.0,7160.0,95235000,-0.025187202178352575,1.0206075006372626,7093.0,7055.714285714285,0.005284470540595318,Sideways,6720.0,7380.0,0.6666666666666666,0,0,Low,Distribusi
2021-01-13,7245.0,7275.0,7070.0,7120.0,76581500,-0.005586592178770999,0.8395184209732983,7128.0,7063.75,0.009095735268094143,Sideways,6720.0,7380.0,0.6060606060606061,0,0,Low,Distribusi
2021-01-14,7050.0,7090.0,6995.0,7020.0,89319500,-0.014044943820224698,0.9814305100017031,7139.0,7058.888888888889,0.01134896899102789,Uptrend,6720.0,7380.0,0.45454545454545453,0,0,Low,Distribusi
2021-01-15,7095.0,7100.0,6840.0,6955.0,89853500,-0.0092592592592593,0.9885536873211513,7120.0,7048.5,0.010144002269986522,Uptrend,6720.0,7380.0,0.3560606060606061,0,0,Low,Distribusi
2021-01-18,6955.0,7125.0,6845.0,7120.0,86343000,0.02372393961179009,0.9542752707272915,7075.0,7055.0,0.002834868887313962,Sideways,6720.0,7380.0,0.6060606060606061,0,0,Low,Distribusi
2021-01-19,7120.0,7120.0,7005.0,7095.0,73777000,-0.0035112359550562022,0.8281339009353085,7062.0,7058.333333333333,0.0005194805194805624,Sideways,6720.0,7380.0,0.5681818181818182,0,0,Low,Distribusi
2021-01-20,7165.0,7295.0,7070.0,7095.0,107216000,0.0,1.1849337952434593,7057.0,7061.153846153846,-0.0005882673348220986,Sideways,6720.0,7380.0,0.5681818181818182,0,0,Low,Distribusi
2021-01-21,7280.0,7300.0,7060.0,7075.0,66428000,-0.0028188865398167673,0.7483622394087727,7068.0,7062.142857142857,0.0008293719024982668,Sideways,6720.0,7380.0,0.5378787878787878,0,0,Low,Distribusi
2021-01-22,7075.0,7160.0,7075.0,7080.0,80829000,0.0007067137809186885,0.9160602085933698,7093.0,7063.333333333333,0.004200094384143507,Sideways,6720.0,7380.0,0.5454545454545454,0,0,Low,Distribusi
2021-01-25,7200.0,7200.0,7000.0,7035.0,76836500,-0.006355932203389814,0.8779003526571756,7076.0,7061.5625,0.0020445191839624727,Sideways,6720.0,7380.0,0.4772727272727273,0,0,Low,Distribusi
2021-01-26,6955.0,7000.0,6820.0,6820.0,98658000,-0.03056147832267231,1.118850133736795,7021.0,7047.35294117647,-0.003739409874379154,Sideways,6720.0,7380.0,0.15151515151515152,0,0,Low,Distribusi
2021-01-27,6820.0,6930.0,6705.0,6790.0,97920000,-0.004398826979472137,1.1037063545960994,6960.0,7033.055555555556,-0.010387456060665917,Downtrend,6705.0,7380.0,0.1259259259259259,0,0,Low,Distribusi
2021-01-28,6790.0,6925.0,6790.0,6900.0,104627000,0.016200294550809957,1.168279242712701,6925.0,7026.0526315789475,-0.014382561144612178,Downtrend,6705.0,7380.0,0.28888888888888886,0,0,Low,Distribusi
2021-01-29,6900.0,7000.0,6760.0,6760.0,132762500,-0.020289855072463725,1.4475265164070268,6861.0,7012.75,-0.021639157249295927,Downtrend,6705.0,7380.0,0.08148148148148149,0,0,Medium,Distribusi
2021-02-01,6760.0,6920.0,6595.0,6820.0,113129000,0.008875739644970349,1.1911274800897906,6818.0,7012.0,-0.02766685681688534,Downtrend,6595.0,7380.0,0.28662420382165604,0,0,Low,Distribusi
2021-02-02,6965.0,6980.0,6800.0,6800.0,86741000,-0.0029325513196480912,0.9220713092857697,6814.0,6997.5,-0.026223651304037157,Downtrend,6595.0,7380.0,0.2611464968152866,0,0,Low,Distribusi
2021-02-03,7000.0,7000.0,6825.0,6825.0,67291000,0.003676470588235281,0.7239579004672198,6821.0,6991.5,-0.024386755345777014,Downtrend,6595.0,7380.0,0.2929936305732484,0,0,Low,Distribusi
2021-02-04,6920.0,7000.0,6835.0,6855.0,80950500,0.00439560439560438,0.8664451777459292,6812.0,6986.0,-0.024906956770684226,Downtrend,6595.0,7380.0,0.33121019108280253,0,0,Low,Distribusi
2021-02-05,6870.0,6950.0,6855.0,6915.0,51602000,0.00875273522975939,0.5593304986709641,6843.0,6979.25,-0.019522154959343768,Downtrend,6595.0,7380.0,0.40764331210191085,0,0,Low,Distribusi
2021-02-08,7050.0,7055.0,6880.0,6920.0,45604000,0.000723065798987621,0.5297542434704223,6863.0,6958.0,-0.013653348663409025,Downtrend,6595.0,7380.0,0.4140127388535032,0,0,Low,Distribusi
2021-02-09,7000.0,7030.0,6955.0,6980.0,75574000,0.00867052023121384,0.8880386688232906,6899.0,6949.0,-0.00719527989638797,Sideways,6595.0,7300.0,0.5460992907801419,0,0,Low,Distribusi
2021-02-10,7050.0,7050.0,6900.0,6920.0,44984500,-0.008595988538681931,0.5385926872224543,6918.0,6939.0,-0.0030263726761781237,Sideways,6595.0,7300.0,0.46099290780141844,0,0,Low,Distribusi
2021-02-11,6985.0,6985.0,6840.0,6880.0,36926000,-0.005780346820809301,0.4564252396013108,6923.0,6932.0,-0.001298326601269475,Sideways,6595.0,7300.0,0.40425531914893614,0,0,Low,Distribusi
2021-02-15,6830.0,6890.0,6720.0,6800.0,83922000,-0.011627906976744207,1.041137730976769,6900.0,6924.25,-0.0035021843520958947,Sideways,6595.0,7300.0,0.2907801418439716,0,0,Low,Distribusi
2021-02-16,6880.0,6945.0,6830.0,6940.0,47221000,0.020588235294117574,0.6003945329908029,6904.0,6915.25,-0.0016268392321318824,Sideways,6595.0,7300.0,0.48936170212765956,0,0,Low,Distribusi
2021-02-17,6890.0,6960.0,6850.0,6900.0,66011500,-0.0057636887608069065,0.8434715970492581,6888.0,6905.5,-0.002534211860111505,Sideways,6595.0,7300.0,0.4326241134751773,0,0,Low,Distribusi
2021-02-18,6850.0,6900.0,6735.0,6735.0,91204000,-0.023913043478260843,1.1774171737224148,6851.0,6887.5,-0.0052994555353902,Sideways,6595.0,7300.0,0.19858156028368795,0,0,Low,Distribusi
2021-02-19,6780.0,6850.0,6760.0,6825.0,70487500,0.013363028953229383,0.9075949554523618,6840.0,6875.0,-0.005090909090909091,Sideways,6595.0,7200.0,0.38016528925619836,0,0,Low,Distribusi
2021-02-22,6900.0,6940.0,6790.0,6790.0,68913000,-0.00512820512820511,0.8941814560470751,6838.0,6860.5,-0.0032796443407914874,Sideways,6595.0,7200.0,0.32231404958677684,0,0,Low,Distribusi
2021-02-23,6820.0,6845.0,6775.0,6825.0,58360000,0.005154639175257714,0.766438252045373,6815.0,6850.0,-0.0051094890510948905,Sideways,6595.0,7055.0,0.5,0,0,Low,Distribusi
2021-02-24,6825.0,6835.0,6725.0,6725.0,71869000,-0.0146520146520146,0.9607516077640558,6780.0,6845.25,-0.009532157335378547,Sideways,6595.0,7055.0,0.2826086956521739,0,0,Low,Distribusi
2021-02-25,6740.0,6770.0,6680.0,6705.0,78688000,-0.0029739776951672736,1.0656067656712602,6774.0,6841.0,-0.009793889782195586,Sideways,6595.0,7055.0,0.2391304347826087,0,0,Low,Distribusi
2021-02-26,6705.0,6810.0,6645.0,6710.0,173631500,0.0007457121551082135,2.2463890930167567,6751.0,6831.5,-0.011783649271755837,Downtrend,6595.0,7055.0,0.25,0,0,High,Distribusi
2021-03-01,6830.0,7045.0,6800.0,7045.0,205539000,0.049925484351713845,2.5396372343964733,6802.0,6845.75,-0.0063908264251542925,Sideways,6595.0,7055.0,0.9782608695652174,0,0,High,Distribusi
2021-03-02,7120.0,7160.0,7000.0,7015.0,81446500,-0.004258339247693366,1.0264429105601507,6840.0,6855.5,-0.002260958354605791,Sideways,6645.0,7160.0,0.7184466019417476,0,0,Low,Distribusi
2021-03-03,7065.0,7085.0,7000.0,7000.0,84470000,-0.002138275124732747,1.066072651204175,6895.0,6865.5,0.004296846551598572,Sideways,6645.0,7160.0,0.6893203883495146,0,0,Low,Distribusi
2021-03-04,6905.0,7000.0,6720.0,6720.0,120802500,-0.040000000000000036,1.4748140725848664,6898.0,6860.25,0.0055027149156371856,Sideways,6645.0,7160.0,0.14563106796116504,0,0,Medium,Akumulasi
2021-03-05,6720.0,6925.0,6720.0,6800.0,111871500,0.011904761904761862,1.340478783076787,6916.0,6857.5,0.008530805687203791,Sideways,6645.0,7160.0,0.30097087378640774,0,0,Medium,Akumulasi
2021-03-08,6950.0,6950.0,6720.0,6720.0,90883000,-0.0117647058823529,1.0639492837924887,6851.0,6847.75,0.00047460844803037496,Sideways,6645.0,7160.0,0.14563106796116504,0,0,Low,Akumulasi
2021-03-09,6700.0,6715.0,6600.0,6605.0,135582000,-0.017113095238095233,1.5078182581997808,6769.0,6832.0,-0.009221311475409836,Sideways,6600.0,7160.0,0.008928571428571428,0,1,High,Akumulasi
2021-03-10,6720.0,6720.0,6620.0,6705.0,50302000,0.01514004542013625,0.5673858061619822,6710.0,6818.25,-0.01587650790158765,Downtrend,6600.0,7160.0,0.1875,0,0,Low,Akumulasi
2021-03-12,6875.0,6880.0,6715.0,6765.0,74328000,0.008948545861297452,0.8247404377799649,6719.0,6810.5,-0.013435136920930915,Downtrend,6600.0,7160.0,0.29464285714285715,0,0,Low,Akumulasi
2021-03-15,6815.0,6820.0,6665.0,6665.0,57416000,-0.014781966001478186,0.6299247153511784,6692.0,6799.75,-0.015846170815103495,Downtrend,6600.0,7160.0,0.11607142857142858,0,0,Low,Akumulasi
2021-03-16,6710.0,6710.0,6620.0,6625.0,70755500,-0.006001500375093727,0.7819231216586091,6673.0,6791.0,-0.017375938742453245,Downtrend,6600.0,7160.0,0.044642857142857144,0,0,Low,Akumulasi
2021-03-17,6650.0,6665.0,6605.0,6610.0,71474500,-0.0022641509433962703,0.7794235115469443,6674.0,6774.5,-0.0148350431766182,Downtrend,6600.0,7160.0,0.017857142857142856,0,0,Low,Akumulasi
2021-03-18,6620.0,6720.0,6610.0,6705.0,70067500,0.01437216338880476,0.7623942448986476,6674.0,6764.75,-0.01341512990132673,Downtrend,6600.0,7160.0,0.1875,0,0,Low,Akumulasi
2021-03-19,6770.0,6770.0,6625.0,6760.0,125853000,0.00820283370618946,1.3440520307143544,6673.0,6766.0,-0.013745196571090747,Downtrend,6600.0,7160.0,0.2857142857142857,0,0,Medium,Akumulasi
2021-03-22,6640.0,6680.0,6610.0,6620.0,67523500,-0.020710059171597628,0.7222629876519968,6664.0,6755.75,-0.013581023572512304,Downtrend,6600.0,7160.0,0.03571428571428571,0,0,Low,Akumulasi
2021-03-23,6720.0,6720.0,6555.0,6565.0,127762500,-0.0083081570996979,1.3249072979694607,6652.0,6744.5,-0.013714878790125288,Downtrend,6555.0,7160.0,0.01652892561983471,0,1,Medium,Akumulasi
2021-03-24,6515.0,6550.0,6420.0,6440.0,152050000,-0.01904036557501909,1.5037218475554384,6618.0,6725.25,-0.01594736255157801,Downtrend,6420.0,7160.0,0.02702702702702703,0,1,High,Markdown
2021-03-25,6400.0,6440.0,6330.0,6370.0,119101500,-0.010869565217391353,1.1509904578197752,6551.0,6707.5,-0.023332090942974282,Downtrend,6330.0,7160.0,0.04819277108433735,0,1,Low,Markdown
2021-03-26,6370.0,6445.0,6300.0,6415.0,134467500,0.007064364207221452,1.2653814529760707,6482.0,6693.0,-0.031525474376213954,Downtrend,6300.0,7160.0,0.13372093023255813,0,0,Medium,Markdown
2021-03-29,6410.0,6515.0,6360.0,6360.0,113370500,-0.008573655494933718,1.0979840116528936,6430.0,6675.5,-0.03677627144034155,Downtrend,6300.0,7160.0,0.06976744186046512,0,0,Low,Markdown
2021-03-30,6370.0,6455.0,6370.0,6395.0,83115500,0.005503144654088077,0.8556950505059344,6396.0,6643.0,-0.03718199608610567,Downtrend,6300.0,7160.0,0.11046511627906977,0,0,Low,Markdown
2021-03-31,6390.0,6395.0,6145.0,6215.0,223390500,-0.02814698983580921,2.1432590724205802,6351.0,6603.0,-0.03816447069513857,Downtrend,6145.0,7085.0,0.07446808510638298,0,1,High,Markdown
2021-04-01,6215.0,6270.0,6155.0,6225.0,112286000,0.0016090104585679832,1.0631115369557798,6322.0,6564.25,-0.036904444529077964,Downtrend,6145.0,7000.0,0.0935672514619883,0,0,Low,Markdown
2021-04-05,6250.0,6290.0,6155.0,6155.0,73311500,-0.011244979919678766,0.7100690005191505,6270.0,6536.0,-0.040697674418604654,Downtrend,6145.0,6950.0,0.012422360248447204,0,0,Low,Markdown
2021-04-06,6135.0,6170.0,6080.0,6165.0,80215000,0.0016246953696181787,0.7890302030413787,6231.0,6504.25,-0.0420109928123919,Downtrend,6080.0,6950.0,0.09770114942528736,0,0,Low,Markdown
2021-04-07,6155.0,6275.0,6135.0,6250.0,107908000,0.013787510137875048,1.0526169468031326,6202.0,6480.75,-0.043011997068240555,Downtrend,6080.0,6880.0,0.2125,0,0,Low,Markdown
2021-04-08,6200.0,6215.0,6125.0,6135.0,123697500,-0.018399999999999972,1.2136748698486457,6186.0,6457.25,-0.04200704634325758,Downtrend,6080.0,6880.0,0.06875,0,0,Medium,Markdown
2021-04-09,6315.0,6320.0,6145.0,6200.0,116961000,0.010594947025264867,1.1112393737930837,6181.0,6432.0,-0.03902363184079602,Downtrend,6080.0,6880.0,0.15,0,0,Low,Markdown
2021-04-12,6295.0,6295.0,6060.0,6065.0,110411500,-0.021774193548387055,1.0313344979785286,6163.0,6397.0,-0.03657964670939503,Downtrend,6060.0,6820.0,0.006578947368421052,0,1,Low,Markdown
2021-04-13,6050.0,6060.0,5980.0,6000.0,119211500,-0.010717230008243983,1.0822975177649443,6130.0,6363.75,-0.03673148693773325,Downtrend,5980.0,6770.0,0.02531645569620253,0,1,Low,Markdown
2021-04-14,6105.0,6305.0,6060.0,6305.0,135519500,0.050833333333333286,1.1952164706235133,6141.0,6347.75,-0.03257059588043008,Downtrend,5980.0,6770.0,0.41139240506329117,0,0,Low,Markdown
2021-04-15,6305.0,6310.0,6180.0,6280.0,102686500,-0.003965107057890549,0.8933494569165387,6170.0,6331.25,-0.025468904244817375,Downtrend,5980.0,6770.0,0.379746835443038,0,0,Low,Markdown
2021-04-16,6370.0,6370.0,6215.0,6275.0,79293500,-0.0007961783439490722,0.687078231092102,6185.0,6309.75,-0.019770989341891518,Downtrend,5980.0,6770.0,0.37341772151898733,0,0,Low,Markdown
2021-04-19,6275.0,6280.0,6230.0,6270.0,47095000,-0.0007968127490040056,0.42249452537882765,6226.0,6285.25,-0.0094268326637763,Sideways,5980.0,6720.0,0.3918918918918919,0,0,Low,Markdown
2021-04-20,6200.0,6250.0,6185.0,6235.0,72721000,-0.005582137161084577,0.6508708253536298,6273.0,6266.0,0.0011171401212894988,Sideways,5980.0,6720.0,0.34459459459459457,0,0,Low,Markdown
2021-04-21,6200.0,6225.0,6165.0,6165.0,68397000,-0.01122694466720131,0.628877211855407,6245.0,6246.0,-0.0001601024655779699,Sideways,5980.0,6550.0,0.32456140350877194,0,0,Low,Markdown
2021-04-22,6200.0,6275.0,6180.0,6215.0,63758000,0.008110300081102917,0.6110254451780089,6232.0,6234.75,-0.00044107622599141904,Sideways,5980.0,6515.0,0.4392523364485981,0,0,Low,Markdown
2021-04-23,6280.0,6395.0,6225.0,6390.0,108498500,0.028157683024939706,1.0451063542863197,6255.0,6235.75,0.003087038447660666,Sideways,5980.0,6515.0,0.7663551401869159,0,0,Low,Markdown
2021-04-26,6395.0,6400.0,6280.0,6285.0,108742000,-0.016431924882629123,1.060592575939748,6258.0,6229.25,0.004615322871934824,Sideways,5980.0,6515.0,0.5700934579439252,0,0,Low,Markdown
2021-04-27,6370.0,6435.0,6355.0,6405.0,132650000,0.019093078758949833,1.2817236259879248,6292.0,6231.5,0.009708737864077669,Sideways,5980.0,6455.0,0.8947368421052632,0,0,Medium,Distribusi
2021-04-28,6400.0,6405.0,6315.0,6320.0,87660000,-0.013270882123341154,0.8451545460921847,6323.0,6227.75,0.01529444823571916,Uptrend,5980.0,6435.0,0.7472527472527473,0,0,Low,Distribusi
2021-04-29,6460.0,6460.0,6360.0,6410.0,57355000,0.014240506329114,0.6010863675854574,6362.0,6237.5,0.01995991983967936,Uptrend,5980.0,6460.0,0.8958333333333334,0,0,Low,Distribusi
2021-04-30,6450.0,6450.0,6380.0,6405.0,65829500,-0.0007800312012480326,0.7071135920606749,6365.0,6246.5,0.018970623549187545,Uptrend,5980.0,6460.0,0.8854166666666666,0,0,Low,Distribusi
2021-05-03,6480.0,6480.0,6345.0,6390.0,42065500,-0.0023419203747072626,0.45956260407701965,6386.0,6258.25,0.020413054767706627,Uptrend,5980.0,6480.0,0.82,0,0,Low,Distribusi
2021-05-04,6350.0,6430.0,6340.0,6400.0,50123500,0.0015649452269170805,0.5567471442598624,6385.0,6270.0,0.018341307814992026,Uptrend,5980.0,6480.0,0.84,0,0,Low,Distribusi
2021-05-05,6420.0,6430.0,6400.0,6425.0,51685000,0.00390625,0.5925952254149227,6406.0,6278.75,0.0202667728449134,Uptrend,5980.0,6480.0,0.89,0,0,Low,Distribusi
2021-05-06,6400.0,6450.0,6400.0,6425.0,38115500,0.0,0.4595609180005293,6409.0,6293.25,0.01839272236126008,Uptrend,5980.0,6480.0,0.89,0,0,Low,Distribusi
2021-05-07,6460.0,6460.0,6385.0,6400.0,48864000,-0.0038910505836575737,0.6143779837830565,6408.0,6303.25,0.016618411137111808,Uptrend,5980.0,6480.0,0.84,0,0,Low,Distribusi
2021-05-10,6400.0,6420.0,6395.0,6420.0,68180500,0.0031250000000000444,0.8806284473967856,6414.0,6321.0,0.014712861888941622,Uptrend,5980.0,6480.0,0.88,0,0,Low,Distribusi
2021-05-11,6400.0,6480.0,6305.0,6480.0,70680000,0.009345794392523255,0.9424505781810291,6430.0,6345.0,0.013396375098502758,Uptrend,6060.0,6480.0,1.0,0,0,Low,Distribusi
2021-05-17,6500.0,6500.0,6375.0,6500.0,129058500,0.0030864197530864335,1.7283171912711335,6445.0,6354.75,0.014201974900664858,Uptrend,6165.0,6500.0,1.0,1,0,High,Distribusi
2021-05-18,6400.0,6455.0,6365.0,6390.0,73563000,-0.01692307692307693,1.0047291091177906,6438.0,6360.25,0.01222436224991156,Uptrend,6165.0,6500.0,0.6716417910447762,0,0,Low,Distribusi
2021-05-19,6380.0,6400.0,6335.0,6345.0,64912500,-0.007042253521126751,0.8953732325301355,6427.0,6363.75,0.009939108230210174,Sideways,6165.0,6500.0,0.5373134328358209,0,0,Low,Distribusi
2021-05-20,6390.0,6435.0,6350.0,6380.0,64950000,0.005516154452324562,0.8849925296819954,6419.0,6369.25,0.007810966754327433,Sideways,6165.0,6500.0,0.6417910447761194,0,0,Low,Distribusi
2021-05-21,6450.0,6450.0,6260.0,6360.0,92620000,-0.0031347962382445305,1.245136814482412,6395.0,6375.5,0.0030585836404987844,Sideways,6165.0,6500.0,0.582089552238806,0,0,Medium,Distribusi
2021-05-24,6355.0,6380.0,6290.0,6325.0,59210000,-0.005503144654088077,0.800935529491972,6360.0,6383.5,-0.0036813660217748885,Sideways,6180.0,6500.0,0.453125,0,0,Low,Distribusi
2021-05-25,6300.0,6440.0,6300.0,6355.0,87470000,0.004743083003952542,1.1645330651104056,6353.0,6390.5,-0.005868085439323997,Sideways,6225.0,6500.0,0.4727272727272727,0,0,Low,Distribusi
2021-05-27,6440.0,6480.0,6270.0,6270.0,537971500,-0.013375295043273061,5.569910742110859,6338.0,6384.5,-0.007283264155376302,Sideways,6260.0,6500.0,0.041666666666666664,0,0,High,Akumulasi
2021-05-28,6330.0,6370.0,6330.0,6340.0,102108500,0.011164274322169154,1.0608275792210424,6330.0,6387.25,-0.008963168812869389,Sideways,6260.0,6500.0,0.3333333333333333,0,0,Low,Akumulasi
2021-05-31,6360.0,6390.0,6325.0,6375.0,101442000,0.005520504731861164,1.0712698822962254,6333.0,6385.75,-0.008260580198097327,Sideways,6260.0,6500.0,0.4791666666666667,0,0,Low,Akumulasi
2021-06-02,6500.0,6515.0,6420.0,6465.0,141732500,0.014117647058823568,1.45520620020052,6361.0,6393.0,-0.005005474737994682,Sideways,6260.0,6515.0,0.803921568627451,0,0,Medium,Distribusi
2021-06-03,6495.0,6600.0,6430.0,6600.0,133810500,0.02088167053364276,1.321981779719101,6410.0,6402.5,0.0011714174150722373,Sideways,6260.0,6600.0,1.0,1,0,Medium,Distribusi
2021-06-04,6620.0,6620.0,6500.0,6580.0,62108500,-0.00303030303030305,0.6147312910584427,6472.0,6411.25,0.00947553129264964,Sideways,6260.0,6620.0,0.8888888888888888,0,0,Low,Distribusi
2021-06-07,6560.0,6570.0,6430.0,6530.0,62576000,-0.0075987841945288626,0.6131349384817228,6510.0,6418.25,0.014295173918124099,Uptrend,6260.0,6620.0,0.75,0,0,Low,Distribusi
2021-06-08,6575.0,6575.0,6430.0,6430.0,64348000,-0.015313935681470103,0.6261340518286772,6521.0,6419.75,0.015771642197904903,Uptrend,6260.0,6620.0,0.4722222222222222,0,0,Low,Distribusi
2021-06-09,6360.0,6535.0,6360.0,6530.0,77198000,0.015552099533437058,0.7419604650732525,6534.0,6425.0,0.016964980544747082,Uptrend,6260.0,6620.0,0.75,0,0,Low,Distribusi
2021-06-10,6555.0,6620.0,6490.0,6620.0,73262500,0.013782542113323082,0.692440431338051,6538.0,6434.75,0.016045689420723416,Uptrend,6260.0,6620.0,1.0,0,0,Low,Distribusi
2021-06-11,6570.0,6580.0,6460.0,6470.0,72780500,-0.0226586102719033,0.680196992219097,6516.0,6438.25,0.012076262959655186,Uptrend,6260.0,6620.0,0.5833333333333334,0,0,Low,Distribusi
2021-06-14,6520.0,6520.0,6400.0,6410.0,61478500,-0.009273570324574987,0.5763750767011003,6492.0,6437.75,0.00842685720942876,Sideways,6260.0,6620.0,0.4166666666666667,0,0,Low,Distribusi
2021-06-15,6445.0,6470.0,6405.0,6470.0,87799000,0.009360374414976613,0.8165829613095238,6500.0,6437.25,0.009747951376752495,Sideways,6260.0,6620.0,0.5833333333333334,0,0,Low,Distribusi
2021-06-16,6420.0,6435.0,6360.0,6385.0,48984000,-0.013137557959814528,0.4732009531834487,6471.0,6431.5,0.006141646583223199,Sideways,6260.0,6620.0,0.3472222222222222,0,0,Low,Distribusi
2021-06-17,6390.0,6390.0,6275.0,6330.0,68448500,-0.008613938919342257,0.6628717356241082,6413.0,6428.5,-0.0024111379015322393,Sideways,6260.0,6620.0,0.19444444444444445,0,0,Low,Distribusi
2021-06-18,6300.0,6345.0,6280.0,6325.0,118043000,-0.0007898894154818592,1.1144850818435081,6384.0,6427.5,-0.00676779463243874,Sideways,6260.0,6620.0,0.18055555555555555,0,0,Low,Distribusi
2021-06-21,6300.0,6300.0,6210.0,6250.0,60823500,-0.011857707509881465,0.5753766764496515,6352.0,6421.0,-0.010745989721227223,Downtrend,6210.0,6620.0,0.0975609756097561,0,1,Low,Distribusi
2021-06-22,6250.0,6390.0,6240.0,6340.0,65824000,0.014399999999999968,0.6306735734416521,6326.0,6420.0,-0.014641744548286604,Downtrend,6210.0,6620.0,0.3170731707317073,0,0,Low,Distribusi
2021-06-23,6295.0,6340.0,6230.0,6230.0,52451000,-0.017350157728706628,0.504176559360972,6295.0,6415.25,-0.018744398113869295,Downtrend,6210.0,6620.0,0.04878048780487805,0,0,Low,Distribusi
2021-06-24,6310.0,6310.0,6200.0,6210.0,56010000,-0.0032102728731941976,0.5466523521374195,6271.0,6408.0,-0.02137952559300874,Downtrend,6200.0,6620.0,0.023809523809523808,0,0,Low,Distribusi
2021-06-25,6230.0,6260.0,6190.0,6190.0,68939500,-0.0032206119162641045,0.8725591202960697,6244.0,6404.0,-0.024984384759525295,Downtrend,6190.0,6620.0,0.0,0,1,Low,Distribusi
2021-06-28,6100.0,6150.0,6055.0,6055.0,84420500,-0.021809369951534707,1.080596231631765,6205.0,6389.75,-0.028913494268163857,Downtrend,6055.0,6620.0,0.0,0,1,Low,Distribusi
2021-06-29,6050.0,6090.0,6040.0,6045.0,53704000,-0.0016515276630884035,0.7090844513455097,6146.0,6373.25,-0.03565684697760169,Downtrend,6040.0,6620.0,0.008620689655172414,0,1,Low,Distribusi
2021-06-30,6000.0,6070.0,6000.0,6025.0,65795000,-0.003308519437551727,0.9145787353320065,6105.0,6351.25,-0.038771895296201536,Downtrend,6000.0,6620.0,0.04032258064516129,0,1,Low,Distribusi
2021-07-01,6060.0,6075.0,6000.0,6025.0,58153000,0.0,0.8532168577563535,6068.0,6322.5,-0.04025306445235271,Downtrend,6000.0,6620.0,0.04032258064516129,0,0,Low,Distribusi
2021-07-02,6070.0,6140.0,6040.0,6100.0,67392500,0.012448132780082943,0.9849601477896949,6050.0,6298.5,-0.03945383821544812,Downtrend,6000.0,6620.0,0.16129032258064516,0,0,Low,Distribusi
2021-07-05,6100.0,6130.0,6070.0,6110.0,39710500,0.0016393442622950616,0.590242541147198,6061.0,6277.5,-0.03448825169255277,Downtrend,6000.0,6620.0,0.1774193548387097,0,0,Low,Distribusi
2021-07-06,6110.0,6110.0,6055.0,6055.0,34279500,-0.009001636661211121,0.5211642443882426,6063.0,6258.75,-0.03127621330137807,Downtrend,6000.0,6620.0,0.08870967741935484,0,0,Low,Distribusi
2021-07-07,6180.0,6180.0,6030.0,6065.0,35595000,0.0016515276630884035,0.5588377054919798,6071.0,6235.5,-0.026381204394194533,Downtrend,6000.0,6620.0,0.10483870967741936,0,0,Low,Distribusi
2021-07-08,6000.0,6040.0,5980.0,6015.0,47297000,-0.008244023083264662,0.7580081711412152,6069.0,6205.25,-0.02195721364973208,Downtrend,5980.0,6580.0,0.058333333333333334,0,0,Low,Distribusi
2021-07-09,6010.0,6020.0,5990.0,6020.0,40707500,0.0008312551953448821,0.6696108213517149,6053.0,6182.75,-0.020985807286401682,Downtrend,5980.0,6520.0,0.07407407407407407,0,0,Low,Distribusi
2021-07-12,6070.0,6180.0,6020.0,6170.0,65981500,0.024916943521594792,1.0813461781927196,6065.0,6170.75,-0.017137300976380505,Downtrend,5980.0,6470.0,0.3877551020408163,0,0,Low,Distribusi
2021-07-13,6170.0,6175.0,6015.0,6045.0,65946500,-0.02025931928687197,1.10047842897741,6063.0,6149.5,-0.01406618424262135,Downtrend,5980.0,6435.0,0.14285714285714285,0,0,Low,Distribusi
2021-07-14,6020.0,6030.0,5980.0,5990.0,59321000,-0.009098428453267138,0.9814508583827677,6048.0,6129.75,-0.01333659610913985,Downtrend,5980.0,6390.0,0.024390243902439025,0,0,Low,Distribusi
2021-07-15,6000.0,6115.0,5995.0,6115.0,49724000,0.02086811352253748,0.8356142686631626,6068.0,6119.0,-0.008334695211635889,Sideways,5980.0,6390.0,0.32926829268292684,0,0,Low,Distribusi
2021-07-16,6170.0,6170.0,6055.0,6110.0,47998500,-0.0008176614881438837,0.8570594442867168,6086.0,6108.25,-0.003642614496787132,Sideways,5980.0,6390.0,0.3170731707317073,0,0,Low,Distribusi
2021-07-19,6110.0,6110.0,6005.0,6005.0,47119000,-0.017184942716857665,0.8517769153976136,6053.0,6096.0,-0.007053805774278215,Sideways,5980.0,6390.0,0.06097560975609756,0,0,Low,Distribusi
2021-07-21,6050.0,6120.0,6010.0,6010.0,55009500,0.0008326394671107629,1.0042307323685256,6046.0,6079.5,-0.005510321572497738,Sideways,5980.0,6340.0,0.08333333333333333,0,0,Low,Distribusi
2021-07-22,6115.0,6155.0,6050.0,6155.0,60792000,0.024126455906821942,1.1014081036619392,6079.0,6075.75,0.0005349133851787845,Sideways,5980.0,6310.0,0.5303030303030303,0,0,Low,Distribusi
2021-07-23,6180.0,6190.0,6025.0,6035.0,79938000,-0.019496344435418367,1.4175616053568643,6063.0,6067.0,-0.0006593044338223175,Sideways,5980.0,6260.0,0.19642857142857142,0,0,Medium,Akumulasi
2021-07-26,6040.0,6060.0,6005.0,6005.0,48171500,-0.004971002485501197,0.8702631122544839,6042.0,6057.75,-0.0025999752383310637,Sideways,5980.0,6190.0,0.11904761904761904,0,0,Low,Akumulasi
2021-07-27,6005.0,6060.0,6000.0,6005.0,53107500,0.0,0.9873640823133406,6042.0,6055.25,-0.002188183807439825,Sideways,5980.0,6190.0,0.11904761904761904,0,0,Low,Akumulasi
2021-07-28,6005.0,6010.0,5970.0,5980.0,74133000,-0.004163197335553703,1.3525797046448915,6036.0,6052.0,-0.0026437541308658294,Sideways,5970.0,6190.0,0.045454545454545456,0,0,Medium,Akumulasi
2021-07-29,6055.0,6085.0,5980.0,6040.0,84605000,0.010033444816053505,1.5176029747565432,6013.0,6052.75,-0.006567262814423196,Sideways,5970.0,6190.0,0.3181818181818182,0,0,High,Akumulasi
2021-07-30,6040.0,6100.0,5960.0,5970.0,105685000,-0.011589403973509937,1.8182146623610553,6000.0,6050.0,-0.008264462809917356,Sideways,5960.0,6190.0,0.043478260869565216,0,0,High,Akumulasi
2021-08-02,6060.0,6065.0,5905.0,5960.0,119981500,-0.0016750418760469454,1.9748367010862453,5991.0,6043.0,-0.008604997517789177,Sideways,5905.0,6190.0,0.19298245614035087,0,0,High,Akumulasi
2021-08-03,6025.0,6180.0,5985.0,6145.0,110071500,0.031040268456375752,1.712556711039749,6019.0,6044.75,-0.004259894950163365,Sideways,5905.0,6190.0,0.8421052631578947,0,0,High,Distribusi
2021-08-04,6145.0,6150.0,6060.0,6120.0,41112000,-0.004068348250610199,0.6362626533461941,6047.0,6048.0,-0.00016534391534391533,Sideways,5905.0,6190.0,0.7543859649122807,0,0,Low,Distribusi
2021-08-05,6170.0,6310.0,6140.0,6300.0,93768000,0.02941176470588225,1.3886726060825514,6099.0,6059.75,0.00647716489954206,Sideways,5905.0,6310.0,0.9753086419753086,1,0,Medium,Distribusi
2021-08-06,6360.0,6360.0,6135.0,6160.0,67285000,-0.022222222222222254,0.9819348648170411,6137.0,6067.0,0.011537827591890556,Uptrend,5905.0,6360.0,0.5604395604395604,0,0,Low,Distribusi
2021-08-09,6135.0,6200.0,6105.0,6200.0,52858500,0.006493506493506551,0.7646199195216867,6185.0,6076.0,0.017939433838051348,Uptrend,5905.0,6360.0,0.6483516483516484,0,0,Low,Distribusi
2021-08-10,6250.0,6300.0,6115.0,6300.0,60446000,0.016129032258064502,0.8778910050520198,6216.0,6082.5,0.0219482120838471,Uptrend,5905.0,6360.0,0.8681318681318682,0,0,Low,Distribusi
2021-08-12,6120.0,6320.0,6120.0,6300.0,118325500,0.0,1.655536527284582,6252.0,6095.25,0.025716746646979205,Uptrend,5905.0,6360.0,0.8681318681318682,0,0,High,Distribusi
2021-08-13,6350.0,6435.0,6325.0,6410.0,86929000,0.0174603174603174,1.193210986507076,6274.0,6116.25,0.025791947680359698,Uptrend,5905.0,6435.0,0.9528301886792453,1,0,Low,Distribusi
2021-08-16,6420.0,6420.0,6305.0,6420.0,69282000,0.0015600624024960652,0.9383875856856682,6326.0,6131.5,0.03172143847345674,Uptrend,5905.0,6435.0,0.9716981132075472,0,0,Low,Distribusi
2021-08-18,6520.0,6760.0,6460.0,6600.0,186354500,0.028037383177569986,2.3078328195995725,6406.0,6156.0,0.04061078622482131,Uptrend,5905.0,6760.0,0.8128654970760234,1,0,High,Markup
2021-08-19,6600.0,6600.0,6530.0,6600.0,100926000,0.0,1.2095775299455112,6466.0,6185.75,0.04530574303843511,Uptrend,5905.0,6760.0,0.8128654970760234,0,0,Medium,Markup
2021-08-20,6600.0,6600.0,6510.0,6600.0,120163500,0.0,1.386020813929011,6526.0,6215.25,0.04999798881782712,Uptrend,5905.0,6760.0,0.8128654970760234,0,0,Medium,Markup
2021-08-23,6515.0,6590.0,6515.0,6590.0,68253000,-0.0015151515151514694,0.7838883286742361,6562.0,6237.0,0.05210838544171877,Uptrend,5905.0,6760.0,0.8011695906432749,0,0,Low,Markup
2021-08-24,6570.0,6600.0,6500.0,6600.0,59561500,0.0015174506828528056,0.6921653124790277,6598.0,6265.25,0.053110410598140534,Uptrend,5905.0,6760.0,0.8128654970760234,0,0,Low,Markup
2021-08-25,6600.0,6605.0,6585.0,6600.0,80751500,0.0,0.920979961502042,6598.0,6295.0,0.04813343923749007,Uptrend,5905.0,6760.0,0.8128654970760234,0,0,Low,Markup
2021-08-26,6560.0,6580.0,6470.0,6560.0,74337000,-0.0060606060606061,0.8376807005069221,6590.0,6322.75,0.04226800047447709,Uptrend,5905.0,6760.0,0.7660818713450293,0,0,Low,Markup
2021-08-27,6490.0,6530.0,6490.0,6510.0,71572500,-0.007621951219512146,0.8076936423572387,6572.0,6349.25,0.03508288380517384,Uptrend,5905.0,6760.0,0.7076023391812866,0,0,Low,Markup
2021-08-30,6530.0,6580.0,6520.0,6565.0,74564500,0.008448540706605279,0.846252584796065,6567.0,6375.5,0.03003685985412909,Uptrend,5905.0,6760.0,0.7719298245614035,0,0,Low,Markup
2021-08-31,6520.0,6570.0,6515.0,6550.0,115373500,-0.0022848438690022954,1.3022453371815206,6557.0,6404.5,0.023811382621594192,Uptrend,5905.0,6760.0,0.7543859649122807,0,0,Medium,Markup
2021-09-01,6550.0,6600.0,6535.0,6565.0,67362500,0.0022900763358779663,0.783604931665404,6550.0,6434.75,0.017910563735964877,Uptrend,5985.0,6760.0,0.7483870967741936,0,0,Low,Markup
2021-09-02,6525.0,6575.0,6455.0,6540.0,53257000,-0.0038080731150038627,0.6406922657254239,6546.0,6454.5,0.014176156170113875,Uptrend,6060.0,6760.0,0.6857142857142857,0,0,Low,Markup
2021-09-03,6560.0,6600.0,6515.0,6600.0,35764500,0.00917431192660545,0.4316424335849422,6564.0,6478.5,0.013197499421162306,Uptrend,6105.0,6760.0,0.7557251908396947,0,0,Low,Markup
2021-09-06,6600.0,6605.0,6550.0,6575.0,36780000,-0.0037878787878787845,0.4597076207037164,6566.0,6492.25,0.011359698101582657,Uptrend,6105.0,6760.0,0.7175572519083969,0,0,Low,Markup
2021-09-07,6595.0,6605.0,6570.0,6570.0,53902000,-0.0007604562737643095,0.6793950835174344,6570.0,6512.75,0.008790449502898161,Sideways,6105.0,6760.0,0.7099236641221374,0,0,Low,Markup
2021-09-08,6550.0,6595.0,6420.0,6440.0,77888000,-0.019786910197869156,0.9664758647817276,6545.0,6524.75,0.003103567186482241,Sideways,6115.0,6760.0,0.5038759689922481,0,0,Low,Markup
2021-09-09,6410.0,6570.0,6410.0,6570.0,110074000,0.020186335403726607,1.32505769154375,6551.0,6538.25,0.00195006309027645,Sideways,6120.0,6760.0,0.703125,0,0,Medium,Distribusi
2021-09-10,6495.0,6565.0,6495.0,6520.0,41483500,-0.007610350076103556,0.5235898471519267,6535.0,6549.25,-0.0021758216589685842,Sideways,6305.0,6760.0,0.4725274725274725,0,0,Low,Distribusi
2021-09-13,6560.0,6560.0,6525.0,6555.0,29929000,0.005368098159509227,0.3918485447570667,6531.0,6556.5,-0.0038892701898878973,Sideways,6305.0,6760.0,0.5494505494505495,0,0,Low,Distribusi
2021-09-14,6590.0,6595.0,6495.0,6545.0,51990500,-0.0015255530129671957,0.6884843524929177,6526.0,6562.75,-0.005599786674793341,Sideways,6410.0,6760.0,0.38571428571428573,0,0,Low,Distribusi
2021-09-15,6545.0,6550.0,6485.0,6495.0,44514000,-0.007639419404125269,0.6505764194182022,6537.0,6557.5,-0.003126191383911552,Sideways,6410.0,6605.0,0.4358974358974359,0,0,Low,Distribusi
2021-09-16,6580.0,6580.0,6480.0,6500.0,58672500,0.0007698229407235857,0.8848249634574717,6523.0,6552.5,-0.00450209843571156,Sideways,6410.0,6605.0,0.46153846153846156,0,0,Low,Distribusi
2021-09-17,6490.0,6535.0,6480.0,6520.0,117540000,0.003076923076922977,1.776104190859425,6523.0,6548.5,-0.0038940215316484693,Sideways,6410.0,6605.0,0.5641025641025641,0,0,High,Distribusi
2021-09-20,6570.0,6590.0,6510.0,6585.0,73157500,0.009969325153374342,1.1013752229529261,6529.0,6548.25,-0.0029397167182071545,Sideways,6410.0,6605.0,0.8974358974358975,0,0,Low,Distribusi
2021-09-21,6510.0,6535.0,6470.0,6490.0,57115500,-0.014426727410782103,0.8614514232149436,6518.0,6542.75,-0.0037828130373313974,Sideways,6410.0,6605.0,0.41025641025641024,0,0,Low,Distribusi
2021-09-22,6500.0,6580.0,6500.0,6555.0,68722000,0.01001540832049308,1.0459969558599695,6530.0,6540.5,-0.0016053818515404021,Sideways,6410.0,6605.0,0.7435897435897436,0,0,Low,Distribusi
2021-09-23,6555.0,6590.0,6545.0,6580.0,60998500,0.0038138825324181003,0.9379611835977308,6546.0,6541.5,0.000687915615684476,Sideways,6410.0,6605.0,0.8717948717948718,0,0,Low,Distribusi
2021-09-24,6500.0,6585.0,6500.0,6585.0,60539500,0.0007598784194529085,0.9388672784449165,6559.0,6545.25,0.002100760093197357,Sideways,6410.0,6605.0,0.8974358974358975,0,0,Low,Distribusi
2021-09-27,6585.0,6595.0,6555.0,6580.0,55052500,-0.0007593014426727773,0.8668889822311575,6558.0,6546.0,0.0018331805682859762,Sideways,6410.0,6605.0,0.8717948717948718,0,0,Low,Distribusi
2021-09-28,6540.0,6560.0,6500.0,6520.0,80186000,-0.00911854103343468,1.2986333627277358,6564.0,6544.5,0.002979601191840477,Sideways,6410.0,6605.0,0.5641025641025641,0,0,Medium,Distribusi
2021-09-29,6520.0,6580.0,6515.0,6580.0,74079000,0.009202453987730008,1.1932391330697851,6569.0,6545.25,0.003628585615522707,Sideways,6410.0,6605.0,0.8717948717948718,0,0,Low,Distribusi
2021-09-30,6600.0,7000.0,6595.0,7000.0,156848000,0.06382978723404253,2.331902234291145,6653.0,6568.25,0.0129029802458798,Uptrend,6410.0,7000.0,1.0,1,0,High,Markup
2021-10-01,6900.0,6900.0,6710.0,6760.0,103954500,-0.03428571428571425,1.4709572800566566,6688.0,6576.25,0.016992967116517772,Uptrend,6410.0,7000.0,0.5932203389830508,0,0,Medium,Markup
2021-10-04,6740.0,6960.0,6740.0,6960.0,74719000,0.029585798816567976,1.0296372622885137,6764.0,6595.5,0.025547721931620044,Uptrend,6410.0,7000.0,0.9322033898305084,0,0,Low,Markup
2021-10-05,6910.0,6945.0,6860.0,6945.0,54986500,-0.0021551724137931494,0.7571551516403319,6849.0,6614.25,0.035491552330196165,Uptrend,6410.0,7000.0,0.9067796610169492,0,0,Low,Markup
2021-10-06,6980.0,7180.0,6970.0,7180.0,174312000,0.03383729301655869,2.2508222101991513,6969.0,6651.25,0.04777297500469836,Uptrend,6410.0,7180.0,1.0,1,0,High,Markup
2021-10-07,7175.0,7175.0,7080.0,7160.0,107263500,-0.0027855153203342198,1.3875691393011995,7001.0,6680.75,0.047936234704187404,Uptrend,6470.0,7180.0,0.971830985915493,0,0,Medium,Markup
2021-10-08,7200.0,7300.0,7175.0,7290.0,94643500,0.018156424581005526,1.1836181746954069,7107.0,6719.25,0.0577073334077464,Uptrend,6470.0,7300.0,0.9879518072289156,1,0,Low,Markup
2021-10-11,7240.0,7290.0,7230.0,7255.0,47201000,-0.004801097393689946,0.5839917277839622,7166.0,6754.25,0.06096161675981789,Uptrend,6470.0,7300.0,0.9457831325301205,0,0,Low,Markup
2021-10-12,7255.0,7320.0,7245.0,7320.0,91067000,0.008959338387318994,1.10012732759433,7241.0,6793.0,0.06595024289709996,Uptrend,6470.0,7320.0,1.0,1,0,Low,Markup
2021-10-13,7400.0,8250.0,7400.0,7525.0,210893300,0.028005464480874265,2.3150267518127405,7310.0,6844.5,0.0680108116005552,Uptrend,6470.0,8250.0,0.5926966292134831,1,0,High,Markup
2021-10-14,7600.0,7900.0,7600.0,7750.0,138811900,0.029900332225913706,1.4595718279890648,7428.0,6907.0,0.07543072245547995,Uptrend,6470.0,8250.0,0.7191011235955056,0,0,Medium,Markup
2021-10-15,7800.0,7875.0,7450.0,7650.0,142378200,-0.012903225806451646,1.4777732587850023,7500.0,6963.5,0.07704458964601134,Uptrend,6470.0,8250.0,0.6629213483146067,0,0,Medium,Markup
2021-10-18,7650.0,7675.0,7475.0,7525.0,116644300,-0.016339869281045805,1.1839562585702093,7554.0,7010.5,0.07752656729191926,Uptrend,6470.0,8250.0,0.5926966292134831,0,0,Low,Markup
2021-10-19,7475.0,7525.0,7350.0,7500.0,134601200,-0.0033222591362126463,1.3145281310906862,7590.0,7061.0,0.0749185667752443,Uptrend,6500.0,8250.0,0.5714285714285714,0,0,Medium,Markup
2021-10-21,7500.0,7550.0,7350.0,7400.0,106120100,-0.013333333333333308,1.0177924082368024,7565.0,7103.25,0.06500545524935769,Uptrend,6500.0,8250.0,0.5142857142857142,0,0,Low,Markup
2021-10-22,7450.0,7550.0,7425.0,7525.0,96730700,0.016891891891891886,0.9121098944442934,7520.0,7150.5,0.05167470806237326,Uptrend,6500.0,8250.0,0.5857142857142857,0,0,Low,Markup
2021-10-25,7400.0,7525.0,7400.0,7525.0,60329800,0.0,0.5689284626432581,7495.0,7197.5,0.04133379645710316,Uptrend,6500.0,8250.0,0.5857142857142857,0,0,Low,Markup
2021-10-26,7600.0,7600.0,7500.0,7525.0,70103000,0.0,0.6564343143141738,7495.0,7244.75,0.03454225473618827,Uptrend,6500.0,8250.0,0.5857142857142857,0,0,Low,Markup
2021-10-27,7575.0,7575.0,7425.0,7450.0,57067000,-0.009966777408637828,0.5402144642051238,7485.0,7291.25,0.026572947025544316,Uptrend,6515.0,8250.0,0.5389048991354467,0,0,Low,Markup
2021-10-28,7350.0,7425.0,7350.0,7375.0,75271900,-0.010067114093959773,0.7121457762599847,7480.0,7331.0,0.020324648751875597,Uptrend,6595.0,8250.0,0.47129909365558914,0,0,Low,Markup
2021-10-29,7450.0,7475.0,7375.0,7475.0,60639200,0.013559322033898313,0.6010613074762546,7470.0,7354.75,0.015670145144294503,Uptrend,6710.0,8250.0,0.4967532467532468,0,0,Low,Markup
2021-11-01,7550.0,7550.0,7400.0,7400.0,38593400,-0.010033444816053505,0.39534792597636775,7445.0,7386.75,0.007885741361221105,Sideways,6740.0,8250.0,0.4370860927152318,0,0,Low,Markup
2021-11-02,7375.0,7425.0,7250.0,7300.0,90535400,-0.013513513513513487,0.9199850278903049,7400.0,7403.75,-0.0005065000844166807,Sideways,6860.0,8250.0,0.31654676258992803,0,0,Low,Markup
2021-11-03,7300.0,7400.0,7250.0,7350.0,61621500,0.006849315068493178,0.6240695708218422,7380.0,7424.0,-0.005926724137931034,Sideways,6970.0,8250.0,0.296875,0,0,Low,Markup
2021-11-04,7425.0,7475.0,7375.0,7375.0,61081400,0.00340136054421758,0.6562257046677066,7380.0,7433.75,-0.007230536404910039,Sideways,7080.0,8250.0,0.25213675213675213,0,0,Low,Markup
2021-11-05,7475.0,7475.0,7375.0,7450.0,43120400,0.01016949152542379,0.4797941444071287,7375.0,7448.25,-0.009834524888396604,Sideways,7175.0,8250.0,0.2558139534883721,0,0,Low,Markup
2021-11-08,7500.0,7600.0,7450.0,7575.0,85441700,0.016778523489932917,0.9555888195648444,7410.0,7462.5,-0.007035175879396985,Sideways,7230.0,8250.0,0.3382352941176471,0,0,Low,Markup
2021-11-09,7600.0,7675.0,7575.0,7675.0,101785800,0.013201320132013139,1.1046640473721716,7485.0,7483.5,0.00020044097013429546,Sideways,7245.0,8250.0,0.42786069651741293,0,0,Low,Markup
2021-11-10,7675.0,7675.0,7575.0,7650.0,47503900,-0.0032573289902280145,0.5280340555116089,7545.0,7500.0,0.006,Sideways,7250.0,8250.0,0.4,0,0,Low,Markup
2021-11-11,7700.0,7750.0,7600.0,7675.0,55790000,0.0032679738562091387,0.6786399563840935,7605.0,7507.5,0.012987012987012988,Uptrend,7250.0,7900.0,0.6538461538461539,0,0,Low,Markup
2021-11-12,7750.0,7750.0,7525.0,7525.0,52590100,-0.019543973941368087,0.6751196605280404,7620.0,7496.25,0.016508254127063533,Uptrend,7250.0,7875.0,0.44,0,0,Low,Markup
2021-11-15,7625.0,7625.0,7500.0,7500.0,67344200,-0.0033222591362126463,0.9082678373338998,7605.0,7488.75,0.015523284927391086,Uptrend,7250.0,7750.0,0.5,0,0,Low,Markup
2021-11-16,7400.0,7475.0,7325.0,7475.0,98616900,-0.0033333333333332993,1.3464091033332524,7565.0,7486.25,0.010519285356486892,Uptrend,7250.0,7750.0,0.45,0,0,Medium,Markup
2021-11-17,7500.0,7575.0,7425.0,7575.0,61968100,0.013377926421404673,0.8901835117070909,7550.0,7490.0,0.00801068090787717,Sideways,7250.0,7750.0,0.65,0,0,Low,Markup
2021-11-18,7425.0,7500.0,7400.0,7400.0,78839600,-0.02310231023102305,1.1551809778061706,7495.0,7490.0,0.0006675567423230974,Sideways,7250.0,7750.0,0.3,0,0,Low,Markup
2021-11-19,7425.0,7450.0,7375.0,7425.0,68203700,0.0033783783783782884,1.0206719757685865,7475.0,7485.0,-0.0013360053440213762,Sideways,7250.0,7750.0,0.35,0,0,Low,Markup
2021-11-22,7425.0,7525.0,7400.0,7475.0,66328300,0.006734006734006703,0.9881712143993927,7470.0,7482.5,-0.001670564650851988,Sideways,7250.0,7750.0,0.45,0,0,Low,Markup
2021-11-23,7400.0,7500.0,7400.0,7475.0,43477500,0.0,0.660842668450092,7470.0,7480.0,-0.001336898395721925,Sideways,7250.0,7750.0,0.45,0,0,Low,Markup
2021-11-24,7575.0,7575.0,7425.0,7475.0,35181400,0.0,0.5437895460542668,7450.0,7481.25,-0.004177109440267335,Sideways,7250.0,7750.0,0.45,0,0,Low,Markup
2021-11-25,7450.0,7525.0,7425.0,7425.0,40216100,-0.006688963210702337,0.6389194319452249,7455.0,7483.75,-0.00384165692333389,Sideways,7250.0,7750.0,0.35,0,0,Low,Markup
2021-11-26,7400.0,7450.0,7250.0,7275.0,113288400,-0.02020202020202022,1.7275790875344008,7425.0,7473.75,-0.006522829904666332,Sideways,7250.0,7750.0,0.05,0,0,High,Akumulasi
2021-11-29,7275.0,7425.0,7175.0,7400.0,87907900,0.01718213058419238,1.2919630731643188,7410.0,7473.75,-0.008529854490717512,Sideways,7175.0,7750.0,0.391304347826087,0,0,Medium,Akumulasi
2021-11-30,7325.0,7425.0,7275.0,7275.0,144923700,-0.016891891891891886,2.0480577511537694,7370.0,7472.5,-0.01371696219471395,Downtrend,7175.0,7750.0,0.17391304347826086,0,0,High,Akumulasi
2021-12-01,7275.0,7450.0,7275.0,7300.0,76538100,0.0034364261168384758,1.0703527580937122,7335.0,7470.0,-0.018072289156626505,Downtrend,7175.0,7750.0,0.21739130434782608,0,0,Low,Akumulasi
2021-12-02,7375.0,7500.0,7300.0,7500.0,66831000,0.027397260273972712,0.9308607693811979,7350.0,7476.25,-0.016886808226049155,Downtrend,7175.0,7750.0,0.5652173913043478,0,0,Low,Akumulasi
2021-12-03,7525.0,7525.0,7350.0,7375.0,63283700,-0.01666666666666672,0.8692457131405497,7370.0,7472.5,-0.01371696219471395,Downtrend,7175.0,7750.0,0.34782608695652173,0,0,Low,Akumulasi
2021-12-06,7450.0,7475.0,7350.0,7350.0,56944100,-0.003389830508474523,0.7977808327131036,7360.0,7461.25,-0.013570112246607473,Downtrend,7175.0,7750.0,0.30434782608695654,0,0,Low,Akumulasi
2021-12-07,7450.0,7475.0,7350.0,7350.0,51258200,0.0,0.7444720536857853,7375.0,7445.0,-0.009402283411685695,Sideways,7175.0,7750.0,0.30434782608695654,0,0,Low,Akumulasi
2021-12-08,7450.0,7475.0,7400.0,7425.0,74775000,0.010204081632652962,1.0649388381164788,7400.0,7433.75,-0.0045401042542458385,Sideways,7175.0,7750.0,0.43478260869565216,0,0,Low,Akumulasi
2021-12-09,7400.0,7450.0,7350.0,7350.0,54886400,-0.010101010101010055,0.7821904822166472,7370.0,7417.5,-0.0064037748567576675,Sideways,7175.0,7750.0,0.30434782608695654,0,0,Low,Akumulasi
2021-12-10,7325.0,7375.0,7275.0,7375.0,91092400,0.00340136054421758,1.2635009789481926,7370.0,7410.0,-0.005398110661268556,Sideways,7175.0,7625.0,0.4444444444444444,0,0,Medium,Akumulasi
2021-12-13,7375.0,7400.0,7300.0,7300.0,59977100,-0.01016949152542368,0.8361872146118722,7360.0,7400.0,-0.005405405405405406,Sideways,7175.0,7575.0,0.3125,0,0,Low,Akumulasi
2021-12-14,7300.0,7375.0,7275.0,7300.0,49763600,0.0,0.7182530681772176,7350.0,7391.25,-0.005580923389142567,Sideways,7175.0,7575.0,0.3125,0,0,Low,Akumulasi
2021-12-15,7300.0,7375.0,7275.0,7300.0,52477600,0.0,0.7626484002471163,7325.0,7377.5,-0.00711623178583531,Sideways,7175.0,7575.0,0.3125,0,0,Low,Akumulasi
2021-12-16,7375.0,7400.0,7275.0,7275.0,95171400,-0.003424657534246589,1.3668890539606597,7310.0,7371.25,-0.008309309818551805,Sideways,7175.0,7575.0,0.25,0,0,Medium,Akumulasi
2021-12-17,7325.0,7500.0,7300.0,7500.0,107096800,0.030927835051546282,1.4963727943473144,7335.0,7375.0,-0.005423728813559322,Sideways,7175.0,7575.0,0.8125,0,0,Medium,Distribusi
2021-12-20,7350.0,7400.0,7325.0,7375.0,74753000,-0.01666666666666672,1.0383490315682942,7350.0,7370.0,-0.0027137042062415195,Sideways,7175.0,7575.0,0.5,0,0,Low,Distribusi
2021-12-21,7325.0,7400.0,7325.0,7375.0,52386100,0.0,0.7231893381337868,7365.0,7365.0,0.0,Sideways,7175.0,7575.0,0.5,0,0,Low,Distribusi
2021-12-22,7425.0,7425.0,7325.0,7325.0,33232000,-0.006779661016949157,0.4593854061362621,7370.0,7357.5,0.0016989466530750934,Sideways,7175.0,7525.0,0.42857142857142855,0,0,Low,Distribusi
2021-12-23,7325.0,7350.0,7300.0,7300.0,37136400,-0.0034129692832765013,0.514453292941464,7375.0,7351.25,0.0032307430709063085,Sideways,7175.0,7525.0,0.35714285714285715,0,0,Low,Distribusi
2021-12-24,7300.0,7350.0,7300.0,7300.0,30802100,0.0,0.45256056147770346,7335.0,7352.5,-0.0023801428085685142,Sideways,7175.0,7525.0,0.35714285714285715,0,0,Low,Distribusi
2021-12-27,7300.0,7350.0,7300.0,7350.0,20722100,0.006849315068493178,0.32026717961922363,7330.0,7350.0,-0.0027210884353741495,Sideways,7275.0,7525.0,0.3,0,0,Low,Distribusi
2021-12-28,7375.0,7400.0,7325.0,7350.0,39343800,0.0,0.6620910953730546,7325.0,7353.75,-0.003909569947305796,Sideways,7275.0,7525.0,0.3,0,0,Low,Distribusi
2021-12-29,7350.0,7375.0,7300.0,7300.0,42079500,-0.006802721088435382,0.7292729895513246,7320.0,7353.75,-0.004589495155532891,Sideways,7275.0,7525.0,0.1,0,0,Low,Distribusi
2021-12-30,7350.0,7350.0,7300.0,7300.0,49954700,0.0,0.8786055493801973,7320.0,7343.75,-0.0032340425531914895,Sideways,7275.0,7525.0,0.1,0,0,Low,Distribusi
2022-01-03,7325.0,7400.0,7300.0,7325.0,54287400,0.003424657534246478,0.962423359447416,7325.0,7341.25,-0.0022135194959986377,Sideways,7275.0,7500.0,0.2222222222222222,0,0,Low,Distribusi
2022-01-04,7325.0,7450.0,7325.0,7400.0,70624000,0.010238907849829282,1.2370430495325182,7335.0,7343.75,-0.0011914893617021277,Sideways,7275.0,7500.0,0.5555555555555556,0,0,Medium,Distribusi
2022-01-05,7450.0,7525.0,7375.0,7450.0,76164900,0.006756756756756799,1.3056172643061188,7355.0,7348.75,0.0008504847763225039,Sideways,7275.0,7525.0,0.7,0,0,Medium,Distribusi
2022-01-06,7500.0,7525.0,7425.0,7475.0,63657100,0.003355704697986628,1.101707118086023,7390.0,7351.25,0.005271212378847135,Sideways,7275.0,7525.0,0.8,0,0,Low,Distribusi
2022-01-07,7550.0,7700.0,7500.0,7650.0,143433300,0.02341137123745818,2.3057137641900494,7460.0,7366.25,0.012726964194807398,Uptrend,7275.0,7700.0,0.8823529411764706,1,0,High,Markup
2022-01-10,7575.0,7650.0,7550.0,7600.0,45351900,-0.006535947712418277,0.7568648184251396,7515.0,7377.5,0.018637749915282956,Uptrend,7275.0,7700.0,0.7647058823529411,0,0,Low,Markup
2022-01-11,7650.0,7700.0,7625.0,7700.0,110334600,0.013157894736842035,1.7670891642936026,7575.0,7397.5,0.023994592767826967,Uptrend,7275.0,7700.0,1.0,0,0,High,Markup
2022-01-12,7700.0,7700.0,7650.0,7700.0,62606000,0.0,0.9924741682226753,7625.0,7417.5,0.02797438490057297,Uptrend,7275.0,7700.0,1.0,0,0,Low,Markup
2022-01-13,7700.0,7750.0,7650.0,7700.0,50025200,0.0,0.7945790626037644,7670.0,7437.5,0.031260504201680674,Uptrend,7275.0,7750.0,0.8947368421052632,0,0,Low,Markup
2022-01-14,7700.0,7850.0,7650.0,7850.0,65898700,0.01948051948051943,1.0716197616436467,7710.0,7466.25,0.03264691109994977,Uptrend,7300.0,7850.0,1.0,1,0,Low,Markup
2022-01-17,7900.0,7900.0,7700.0,7750.0,63902600,-0.01273885350318471,1.0769840348247748,7740.0,7478.75,0.03493230820658533,Uptrend,7300.0,7900.0,0.75,0,0,Low,Markup
2022-01-18,7775.0,7775.0,7550.0,7675.0,71476300,-0.009677419354838679,1.2079629973736261,7735.0,7493.75,0.03219349457881568,Uptrend,7300.0,7900.0,0.625,0,0,Medium,Markup
2022-01-19,7650.0,7725.0,7575.0,7675.0,60389700,0.0,1.0137413073433323,7730.0,7508.75,0.02946562343932079,Uptrend,7300.0,7900.0,0.625,0,0,Low,Markup
2022-01-20,7725.0,7775.0,7625.0,7775.0,59925500,0.013029315960912058,0.9839048143041901,7745.0,7531.25,0.028381742738589212,Uptrend,7300.0,7900.0,0.7916666666666666,0,0,Low,Markup
2022-01-21,7775.0,7950.0,7700.0,7950.0,63370500,0.022508038585209,1.0185318454238634,7765.0,7563.75,0.0266071723682036,Uptrend,7300.0,7950.0,1.0,1,0,Low,Markup
2022-01-24,7825.0,7850.0,7775.0,7800.0,40278300,-0.018867924528301883,0.6424862267582402,7775.0,7588.75,0.024542908911217264,Uptrend,7300.0,7950.0,0.7692307692307693,0,0,Low,Markup
2022-01-25,7675.0,7775.0,7625.0,7775.0,106796900,-0.0032051282051281937,1.5941014742209667,7795.0,7610.0,0.02431011826544021,Uptrend,7300.0,7950.0,0.7307692307692307,0,0,High,Markup
2022-01-26,7700.0,7750.0,7650.0,7700.0,53350200,-0.009646302250803873,0.7880923605331029,7800.0,7627.5,0.02261553588987217,Uptrend,7300.0,7950.0,0.6153846153846154,0,0,Low,Markup
2022-01-27,7625.0,7800.0,7625.0,7800.0,71945100,0.01298701298701288,1.0398397020204688,7805.0,7652.5,0.0199281280627246,Uptrend,7300.0,7950.0,0.7692307692307693,0,0,Low,Markup
2022-01-28,7800.0,7825.0,7700.0,7775.0,70595000,-0.0032051282051281937,1.0053309097351122,7770.0,7676.25,0.012212994626282364,Uptrend,7300.0,7950.0,0.7307692307692307,0,0,Low,Markup
2022-01-31,7775.0,7775.0,7625.0,7625.0,68122000,-0.019292604501607746,0.9606501769295888,7735.0,7691.25,0.005688282138794084,Sideways,7325.0,7950.0,0.48,0,0,Low,Markup
2022-02-02,7775.0,7800.0,7675.0,7800.0,65308100,0.022950819672131084,0.9244337961369546,7740.0,7711.25,0.0037283190144269734,Sideways,7375.0,7950.0,0.7391304347826086,0,0,Low,Markup
2022-02-03,7800.0,7825.0,7700.0,7725.0,35100600,-0.009615384615384581,0.5117199356555983,7745.0,7725.0,0.0025889967637540453,Sideways,7425.0,7950.0,0.5714285714285714,0,0,Low,Markup
2022-02-04,7750.0,7800.0,7700.0,7725.0,39324700,0.0,0.5836537702317535,7730.0,7737.5,-0.0009693053311793214,Sideways,7500.0,7950.0,0.5,0,0,Low,Markup
2022-02-07,7775.0,7800.0,7700.0,7800.0,56813200,0.009708737864077666,0.9011423528832354,7735.0,7745.0,-0.0012911555842479018,Sideways,7550.0,7950.0,0.625,0,0,Low,Markup
2022-02-08,7750.0,7850.0,7725.0,7725.0,61883100,-0.009615384615384581,0.9688563816733431,7755.0,7751.25,0.0004837929366231253,Sideways,7550.0,7950.0,0.4375,0,0,Low,Markup
2022-02-09,7850.0,7950.0,7800.0,7950.0,108922200,0.029126213592232997,1.7071991582668768,7785.0,7763.75,0.0027370793753018837,Sideways,7550.0,7950.0,1.0,0,0,High,Distribusi
2022-02-10,7950.0,7950.0,7750.0,7750.0,93277000,-0.02515723270440251,1.427667409833697,7790.0,7766.25,0.0030581039755351682,Sideways,7550.0,7950.0,0.5,0,0,Medium,Distribusi
2022-02-11,7675.0,7825.0,7650.0,7825.0,71968800,0.00967741935483879,1.0833384450439676,7810.0,7772.5,0.004824702476680605,Sideways,7550.0,7950.0,0.6875,0,0,Low,Distribusi
2022-02-14,7750.0,7775.0,7700.0,7700.0,57710700,-0.015974440894568676,0.874099603888189,7790.0,7765.0,0.003219575016097875,Sideways,7550.0,7950.0,0.375,0,0,Low,Distribusi
2022-02-15,7750.0,7875.0,7725.0,7875.0,55617000,0.022727272727272707,0.847707115873044,7820.0,7771.25,0.0062731220846067234,Sideways,7550.0,7950.0,0.8125,0,0,Low,Distribusi
2022-02-16,7850.0,7975.0,7825.0,7975.0,77055100,0.012698412698412653,1.1694916887730993,7825.0,7786.25,0.004976721785198267,Sideways,7575.0,7975.0,1.0,1,0,Low,Distribusi
2022-02-17,7850.0,7925.0,7800.0,7900.0,48704600,-0.009404388714733591,0.7458199362575595,7855.0,7797.5,0.007374158384097467,Sideways,7625.0,7975.0,0.7857142857142857,0,0,Low,Distribusi
2022-02-18,7950.0,7950.0,7850.0,7925.0,56813400,0.0031645569620253333,0.8720690214907405,7875.0,7805.0,0.008968609865470852,Sideways,7625.0,7975.0,0.8571428571428571,0,0,Low,Distribusi
2022-02-21,7925.0,7975.0,7900.0,7950.0,43821700,0.003154574132492094,0.6828960119220104,7925.0,7805.0,0.015374759769378604,Uptrend,7625.0,7975.0,0.9285714285714286,0,0,Low,Distribusi
2022-02-22,7900.0,7950.0,7850.0,7900.0,80095500,-0.0062893081761006275,1.2106105318906861,7930.0,7810.0,0.015364916773367477,Uptrend,7625.0,7975.0,0.7857142857142857,0,0,Medium,Distribusi
2022-02-23,7900.0,8100.0,7875.0,8050.0,99240300,0.018987341772152,1.5085914892074241,7945.0,7823.75,0.015497683335996165,Uptrend,7625.0,8100.0,0.8947368421052632,1,0,High,Markup
2022-02-24,8125.0,8150.0,7925.0,8000.0,124947700,-0.006211180124223614,1.8013519831599683,7965.0,7838.75,0.01610588422899059,Uptrend,7625.0,8150.0,0.7142857142857143,0,0,High,Markup
2022-02-25,7950.0,8175.0,7925.0,8050.0,135899900,0.006250000000000089,1.8729047809822987,7990.0,7851.25,0.017672345167966886,Uptrend,7625.0,8175.0,0.7727272727272727,0,0,High,Markup
2022-03-01,8000.0,8175.0,8000.0,8050.0,136616800,0.0,1.8008566066964646,8010.0,7865.0,0.018436109345200253,Uptrend,7625.0,8175.0,0.7727272727272727,0,0,High,Markup
2022-03-02,8225.0,8225.0,7975.0,7975.0,100301000,-0.009316770186335366,1.2946897467661154,8025.0,7882.5,0.01807802093244529,Uptrend,7650.0,8225.0,0.5652173913043478,0,0,Medium,Markup
2022-03-04,7975.0,8025.0,7900.0,7900.0,132983400,-0.009404388714733591,1.6447179689377882,7995.0,7887.5,0.013629160063391443,Uptrend,7650.0,8225.0,0.43478260869565216,0,0,High,Markup
2022-03-07,7800.0,7850.0,7700.0,7700.0,130990900,-0.025316455696202556,1.529385803861909,7935.0,7886.25,0.006181645268663814,Sideways,7650.0,8225.0,0.08695652173913043,0,0,High,Akumulasi
2022-03-08,7700.0,7850.0,7650.0,7650.0,119256500,-0.00649350649350644,1.3303056446281896,7855.0,7882.5,-0.0034887408816999684,Sideways,7650.0,8225.0,0.0,0,0,Medium,Akumulasi
2022-03-09,7700.0,7950.0,7650.0,7850.0,132814500,0.02614379084967311,1.4212967156808898,7815.0,7885.0,-0.008877615726062143,Sideways,7650.0,8225.0,0.34782608695652173,0,0,Medium,Akumulasi
2022-03-10,7925.0,7975.0,7800.0,7925.0,86484000,0.009554140127388644,0.9134728371113919,7805.0,7895.0,-0.011399620012666244,Downtrend,7650.0,8225.0,0.4782608695652174,0,0,Low,Akumulasi
2022-03-11,7725.0,7950.0,7725.0,7950.0,61053900,0.003154574132492094,0.6615968432197455,7815.0,7895.0,-0.01013299556681444,Downtrend,7650.0,8225.0,0.5217391304347826,0,0,Low,Akumulasi
2022-03-14,8050.0,8100.0,7950.0,8075.0,78432100,0.01572327044025168,0.8568032100365751,7890.0,7911.25,-0.00268604834887028,Sideways,7650.0,8225.0,0.7391304347826086,0,0,Low,Akumulasi
2022-03-15,8150.0,8200.0,8075.0,8150.0,111214500,0.009287925696594534,1.1894258640193984,7990.0,7927.5,0.007883948281299276,Sideways,7650.0,8225.0,0.8695652173913043,0,0,Low,Akumulasi
2022-03-16,8275.0,8275.0,8075.0,8200.0,149761300,0.006134969325153339,1.5265377611717952,8060.0,7952.5,0.01351776171015404,Uptrend,7650.0,8275.0,0.88,0,0,High,Akumulasi
2022-03-17,8300.0,8300.0,8000.0,8000.0,132439400,-0.024390243902439046,1.2991091145266884,8075.0,7958.75,0.014606565101303596,Uptrend,7650.0,8300.0,0.5384615384615384,0,0,Medium,Akumulasi
2022-03-18,8000.0,8100.0,7900.0,7900.0,143981700,-0.012499999999999956,1.3674429617146608,8065.0,7955.0,0.013827781269641735,Uptrend,7650.0,8300.0,0.38461538461538464,0,0,Medium,Akumulasi
2022-03-21,7800.0,7950.0,7800.0,7900.0,85485500,0.0,0.7979477596267025,8030.0,7955.0,0.009428032683846637,Sideways,7650.0,8300.0,0.38461538461538464,0,0,Low,Akumulasi
2022-03-22,7900.0,7950.0,7875.0,7925.0,60010900,0.0031645569620253333,0.5593253710741034,7985.0,7955.0,0.003771213073538655,Sideways,7650.0,8300.0,0.4230769230769231,0,0,Low,Akumulasi
2022-03-23,7925.0,7950.0,7825.0,7900.0,82208000,-0.003154574132492094,0.7527454450742046,7925.0,7952.5,-0.0034580320653882428,Sideways,7650.0,8300.0,0.38461538461538464,0,0,Low,Akumulasi
2022-03-24,7850.0,7950.0,7800.0,7925.0,95245100,0.0031645569620253333,0.8661135924811835,7910.0,7953.75,-0.005500550055005501,Sideways,7650.0,8300.0,0.4230769230769231,0,0,Low,Akumulasi
2022-03-25,7900.0,7950.0,7900.0,7950.0,85101200,0.003154574132492094,0.7788769713443671,7920.0,7948.75,-0.003616920899512502,Sideways,7650.0,8300.0,0.46153846153846156,0,0,Low,Akumulasi
2022-03-28,7825.0,7900.0,7800.0,7900.0,83911500,-0.0062893081761006275,0.7826864020252663,7920.0,7943.75,-0.002989771833202203,Sideways,7650.0,8300.0,0.38461538461538464,0,0,Low,Akumulasi
2022-03-29,7875.0,7900.0,7825.0,7850.0,62180600,-0.006329113924050667,0.6006415539484508,7905.0,7933.75,-0.003623759256341579,Sideways,7650.0,8300.0,0.3076923076923077,0,0,Low,Akumulasi
2022-03-30,7900.0,7900.0,7825.0,7875.0,71430600,0.0031847133757962887,0.7124228526735281,7900.0,7925.0,-0.0031545741324921135,Sideways,7650.0,8300.0,0.34615384615384615,0,0,Low,Akumulasi
2022-03-31,7925.0,8000.0,7875.0,7975.0,112691900,0.012698412698412653,1.1170457122111934,7910.0,7925.0,-0.0018927444794952682,Sideways,7650.0,8300.0,0.5,0,0,Low,Akumulasi
2022-04-01,8075.0,8075.0,7850.0,7925.0,105575400,-0.006269592476489061,1.060915619718837,7905.0,7926.25,-0.002680965147453083,Sideways,7650.0,8300.0,0.4230769230769231,0,0,Low,Akumulasi
2022-04-04,7925.0,7925.0,7825.0,7900.0,57321200,-0.003154574132492094,0.5981551286815328,7905.0,7936.25,-0.0039376279729091196,Sideways,7650.0,8300.0,0.38461538461538464,0,0,Low,Akumulasi
2022-04-05,7900.0,7900.0,7850.0,7900.0,48528300,0.0,0.5258036366126442,7915.0,7948.75,-0.00424595062116685,Sideways,7650.0,8300.0,0.38461538461538464,0,0,Low,Akumulasi
2022-04-06,7825.0,7850.0,7750.0,7750.0,119263000,-0.01898734177215189,1.3017703620671957,7890.0,7943.75,-0.006766325727773407,Sideways,7725.0,8300.0,0.043478260869565216,0,0,Medium,Akumulasi
2022-04-07,7725.0,7825.0,7700.0,7750.0,68619400,0.0,0.7563635481829122,7845.0,7935.0,-0.011342155009451797,Downtrend,7700.0,8300.0,0.08333333333333333,0,0,Low,Akumulasi
2022-04-08,7800.0,7875.0,7775.0,7850.0,69791600,0.012903225806451646,0.7655974144703919,7830.0,7930.0,-0.012610340479192938,Downtrend,7700.0,8300.0,0.25,0,0,Low,Akumulasi
2022-04-11,7825.0,7875.0,7725.0,7725.0,62776200,-0.015923566878980888,0.6946047531079995,7795.0,7912.5,-0.014849921011058451,Downtrend,7700.0,8300.0,0.041666666666666664,0,0,Low,Akumulasi
2022-04-12,7725.0,7800.0,7700.0,7800.0,73471300,0.009708737864077666,0.8302807654291536,7775.0,7895.0,-0.015199493350221659,Downtrend,7700.0,8300.0,0.16666666666666666,0,0,Low,Akumulasi
2022-04-13,7800.0,7850.0,7750.0,7800.0,57622100,0.0,0.6869362703855244,7785.0,7875.0,-0.011428571428571429,Downtrend,7700.0,8300.0,0.16666666666666666,0,0,Low,Akumulasi
2022-04-14,7800.0,7800.0,7700.0,7700.0,93342900,-0.012820512820512775,1.1393295472410383,7775.0,7860.0,-0.010814249363867684,Downtrend,7700.0,8100.0,0.0,0,0,Low,Akumulasi
2022-04-18,7700.0,7725.0,7625.0,7700.0,68464700,0.0,0.8760446140454117,7745.0,7850.0,-0.01337579617834395,Downtrend,7625.0,8075.0,0.16666666666666666,0,0,Low,Akumulasi
2022-04-19,7700.0,7700.0,7625.0,7625.0,98632000,-0.009740259740259716,1.2515259126148601,7725.0,7836.25,-0.014196841601531346,Downtrend,7625.0,8075.0,0.0,0,0,Medium,Akumulasi
2022-04-20,7725.0,7725.0,7625.0,7650.0,124388800,0.003278688524590123,1.5164134227350101,7695.0,7822.5,-0.016299137104506232,Downtrend,7625.0,8075.0,0.05555555555555555,0,0,High,Akumulasi
2022-04-21,7800.0,7925.0,7750.0,7925.0,129323400,0.03594771241830075,1.5325572151896933,7720.0,7823.75,-0.013260904297811151,Downtrend,7625.0,8075.0,0.6666666666666666,0,0,High,Akumulasi
2022-04-22,7850.0,7925.0,7800.0,7875.0,85956100,-0.006309148264984188,1.0242671528144613,7755.0,7821.25,-0.00847051302541154,Sideways,7625.0,8075.0,0.5555555555555556,0,0,Low,Akumulasi
2022-04-25,7875.0,8000.0,7825.0,8000.0,91279600,0.015873015873015817,1.0837135588143352,7815.0,7823.75,-0.0011183895190925068,Sideways,7625.0,8075.0,0.8333333333333334,0,0,Low,Akumulasi
2022-04-26,7925.0,8125.0,7925.0,8125.0,128360900,0.015625,1.4847821309180924,7915.0,7835.0,0.01021059349074665,Uptrend,7625.0,8125.0,1.0,1,0,Medium,Markup
2022-04-27,8075.0,8200.0,8075.0,8200.0,89463100,0.009230769230769154,1.0187664141000767,8025.0,7852.5,0.021967526265520534,Uptrend,7625.0,8200.0,1.0,1,0,Low,Markup
2022-04-28,8250.0,8250.0,8075.0,8125.0,133730600,-0.009146341463414642,1.4706963176395063,8065.0,7865.0,0.02542911633820725,Uptrend,7625.0,8250.0,0.8,0,0,Medium,Markup
2022-05-09,7875.0,7900.0,7600.0,7600.0,456796600,-0.06461538461538463,4.224303687526448,8010.0,7846.25,0.020869842281344593,Uptrend,7600.0,8250.0,0.0,0,1,High,Markup
2022-05-10,7250.0,7600.0,7250.0,7525.0,268445700,-0.009868421052631526,2.3086368869667857,7915.0,7826.25,0.011340041526912634,Uptrend,7250.0,8250.0,0.275,0,1,High,Markup
2022-05-11,7525.0,7700.0,7450.0,7650.0,156535200,0.01661129568106312,1.2911229687171042,7820.0,7813.75,0.0007998720204767237,Sideways,7250.0,8250.0,0.4,0,0,Medium,Markup
2022-05-12,7525.0,7550.0,7275.0,7275.0,240529600,-0.0490196078431373,1.8383541868504072,7635.0,7782.5,-0.018952778670093158,Downtrend,7250.0,8250.0,0.025,0,0,High,Markup
2022-05-13,7250.0,7475.0,7250.0,7325.0,212968600,0.0068728522336769515,1.5714349803711376,7475.0,7761.25,-0.03688194556289257,Downtrend,7250.0,8250.0,0.075,0,0,High,Markup
2022-05-17,7275.0,7475.0,7275.0,7400.0,159657600,0.010238907849829282,1.1397859303355167,7435.0,7743.75,-0.03987086359967716,Downtrend,7250.0,8250.0,0.15,0,0,Low,Markup
2022-05-18,7500.0,7575.0,7375.0,7575.0,153514300,0.023648648648648685,1.0641282743634168,7445.0,7730.0,-0.03686934023285899,Downtrend,7250.0,8250.0,0.325,0,0,Low,Markup
2022-05-19,7400.0,7475.0,7375.0,7450.0,140908900,-0.01650165016501648,0.9509973705807399,7405.0,7716.25,-0.04033695123926778,Downtrend,7250.0,8250.0,0.2,0,0,Low,Markup
2022-05-20,7425.0,7475.0,7400.0,7400.0,86520200,-0.006711409395973145,0.5813668263999463,7430.0,7696.25,-0.034594770180282605,Downtrend,7250.0,8250.0,0.15,0,0,Low,Markup
2022-05-23,7450.0,7475.0,7350.0,7375.0,71603500,-0.0033783783783783994,0.4788855406809934,7440.0,7675.0,-0.03061889250814332,Downtrend,7250.0,8250.0,0.125,0,0,Low,Markup
2022-05-24,7325.0,7475.0,7325.0,7350.0,108710800,-0.003389830508474523,0.7233425672889612,7430.0,7657.5,-0.029709435194253998,Downtrend,7250.0,8250.0,0.1,0,0,Low,Markup
2022-05-25,7400.0,7450.0,7350.0,7375.0,76747400,0.00340136054421758,0.5092604097266527,7390.0,7641.25,-0.032880745951251435,Downtrend,7250.0,8250.0,0.125,0,0,Low,Markup
2022-05-27,7525.0,7575.0,7475.0,7575.0,84336900,0.027118644067796627,0.5622876467717042,7415.0,7638.75,-0.029291441662575683,Downtrend,7250.0,8250.0,0.325,0,0,Low,Markup
2022-05-30,7575.0,7600.0,7475.0,7575.0,105411400,0.0,0.7072690945693647,7450.0,7635.0,-0.024230517354289455,Downtrend,7250.0,8250.0,0.325,0,0,Low,Markup
2022-05-31,7600.0,7750.0,7525.0,7750.0,286292700,0.02310231023102305,1.8248165249348924,7525.0,7626.25,-0.013276512047205376,Downtrend,7250.0,8250.0,0.5,0,0,High,Markup
2022-06-02,7625.0,7675.0,7525.0,7575.0,149226300,-0.022580645161290325,0.9323613866856205,7570.0,7611.25,-0.005419609131220233,Sideways,7250.0,8250.0,0.325,0,0,Low,Markup
2022-06-03,7600.0,7675.0,7575.0,7600.0,80563100,0.0033003300330032292,0.5050466043661905,7615.0,7591.25,0.0031286020088918164,Sideways,7250.0,8250.0,0.35,0,0,Low,Markup
2022-06-06,7550.0,7575.0,7425.0,7450.0,81140300,-0.019736842105263164,0.5163070072032007,7590.0,7557.5,0.004300363876943433,Sideways,7250.0,8250.0,0.2,0,0,Low,Markup
2022-06-07,7300.0,7475.0,7300.0,7375.0,129242500,-0.010067114093959773,0.812109854395491,7550.0,7516.25,0.004490271079328123,Sideways,7250.0,8250.0,0.125,0,0,Low,Markup
2022-06-08,7500.0,7600.0,7425.0,7600.0,108910500,0.03050847457627115,0.6897299454624404,7520.0,7490.0,0.004005340453938585,Sideways,7250.0,7900.0,0.5384615384615384,0,0,Low,Markup
2022-06-09,7500.0,7575.0,7500.0,7500.0,107828300,-0.013157894736842146,0.7677087892187865,7505.0,7485.0,0.0026720106880427524,Sideways,7250.0,7750.0,0.5,0,0,Low,Markup
2022-06-10,7400.0,7450.0,7350.0,7350.0,111768600,-0.020000000000000018,0.8427680311317599,7455.0,7476.25,-0.002842334057849858,Sideways,7250.0,7750.0,0.2,0,0,Low,Markup
2022-06-13,7300.0,7400.0,7275.0,7350.0,85539500,0.0,0.6627318829435416,7435.0,7461.25,-0.0035181772491204555,Sideways,7250.0,7750.0,0.2,0,0,Low,Markup
2022-06-14,7300.0,7400.0,7250.0,7400.0,80865100,0.006802721088435382,0.6678218887819647,7440.0,7467.5,-0.0036826247070639436,Sideways,7250.0,7750.0,0.3,0,0,Low,Markup
2022-06-15,7300.0,7375.0,7300.0,7325.0,130367100,-0.010135135135135087,1.114651230893207,7385.0,7467.5,-0.011047874121191832,Downtrend,7250.0,7750.0,0.15,0,0,Low,Markup
2022-06-16,7400.0,7600.0,7375.0,7575.0,132666300,0.03412969283276457,1.1475511011612196,7400.0,7476.25,-0.01019896338404949,Downtrend,7250.0,7750.0,0.65,0,0,Low,Markup
2022-06-17,7425.0,7550.0,7425.0,7500.0,117839400,-0.00990099009900991,1.0352732682014514,7430.0,7472.5,-0.005687520910003346,Sideways,7250.0,7750.0,0.5,0,0,Low,Markup
2022-06-20,7600.0,7650.0,7500.0,7625.0,88138700,0.016666666666666607,0.7927145098305154,7485.0,7481.25,0.0005012531328320802,Sideways,7250.0,7750.0,0.75,0,0,Low,Markup
2022-06-21,7600.0,7650.0,7550.0,7650.0,44295700,0.003278688524590123,0.4061042383749743,7535.0,7493.75,0.005504587155963303,Sideways,7250.0,7750.0,0.8,0,0,Low,Markup
2022-06-22,7625.0,7650.0,7500.0,7500.0,53041800,-0.019607843137254943,0.4904619302942616,7570.0,7500.0,0.009333333333333334,Sideways,7250.0,7750.0,0.5,0,0,Low,Markup
2022-06-23,7450.0,7575.0,7450.0,7525.0,60443000,0.0033333333333334103,0.5716556658677693,7560.0,7508.75,0.006825370401198602,Sideways,7250.0,7750.0,0.55,0,0,Low,Markup
2022-06-24,7600.0,7600.0,7475.0,7475.0,57956600,-0.006644518272425293,0.553054291723099,7555.0,7513.75,0.0054899351189485945,Sideways,7250.0,7750.0,0.45,0,0,Low,Markup
2022-06-27,7475.0,7500.0,7350.0,7350.0,76354100,-0.01672240802675584,0.7313992923960111,7500.0,7502.5,-0.0003332222592469177,Sideways,7250.0,7750.0,0.2,0,0,Low,Markup
2022-06-28,7300.0,7400.0,7300.0,7300.0,146078100,-0.006802721088435382,1.3725547585578723,7430.0,7488.75,-0.00784510098481055,Sideways,7250.0,7750.0,0.1,0,0,Medium,Akumulasi
2022-06-29,7325.0,7400.0,7275.0,7275.0,98517800,-0.003424657534246589,1.0152377690074335,7385.0,7465.0,-0.010716677829872739,Downtrend,7250.0,7675.0,0.058823529411764705,0,0,Low,Akumulasi
2022-06-30,7300.0,7400.0,7250.0,7250.0,101343900,-0.0034364261168384758,1.0707790013674254,7330.0,7448.75,-0.015942272193321026,Downtrend,7250.0,7675.0,0.0,0,0,Low,Akumulasi
2022-07-01,7300.0,7325.0,7250.0,7250.0,68738800,0.0,0.7308454984888703,7285.0,7431.25,-0.01968040370058873,Downtrend,7250.0,7650.0,0.0,0,0,Low,Akumulasi
2022-07-04,7250.0,7275.0,7000.0,7050.0,102238600,-0.02758620689655178,1.074965576237384,7225.0,7411.25,-0.025130713442401753,Downtrend,7000.0,7650.0,0.07692307692307693,0,1,Low,Akumulasi
2022-07-05,7100.0,7325.0,7100.0,7250.0,69172900,0.028368794326241176,0.7510202459708047,7215.0,7405.0,-0.025658338960162053,Downtrend,7000.0,7650.0,0.38461538461538464,0,0,Low,Akumulasi
2022-07-06,7300.0,7325.0,7175.0,7300.0,66801100,0.006896551724137945,0.74223634127065,7220.0,7390.0,-0.023004059539918808,Downtrend,7000.0,7650.0,0.46153846153846156,0,0,Low,Akumulasi
2022-07-07,7225.0,7250.0,7100.0,7100.0,86126800,-0.0273972602739726,0.9686452841119232,7190.0,7370.0,-0.024423337856173677,Downtrend,7000.0,7650.0,0.15384615384615385,0,0,Low,Akumulasi
2022-07-08,7125.0,7175.0,7075.0,7150.0,64312400,0.007042253521126751,0.7431361126464948,7170.0,7360.0,-0.025815217391304348,Downtrend,7000.0,7650.0,0.23076923076923078,0,0,Low,Akumulasi
2022-07-11,7200.0,7200.0,7125.0,7125.0,36830800,-0.0034965034965035446,0.437906961951194,7185.0,7348.75,-0.0222827011396496,Downtrend,7000.0,7650.0,0.19230769230769232,0,0,Low,Akumulasi
2022-07-12,7175.0,7250.0,7150.0,7175.0,34269000,0.007017543859649145,0.419056076462907,7170.0,7337.5,-0.02282793867120954,Downtrend,7000.0,7650.0,0.2692307692307692,0,0,Low,Akumulasi
2022-07-13,7100.0,7125.0,7000.0,7000.0,71988200,-0.024390243902439046,0.9128873908318401,7110.0,7321.25,-0.02885436230151955,Downtrend,7000.0,7650.0,0.0,0,0,Low,Akumulasi
2022-07-14,7025.0,7100.0,7000.0,7025.0,83316300,0.0035714285714285587,1.0906673892724459,7095.0,7293.75,-0.02724935732647815,Downtrend,7000.0,7650.0,0.038461538461538464,0,0,Low,Akumulasi
2022-07-15,7100.0,7100.0,7000.0,7000.0,57419900,-0.003558718861209953,0.7826155993878905,7065.0,7268.75,-0.028030954428202925,Downtrend,7000.0,7650.0,0.0,0,0,Low,Akumulasi
2022-07-18,7025.0,7150.0,7025.0,7150.0,60077700,0.021428571428571352,0.8348046842839709,7070.0,7245.0,-0.024154589371980676,Downtrend,7000.0,7650.0,0.23076923076923078,0,0,Low,Akumulasi
2022-07-19,7100.0,7175.0,7100.0,7175.0,59641000,0.0034965034965035446,0.8199942144906112,7070.0,7221.25,-0.020945127228665397,Downtrend,7000.0,7650.0,0.2692307692307692,0,0,Low,Akumulasi
2022-07-20,7200.0,7400.0,7175.0,7400.0,105792900,0.03135888501742157,1.4036288097297906,7150.0,7216.25,-0.009180668629828512,Sideways,7000.0,7600.0,0.6666666666666666,0,0,Medium,Distribusi
2022-07-21,7400.0,7400.0,7250.0,7400.0,64337100,0.0,0.8514061273831911,7225.0,7210.0,0.0020804438280166435,Sideways,7000.0,7600.0,0.6666666666666666,0,0,Low,Distribusi
2022-07-22,7400.0,7400.0,7300.0,7325.0,38956500,-0.010135135135135087,0.5220952508718173,7290.0,7202.5,0.012148559527941687,Uptrend,7000.0,7500.0,0.65,0,0,Low,Distribusi
2022-07-25,7350.0,7375.0,7300.0,7300.0,31247600,-0.0034129692832765013,0.43183306000231897,7320.0,7200.0,0.016666666666666666,Uptrend,7000.0,7400.0,0.75,0,0,Low,Distribusi
2022-07-26,7250.0,7375.0,7250.0,7300.0,44379900,0.0,0.6596744191715672,7345.0,7200.0,0.02013888888888889,Uptrend,7000.0,7400.0,0.75,0,0,Low,Distribusi
2022-07-27,7325.0,7350.0,7275.0,7325.0,58465500,0.003424657534246478,0.8957093872651024,7330.0,7202.5,0.01770218674071503,Uptrend,7000.0,7400.0,0.8125,0,0,Low,Distribusi
2022-07-28,7375.0,7450.0,7325.0,7350.0,86909700,0.0034129692832765013,1.3463698198335319,7320.0,7207.5,0.015608740894901144,Uptrend,7000.0,7450.0,0.7777777777777778,0,0,Medium,Distribusi
2022-07-29,7400.0,7475.0,7350.0,7350.0,131553000,0.0,1.9434098745572677,7325.0,7212.5,0.01559792027729636,Uptrend,7000.0,7475.0,0.7368421052631579,0,0,High,Distribusi
2022-08-01,7350.0,7500.0,7350.0,7500.0,104841600,0.020408163265306145,1.5458347988731385,7365.0,7235.0,0.01796821008984105,Uptrend,7000.0,7500.0,1.0,1,0,High,Markup
2022-08-02,7600.0,7625.0,7500.0,7600.0,106466900,0.01333333333333342,1.527793791913937,7425.0,7252.5,0.023784901758014478,Uptrend,7000.0,7625.0,0.96,1,0,High,Markup
2022-08-03,7625.0,7625.0,7575.0,7625.0,60170600,0.00328947368421062,0.8675719488539931,7485.0,7268.75,0.029750644883920895,Uptrend,7000.0,7625.0,1.0,0,0,Low,Markup
2022-08-04,7675.0,7800.0,7650.0,7800.0,164221000,0.022950819672131084,2.2416225634003224,7575.0,7303.75,0.037138456272462775,Uptrend,7000.0,7800.0,1.0,1,0,High,Markup
2022-08-05,7825.0,7875.0,7725.0,7875.0,118734200,0.009615384615384581,1.5626833929601056,7680.0,7340.0,0.04632152588555858,Uptrend,7000.0,7875.0,1.0,1,0,High,Markup
2022-08-08,7875.0,7925.0,7750.0,7875.0,84328900,0.0,1.076229446738997,7755.0,7377.5,0.05116909522195866,Uptrend,7000.0,7925.0,0.9459459459459459,0,0,Low,Markup
2022-08-09,7875.0,7975.0,7875.0,7900.0,92875800,0.0031746031746031633,1.1425774960735962,7815.0,7413.75,0.05412240768841679,Uptrend,7000.0,7975.0,0.9230769230769231,0,0,Low,Markup
2022-08-10,7800.0,7900.0,7725.0,7900.0,104376300,0.0,1.2589773769257138,7870.0,7458.75,0.05513658454834926,Uptrend,7000.0,7975.0,0.9230769230769231,0,0,Medium,Markup
2022-08-11,7850.0,7950.0,7825.0,7950.0,73204700,0.006329113924050667,0.8884061221329504,7900.0,7505.0,0.05263157894736842,Uptrend,7000.0,7975.0,0.9743589743589743,0,0,Low,Markup
2022-08-12,7925.0,7975.0,7850.0,7925.0,59381200,-0.0031446540880503138,0.7197886545393982,7910.0,7551.25,0.047508690614136734,Uptrend,7025.0,7975.0,0.9473684210526315,0,0,Low,Markup
2022-08-15,7950.0,7975.0,7900.0,7950.0,81411000,0.003154574132492094,0.9742263396404969,7925.0,7591.25,0.04396509138811131,Uptrend,7100.0,7975.0,0.9714285714285714,0,0,Low,Markup
2022-08-16,7950.0,7975.0,7850.0,7975.0,83556700,0.003144654088050425,0.9857969901211714,7940.0,7631.25,0.040458640458640456,Uptrend,7175.0,7975.0,1.0,0,0,Low,Markup
2022-08-18,7900.0,8025.0,7875.0,8000.0,86136900,0.0031347962382444194,1.0281595633590326,7960.0,7661.25,0.03899494207864252,Uptrend,7250.0,8025.0,0.967741935483871,1,0,Low,Markup
2022-08-19,8050.0,8050.0,7900.0,7900.0,58194900,-0.012499999999999956,0.6971900121294139,7950.0,7686.25,0.03431452268661571,Uptrend,7250.0,8050.0,0.8125,0,0,Low,Markup
2022-08-22,7850.0,8000.0,7825.0,8000.0,97293300,0.012658227848101333,1.1262429968878016,7965.0,7720.0,0.03173575129533679,Uptrend,7250.0,8050.0,0.9375,0,0,Low,Markup
2022-08-23,8000.0,8000.0,7900.0,7900.0,71671800,-0.012499999999999956,0.810687229350009,7955.0,7750.0,0.026451612903225806,Uptrend,7250.0,8050.0,0.8125,0,0,Low,Markup
2022-08-24,7950.0,8025.0,7900.0,7950.0,108892400,0.006329113924050667,1.188336422423389,7950.0,7782.5,0.021522646964343077,Uptrend,7275.0,8050.0,0.8709677419354839,0,0,Low,Markup
2022-08-25,8000.0,8100.0,7900.0,8075.0,99503500,0.01572327044025168,1.0620932299328545,7965.0,7820.0,0.01854219948849105,Uptrend,7325.0,8100.0,0.967741935483871,1,0,Low,Markup
2022-08-26,8025.0,8125.0,8000.0,8000.0,80472400,-0.009287925696594423,0.8619178057835883,7985.0,7852.5,0.01687360713148679,Uptrend,7350.0,8125.0,0.8387096774193549,0,0,Low,Markup
2022-08-29,8000.0,8150.0,7950.0,8150.0,57762100,0.018750000000000044,0.6441284904869049,8015.0,7892.5,0.015521064301552107,Uptrend,7350.0,8150.0,1.0,1,0,Low,Markup
2022-08-30,8100.0,8275.0,8075.0,8175.0,124467000,0.0030674846625766694,1.3729581071672192,8070.0,7926.25,0.018135940703359093,Uptrend,7500.0,8275.0,0.8709677419354839,1,0,Medium,Markup
2022-08-31,8075.0,8225.0,8050.0,8200.0,137659900,0.003058103975535076,1.492802800563418,8120.0,7956.25,0.020581304006284367,Uptrend,7575.0,8275.0,0.8928571428571429,0,0,Medium,Markup
2022-09-01,8150.0,8250.0,8125.0,8150.0,74960800,-0.0060975609756097615,0.8064182288163637,8135.0,7982.5,0.019104290635765738,Uptrend,7650.0,8275.0,0.8,0,0,Low,Markup
2022-09-02,8150.0,8225.0,8150.0,8225.0,71430600,0.009202453987730008,0.8088095754640284,8180.0,8003.75,0.022020927690145246,Uptrend,7725.0,8275.0,0.9090909090909091,0,0,Low,Markup
2022-09-05,8225.0,8300.0,8200.0,8275.0,62906000,0.006079027355623046,0.7355335576516198,8205.0,8023.75,0.022589188347094565,Uptrend,7725.0,8300.0,0.9565217391304348,0,0,Low,Markup
2022-09-06,8300.0,8350.0,8250.0,8275.0,67079900,0.0,0.7923272651935594,8225.0,8043.75,0.022533022533022532,Uptrend,7725.0,8350.0,0.88,0,0,Low,Markup
2022-09-07,8250.0,8375.0,8250.0,8375.0,117931700,0.012084592145015005,1.3726610436834088,8260.0,8067.5,0.02386117136659436,Uptrend,7725.0,8375.0,1.0,1,0,Medium,Markup
2022-09-08,8400.0,8500.0,8350.0,8350.0,132777400,-0.0029850746268657025,1.520327942922121,8300.0,8090.0,0.02595797280593325,Uptrend,7825.0,8500.0,0.7777777777777778,0,0,High,Markup
2022-09-09,8500.0,8500.0,8275.0,8375.0,91234600,0.0029940119760478723,1.0339814591980696,8330.0,8111.25,0.02696871628910464,Uptrend,7825.0,8500.0,0.8148148148148148,0,0,Low,Markup
2022-09-12,8325.0,8425.0,8325.0,8375.0,52395300,0.0,0.5961672790635147,8350.0,8133.75,0.026586752727831568,Uptrend,7825.0,8500.0,0.8148148148148148,0,0,Low,Markup
2022-09-13,8375.0,8575.0,8375.0,8525.0,124485200,0.017910447761193993,1.3825449002905577,8400.0,8162.5,0.02909647779479326,Uptrend,7825.0,8575.0,0.9333333333333333,1,0,Medium,Markup
2022-09-14,8375.0,8650.0,8375.0,8500.0,116642400,-0.0029325513196480912,1.2720706782999558,8425.0,8188.75,0.028850557166844756,Uptrend,7825.0,8650.0,0.8181818181818182,0,0,Medium,Markup
2022-09-15,8500.0,8875.0,8500.0,8750.0,190404800,0.02941176470588225,1.9647935212979692,8505.0,8226.25,0.03388542774654308,Uptrend,7825.0,8875.0,0.8809523809523809,1,0,High,Markup
2022-09-16,8700.0,8725.0,8450.0,8450.0,363127600,-0.03428571428571425,3.2377318037766236,8520.0,8253.75,0.03225806451612903,Uptrend,7825.0,8875.0,0.5952380952380952,0,0,High,Markup
2022-09-19,8475.0,8750.0,8450.0,8650.0,102530600,0.023668639053254337,0.9120576283971791,8575.0,8286.25,0.03484688489968321,Uptrend,7900.0,8875.0,0.7692307692307693,0,0,Low,Markup
2022-09-20,8550.0,8650.0,8550.0,8550.0,89238400,-0.011560693641618491,0.7876631590431116,8580.0,8318.75,0.03140495867768595,Uptrend,7900.0,8875.0,0.6666666666666666,0,0,Low,Markup
2022-09-21,8525.0,8600.0,8425.0,8475.0,90933700,-0.00877192982456143,0.8090388732565791,8575.0,8345.0,0.02756141402037148,Uptrend,7900.0,8875.0,0.5897435897435898,0,0,Low,Markup
2022-09-22,8375.0,8525.0,8375.0,8475.0,61908500,0.0,0.5601694827454616,8520.0,8365.0,0.01852958756724447,Uptrend,7950.0,8875.0,0.5675675675675675,0,0,Low,Markup
2022-09-23,8375.0,8475.0,8375.0,8375.0,60567600,-0.01179941002949858,0.5530166234326638,8505.0,8383.75,0.014462501863724468,Uptrend,7950.0,8875.0,0.4594594594594595,0,0,Low,Markup
2022-09-26,8200.0,8500.0,8200.0,8425.0,106228200,0.005970149253731405,0.9489277417200565,8460.0,8397.5,0.007442691277165823,Sideways,8050.0,8875.0,0.45454545454545453,0,0,Low,Markup
2022-09-27,8375.0,8450.0,8300.0,8300.0,89567100,-0.014836795252225476,0.8127648042298169,8410.0,8403.75,0.0007437156031533541,Sideways,8050.0,8875.0,0.30303030303030304,0,0,Low,Markup
2022-09-28,8250.0,8425.0,8250.0,8325.0,89153400,0.003012048192771122,0.8272163565659221,8380.0,8410.0,-0.0035671819262782403,Sideways,8125.0,8875.0,0.26666666666666666,0,0,Low,Markup
2022-09-29,8325.0,8450.0,8325.0,8375.0,62643700,0.006006006006006093,0.5845846281147601,8360.0,8421.25,-0.007273267032803918,Sideways,8150.0,8875.0,0.3103448275862069,0,0,Low,Markup
2022-09-30,8375.0,8575.0,8275.0,8550.0,176524800,0.020895522388059806,1.570309119291989,8395.0,8437.5,-0.005037037037037037,Sideways,8200.0,8875.0,0.5185185185185185,0,0,High,Markup
2022-10-03,8450.0,8525.0,8450.0,8500.0,115079600,-0.005847953216374324,1.0004944675063123,8410.0,8448.75,-0.004586477289539872,Sideways,8200.0,8875.0,0.4444444444444444,0,0,Low,Markup
2022-10-04,8525.0,8625.0,8525.0,8550.0,80524500,0.00588235294117645,0.6960070125788976,8460.0,8462.5,-0.0002954209748892171,Sideways,8200.0,8875.0,0.5185185185185185,0,0,Low,Markup
2022-10-05,8525.0,8550.0,8425.0,8450.0,63788000,-0.011695906432748537,0.5645566772403774,8485.0,8466.25,0.0022146759190905065,Sideways,8200.0,8875.0,0.37037037037037035,0,0,Low,Markup
2022-10-06,8475.0,8500.0,8425.0,8425.0,43967400,-0.00295857988165682,0.40505302436440827,8495.0,8470.0,0.0029515938606847697,Sideways,8200.0,8875.0,0.3333333333333333,0,0,Low,Markup
2022-10-07,8325.0,8375.0,8200.0,8200.0,112043400,-0.02670623145400597,1.022408443428556,8425.0,8461.25,-0.004284236962623726,Sideways,8200.0,8875.0,0.0,0,0,Low,Markup
2022-10-10,8150.0,8375.0,8125.0,8300.0,80238200,0.012195121951219523,0.7229978810118287,8385.0,8457.5,-0.008572273130357671,Sideways,8125.0,8875.0,0.23333333333333334,0,0,Low,Markup
2022-10-11,8200.0,8300.0,8150.0,8250.0,64060000,-0.0060240963855421326,0.5933756362798164,8325.0,8443.75,-0.014063656550703183,Downtrend,8125.0,8875.0,0.16666666666666666,0,0,Low,Markup
2022-10-12,8200.0,8325.0,8175.0,8325.0,47569700,0.009090909090909038,0.45519083496132623,8300.0,8435.0,-0.016004742145820983,Downtrend,8125.0,8875.0,0.26666666666666666,0,0,Low,Markup
2022-10-13,8275.0,8375.0,8275.0,8275.0,62282800,-0.006006006006005982,0.6348983056479963,8270.0,8411.25,-0.016792985584782285,Downtrend,8125.0,8750.0,0.24,0,0,Low,Markup
2022-10-14,8300.0,8350.0,8250.0,8250.0,70642900,-0.0030211480362537513,0.8462799323746588,8280.0,8401.25,-0.014432376134503794,Downtrend,8125.0,8750.0,0.2,0,0,Low,Markup
2022-10-17,8250.0,8300.0,8175.0,8250.0,56387500,0.0,0.6947056499358671,8270.0,8381.25,-0.013273676360924682,Downtrend,8125.0,8650.0,0.23809523809523808,0,0,Low,Markup
2022-10-18,8275.0,8475.0,8250.0,8300.0,85665300,0.0060606060606061,1.0577423561512784,8280.0,8368.75,-0.010604929051530994,Downtrend,8125.0,8625.0,0.35,0,0,Low,Markup
2022-10-19,8250.0,8350.0,8225.0,8275.0,66753500,-0.003012048192771122,0.8367217743888945,8270.0,8358.75,-0.010617616270375356,Downtrend,8125.0,8625.0,0.3,0,0,Low,Markup
2022-10-20,8250.0,8500.0,8250.0,8500.0,91812300,0.027190332326284095,1.129650023355892,8315.0,8360.0,-0.005382775119617225,Sideways,8125.0,8625.0,0.75,0,0,Low,Markup
2022-10-21,8450.0,8725.0,8450.0,8650.0,122777800,0.01764705882352935,1.4549631479956184,8395.0,8373.75,0.0025376921928646065,Sideways,8125.0,8725.0,0.875,1,0,Medium,Distribusi
2022-10-24,8750.0,8900.0,8725.0,8900.0,89416500,0.028901734104046284,1.0702805149612926,8525.0,8397.5,0.01518309020541828,Uptrend,8125.0,8900.0,1.0,1,0,Low,Distribusi
2022-10-25,8825.0,8875.0,8700.0,8700.0,84696300,-0.022471910112359605,1.0167454608795197,8605.0,8417.5,0.022275022275022274,Uptrend,8125.0,8900.0,0.7419354838709677,0,0,Low,Distribusi
2022-10-26,8625.0,8650.0,8550.0,8550.0,98962100,-0.017241379310344862,1.1810473373801487,8660.0,8428.75,0.02743585940975827,Uptrend,8125.0,8900.0,0.5483870967741935,0,0,Low,Distribusi
2022-10-27,8550.0,8700.0,8550.0,8700.0,77003400,0.01754385964912286,0.9111771652518406,8700.0,8445.0,0.03019538188277087,Uptrend,8125.0,8900.0,0.7419354838709677,0,0,Low,Distribusi
2022-10-28,8650.0,8750.0,8650.0,8750.0,84980600,0.005747126436781658,1.063153339582766,8720.0,8455.0,0.03134240094618569,Uptrend,8125.0,8900.0,0.8064516129032258,0,0,Low,Distribusi
2022-10-31,8850.0,8850.0,8775.0,8800.0,138922800,0.005714285714285783,1.7124588981784228,8700.0,8470.0,0.02715466351829988,Uptrend,8125.0,8900.0,0.8709677419354839,0,0,High,Distribusi
2022-11-01,9000.0,9000.0,8725.0,8800.0,118118400,0.0,1.4230370433776167,8720.0,8482.5,0.027998821102269377,Uptrend,8125.0,9000.0,0.7714285714285715,0,0,Medium,Distribusi
2022-11-02,8800.0,8825.0,8725.0,8750.0,68323600,-0.005681818181818232,0.820889035334996,8760.0,8497.5,0.03089143865842895,Uptrend,8125.0,9000.0,0.7142857142857143,0,0,Low,Distribusi
2022-11-03,8700.0,8825.0,8700.0,8800.0,81856300,0.005714285714285783,0.961593606252967,8780.0,8516.25,0.030970204021723177,Uptrend,8125.0,9000.0,0.7714285714285715,0,0,Low,Distribusi
2022-11-04,8775.0,8800.0,8675.0,8775.0,84458300,-0.0028409090909090606,1.0085004832744184,8785.0,8545.0,0.028086600351082503,Uptrend,8125.0,9000.0,0.7428571428571429,0,0,Low,Distribusi
2022-11-07,8725.0,8850.0,8675.0,8850.0,94794000,0.008547008547008517,1.1221650443469695,8795.0,8572.5,0.025955088947214933,Uptrend,8150.0,9000.0,0.8235294117647058,0,0,Low,Distribusi
2022-11-08,8850.0,8875.0,8725.0,8750.0,42525500,-0.011299435028248594,0.5099134889927129,8785.0,8597.5,0.021808665309683048,Uptrend,8175.0,9000.0,0.696969696969697,0,0,Low,Distribusi
2022-11-09,8675.0,8875.0,8675.0,8875.0,96599500,0.014285714285714235,1.1252260801731226,8810.0,8625.0,0.021449275362318842,Uptrend,8175.0,9000.0,0.8484848484848485,0,0,Low,Distribusi
2022-11-10,8725.0,8800.0,8725.0,8800.0,89463000,-0.008450704225352101,1.025857954742215,8810.0,8651.25,0.018349949429273225,Uptrend,8175.0,9000.0,0.7575757575757576,0,0,Low,Distribusi
2022-11-11,8900.0,8925.0,8825.0,8850.0,59597900,0.005681818181818121,0.6877548662967815,8825.0,8681.25,0.01655867530597552,Uptrend,8175.0,9000.0,0.8181818181818182,0,0,Low,Distribusi
2022-11-14,8875.0,8900.0,8750.0,8750.0,49208200,-0.011299435028248594,0.5702206797670805,8805.0,8706.25,0.011342426417803302,Uptrend,8225.0,9000.0,0.6774193548387096,0,0,Low,Distribusi
2022-11-15,8775.0,8850.0,8750.0,8800.0,59092900,0.005714285714285783,0.6954712263048699,8815.0,8731.25,0.009591982820329277,Sideways,8225.0,9000.0,0.7419354838709677,0,0,Low,Distribusi
2022-11-16,8625.0,8675.0,8550.0,8600.0,143424800,-0.022727272727272707,1.6151130423051538,8760.0,8747.5,0.0014289797084881394,Sideways,8250.0,9000.0,0.4666666666666667,0,0,High,Distribusi
2022-11-17,8625.0,8825.0,8600.0,8725.0,72679800,0.014534883720930258,0.8273633066665027,8745.0,8758.75,-0.0015698587127158557,Sideways,8450.0,9000.0,0.5,0,0,Low,Distribusi
2022-11-18,8725.0,8900.0,8725.0,8825.0,83556900,0.011461318051575908,0.9729036966588903,8740.0,8767.5,-0.003136583974907328,Sideways,8550.0,9000.0,0.6111111111111112,0,0,Low,Distribusi
2022-11-21,8875.0,8900.0,8725.0,8725.0,35901000,-0.011331444759206777,0.4314595431114926,8735.0,8758.75,-0.0027115741401455688,Sideways,8550.0,9000.0,0.3888888888888889,0,0,Low,Distribusi
2022-11-22,8900.0,8950.0,8850.0,8900.0,84684200,0.02005730659025784,1.0177452412434145,8755.0,8768.75,-0.0015680684248039914,Sideways,8550.0,9000.0,0.7777777777777778,0,0,Low,Distribusi
2022-11-23,8900.0,8975.0,8875.0,8875.0,84642100,-0.002808988764044895,1.0260685746898535,8810.0,8785.0,0.0028457598178713715,Sideways,8550.0,9000.0,0.7222222222222222,0,0,Low,Distribusi
2022-11-24,8975.0,9000.0,8950.0,9000.0,53520800,0.014084507042253502,0.6581705076383899,8865.0,8800.0,0.007386363636363636,Sideways,8550.0,9000.0,1.0,0,0,Low,Distribusi
2022-11-25,9000.0,9000.0,8900.0,8975.0,75048300,-0.002777777777777768,0.928575233279653,8895.0,8811.25,0.009504894311249823,Sideways,8550.0,9000.0,0.9444444444444444,0,0,Low,Distribusi
2022-11-28,9050.0,9100.0,8975.0,9025.0,96209700,0.0055710306406684396,1.2227156649161481,8955.0,8822.5,0.015018418815528478,Uptrend,8550.0,9100.0,0.8636363636363636,1,0,Medium,Distribusi
2022-11-29,8975.0,9075.0,8925.0,8975.0,91562100,-0.005540166204986097,1.183623631830136,8970.0,8831.25,0.015711252653927813,Uptrend,8550.0,9100.0,0.7727272727272727,0,0,Low,Distribusi
2022-11-30,8875.0,9400.0,8850.0,9300.0,644359600,0.0362116991643453,6.069745503559299,9055.0,8858.75,0.022153238323691267,Uptrend,8550.0,9400.0,0.8823529411764706,1,0,High,Markup
2022-12-01,9275.0,9350.0,9000.0,9000.0,155775400,-0.032258064516129004,1.4180066123406083,9055.0,8868.75,0.021000704721634955,Uptrend,8550.0,9400.0,0.5294117647058824,0,0,Medium,Markup
2022-12-02,8900.0,8975.0,8900.0,8900.0,130982100,-0.011111111111111072,1.1675920578270602,9040.0,8875.0,0.018591549295774647,Uptrend,8550.0,9400.0,0.4117647058823529,0,0,Low,Markup
2022-12-05,8800.0,8900.0,8775.0,8775.0,114656300,-0.014044943820224698,1.0130930106564195,8990.0,8871.25,0.013385937720163449,Uptrend,8550.0,9400.0,0.2647058823529412,0,0,Low,Markup
2022-12-06,8725.0,8750.0,8575.0,8675.0,180553800,-0.01139601139601143,1.5036636821104514,8930.0,8867.5,0.007048209754722301,Sideways,8550.0,9400.0,0.14705882352941177,0,0,High,Akumulasi
2022-12-07,8500.0,8575.0,8450.0,8450.0,229308700,-0.025936599423631135,1.8096930204690376,8760.0,8846.25,-0.009749894022891056,Sideways,8450.0,9400.0,0.0,0,1,High,Akumulasi
2022-12-08,8375.0,8575.0,8350.0,8500.0,172590100,0.00591715976331364,1.3188132277218674,8660.0,8831.25,-0.019391365888181175,Downtrend,8350.0,9400.0,0.14285714285714285,0,0,Medium,Akumulasi
2022-12-09,8500.0,8600.0,8450.0,8575.0,90851300,0.008823529411764675,0.6860305229754451,8595.0,8817.5,-0.025233909838389565,Downtrend,8350.0,9400.0,0.21428571428571427,0,0,Low,Akumulasi
2022-12-12,8525.0,8700.0,8475.0,8700.0,102851800,0.014577259475218707,0.7612303472692792,8580.0,8815.0,-0.02665910380034033,Downtrend,8350.0,9400.0,0.3333333333333333,0,0,Low,Akumulasi
2022-12-13,8625.0,8700.0,8550.0,8700.0,104580200,0.0,0.7612091250297063,8585.0,8810.0,-0.02553916004540295,Downtrend,8350.0,9400.0,0.3333333333333333,0,0,Low,Akumulasi
2022-12-14,8600.0,8700.0,8525.0,8625.0,118164300,-0.008620689655172376,0.8680641555112373,8620.0,8811.25,-0.021705206412257056,Downtrend,8350.0,9400.0,0.2619047619047619,0,0,Low,Akumulasi
2022-12-15,8575.0,8600.0,8500.0,8500.0,113255700,-0.01449275362318836,0.8197862481462543,8620.0,8800.0,-0.020454545454545454,Downtrend,8350.0,9400.0,0.14285714285714285,0,0,Low,Akumulasi
2022-12-16,8425.0,8650.0,8400.0,8600.0,181516700,0.0117647058823529,1.2688975818435295,8625.0,8788.75,-0.018631773574171527,Downtrend,8350.0,9400.0,0.23809523809523808,0,0,Medium,Akumulasi
2022-12-19,8650.0,8700.0,8600.0,8650.0,67482900,0.005813953488372103,0.46659054819302287,8615.0,8785.0,-0.01935116676152533,Downtrend,8350.0,9400.0,0.2857142857142857,0,0,Low,Akumulasi
2022-12-20,8550.0,8650.0,8550.0,8575.0,41243700,-0.00867052023121384,0.2895152514660835,8590.0,8768.75,-0.020384889522451887,Downtrend,8350.0,9400.0,0.21428571428571427,0,0,Low,Akumulasi
2022-12-21,8600.0,8700.0,8575.0,8675.0,33617700,0.011661807580174877,0.2402868028489872,8600.0,8758.75,-0.018124732410446695,Downtrend,8350.0,9400.0,0.30952380952380953,0,0,Low,Akumulasi
2022-12-22,8650.0,8675.0,8575.0,8575.0,59591500,-0.011527377521613813,0.4250157593859415,8615.0,8737.5,-0.01402002861230329,Downtrend,8350.0,9400.0,0.21428571428571427,0,0,Low,Akumulasi
2022-12-23,8525.0,8575.0,8500.0,8500.0,47393000,-0.008746355685131157,0.3413809082116612,8595.0,8713.75,-0.01362788696026395,Downtrend,8350.0,9400.0,0.14285714285714285,0,0,Low,Akumulasi
2022-12-26,8500.0,8625.0,8500.0,8575.0,20495900,0.008823529411764675,0.15177466742850576,8580.0,8691.25,-0.012800230116496477,Downtrend,8350.0,9400.0,0.21428571428571427,0,0,Low,Akumulasi
2022-12-27,8600.0,8650.0,8575.0,8600.0,27193800,0.00291545189504383,0.2062899007363839,8585.0,8672.5,-0.010089362928797925,Downtrend,8350.0,9400.0,0.23809523809523808,0,0,Low,Akumulasi
2022-12-28,8650.0,8650.0,8550.0,8650.0,40420200,0.005813953488372103,0.397733833643678,8580.0,8640.0,-0.006944444444444444,Sideways,8350.0,9350.0,0.3,0,0,Low,Akumulasi
2022-12-29,8525.0,8600.0,8500.0,8575.0,47020900,-0.00867052023121384,0.48884102917468436,8580.0,8618.75,-0.004496011602610588,Sideways,8350.0,8975.0,0.36,0,0,Low,Akumulasi
2022-12-30,8575.0,8650.0,8550.0,8550.0,44681400,-0.002915451895043719,0.48633612991429137,8590.0,8601.25,-0.0013079494259555296,Sideways,8350.0,8900.0,0.36363636363636365,0,0,Low,Akumulasi
2023-01-02,8575.0,8600.0,8500.0,8550.0,10653900,0.0,0.12292010089603642,8585.0,8590.0,-0.0005820721769499418,Sideways,8350.0,8750.0,0.5,0,0,Low,Akumulasi
2023-01-03,8550.0,8600.0,8525.0,8550.0,27399100,0.0,0.34675540184196446,8575.0,8583.75,-0.0010193679918450561,Sideways,8350.0,8700.0,0.5714285714285714,0,0,Low,Akumulasi
2023-01-04,8525.0,8575.0,8350.0,8350.0,90918800,-0.023391812865497075,1.2610771352615318,8515.0,8578.75,-0.007431152557190733,Sideways,8350.0,8700.0,0.0,0,0,Medium,Akumulasi
2023-01-05,8350.0,8375.0,8150.0,8250.0,128838500,-0.0119760479041916,1.842957297149498,8450.0,8566.25,-0.01357069896395739,Downtrend,8150.0,8700.0,0.18181818181818182,0,1,High,Markdown
2023-01-06,8100.0,8325.0,8100.0,8300.0,69286600,0.0060606060606061,1.006628909087026,8400.0,8552.5,-0.017831043554516222,Downtrend,8100.0,8700.0,0.3333333333333333,0,0,Low,Markdown
2023-01-09,8325.0,8450.0,8325.0,8450.0,86916900,0.01807228915662651,1.277558723386398,8380.0,8540.0,-0.01873536299765808,Downtrend,8100.0,8700.0,0.5833333333333334,0,0,Medium,Markdown
2023-01-10,8400.0,8425.0,8150.0,8175.0,101759100,-0.03254437869822491,1.4988261595200532,8305.0,8513.75,-0.024519160182058436,Downtrend,8100.0,8700.0,0.125,0,0,Medium,Markdown
2023-01-11,8050.0,8150.0,8000.0,8125.0,96069100,-0.006116207951070374,1.4384235317334297,8260.0,8488.75,-0.02694743042261817,Downtrend,8000.0,8700.0,0.17857142857142858,0,0,Medium,Markdown
2023-01-12,8150.0,8275.0,8125.0,8175.0,103804600,0.006153846153846176,1.5653210202213776,8245.0,8472.5,-0.02685157863676601,Downtrend,8000.0,8700.0,0.25,0,0,High,Markdown
2023-01-13,8150.0,8175.0,8025.0,8050.0,119748200,-0.015290519877675823,1.89394717017897,8195.0,8445.0,-0.02960331557134399,Downtrend,8000.0,8700.0,0.07142857142857142,0,0,High,Markdown
2023-01-16,8050.0,8200.0,8050.0,8150.0,105710700,0.012422360248447228,1.6228684927948556,8135.0,8420.0,-0.033847980997624705,Downtrend,8000.0,8700.0,0.21428571428571427,0,0,High,Markdown
2023-01-17,8175.0,8375.0,8150.0,8325.0,88695900,0.021472392638036908,1.3138033194397518,8165.0,8407.5,-0.028843294677371394,Downtrend,8000.0,8700.0,0.4642857142857143,0,0,Medium,Markdown
2023-01-18,8200.0,8325.0,8175.0,8300.0,96814600,-0.0030030030030030463,1.3699409945870729,8200.0,8388.75,-0.022500372522723886,Downtrend,8000.0,8675.0,0.4444444444444444,0,0,Medium,Markdown
2023-01-19,8350.0,8350.0,8250.0,8325.0,66391800,0.003012048192771122,0.9349555313181896,8230.0,8376.25,-0.017460080584987315,Downtrend,8000.0,8650.0,0.5,0,0,Low,Markdown
2023-01-20,8275.0,8325.0,8250.0,8300.0,96859500,-0.0030030030030030463,1.318103709005943,8280.0,8366.25,-0.010309278350515464,Downtrend,8000.0,8650.0,0.46153846153846156,0,0,Medium,Markdown
2023-01-24,8300.0,8350.0,8225.0,8225.0,42474500,-0.009036144578313254,0.5694937734055814,8295.0,8348.75,-0.006438089534361431,Sideways,8000.0,8650.0,0.34615384615384615,0,0,Low,Markdown
2023-01-25,8300.0,8300.0,8200.0,8200.0,66124500,-0.003039513677811523,0.8640400347892262,8270.0,8328.75,-0.007053879633798589,Sideways,8000.0,8650.0,0.3076923076923077,0,0,Low,Markdown
2023-01-26,8225.0,8475.0,8225.0,8475.0,77582300,0.03353658536585358,0.9897273859004003,8305.0,8320.0,-0.0018028846153846155,Sideways,8000.0,8650.0,0.7307692307692307,0,0,Low,Markdown
2023-01-27,8700.0,8850.0,8550.0,8700.0,196804700,0.026548672566371723,2.2917114862366392,8380.0,8326.25,0.006455487164089476,Sideways,8000.0,8850.0,0.8235294117647058,1,0,High,Distribusi
2023-01-30,8725.0,8775.0,8575.0,8700.0,68544300,0.0,0.7872331970596491,8460.0,8333.75,0.015149242537873106,Uptrend,8000.0,8850.0,0.8235294117647058,0,0,Low,Distribusi
2023-01-31,8625.0,8675.0,8475.0,8475.0,200589000,-0.025862068965517238,2.0772081371583466,8510.0,8330.0,0.021608643457382955,Uptrend,8000.0,8850.0,0.5588235294117647,0,0,High,Distribusi
2023-02-01,8575.0,8575.0,8450.0,8500.0,77396200,0.002949852507374562,0.7812550944320324,8570.0,8327.5,0.029120384268988293,Uptrend,8000.0,8850.0,0.5882352941176471,0,0,Low,Distribusi
2023-02-02,8425.0,8525.0,8400.0,8450.0,99109500,-0.00588235294117645,0.9963154438468967,8565.0,8332.5,0.0279027902790279,Uptrend,8000.0,8850.0,0.5294117647058824,0,0,Low,Distribusi
2023-02-03,8550.0,8700.0,8500.0,8700.0,71716700,0.029585798816567976,0.7422557260051976,8565.0,8355.0,0.025134649910233394,Uptrend,8000.0,8850.0,0.8235294117647058,0,0,Low,Distribusi
2023-02-06,8750.0,8750.0,8650.0,8725.0,117757700,0.002873563218390718,1.1889494200981812,8570.0,8376.25,0.02313087598865841,Uptrend,8000.0,8850.0,0.8529411764705882,0,0,Low,Distribusi
2023-02-07,8775.0,8850.0,8750.0,8850.0,116014700,0.014326647564469885,1.1543937325158873,8645.0,8396.25,0.029626321274378444,Uptrend,8000.0,8850.0,1.0,0,0,Low,Distribusi
2023-02-08,8825.0,8850.0,8800.0,8825.0,54495500,-0.0028248587570621764,0.5553104288777115,8710.0,8428.75,0.03336793711997627,Uptrend,8000.0,8850.0,0.9705882352941176,0,0,Low,Distribusi
2023-02-09,8825.0,8900.0,8800.0,8900.0,72381700,0.008498583569405138,0.7465815403540125,8800.0,8467.5,0.03926778860348391,Uptrend,8025.0,8900.0,1.0,1,0,Low,Distribusi
2023-02-10,8875.0,8900.0,8700.0,8825.0,62060900,-0.008426966292134797,0.6542116318638188,8825.0,8500.0,0.03823529411764706,Uptrend,8025.0,8900.0,0.9142857142857143,0,0,Low,Distribusi
2023-02-13,8875.0,8900.0,8775.0,8875.0,63775000,0.0056657223796034994,0.6927172149107502,8855.0,8541.25,0.03673349919508269,Uptrend,8050.0,8900.0,0.9705882352941176,0,0,Low,Distribusi
2023-02-14,8850.0,8950.0,8825.0,8950.0,81678200,0.008450704225352101,0.8989123888881063,8875.0,8581.25,0.03423160961398398,Uptrend,8150.0,8950.0,1.0,1,0,Low,Distribusi
2023-02-15,8875.0,8900.0,8750.0,8875.0,38037000,-0.008379888268156388,0.43062177393822954,8885.0,8608.75,0.032089443879773485,Uptrend,8175.0,8950.0,0.9032258064516129,0,0,Low,Distribusi
2023-02-16,8825.0,8850.0,8700.0,8700.0,66040400,-0.019718309859154903,0.7609068170742814,8845.0,8628.75,0.02506156743444879,Uptrend,8200.0,8950.0,0.6666666666666666,0,0,Low,Distribusi
2023-02-17,8775.0,8850.0,8725.0,8725.0,43588900,0.002873563218390718,0.5089095867022153,8825.0,8648.75,0.020378667437490967,Uptrend,8200.0,8950.0,0.7,0,0,Low,Distribusi
2023-02-20,8725.0,8825.0,8700.0,8750.0,40077000,0.002865329512893977,0.48394905909963887,8800.0,8671.25,0.014847916966988612,Uptrend,8200.0,8950.0,0.7333333333333333,0,0,Low,Distribusi
2023-02-21,8775.0,8800.0,8700.0,8700.0,25390500,-0.005714285714285672,0.3097980331079604,8750.0,8695.0,0.0063254744105807935,Sideways,8200.0,8950.0,0.6666666666666666,0,0,Low,Distribusi
2023-02-22,8700.0,8750.0,8625.0,8675.0,38671900,-0.002873563218390829,0.47988595481786106,8710.0,8718.75,-0.001003584229390681,Sideways,8225.0,8950.0,0.6206896551724138,0,0,Low,Distribusi
2023-02-23,8625.0,8750.0,8625.0,8725.0,53412300,0.0057636887608070175,0.672893021230744,8715.0,8731.25,-0.0018611309949892628,Sideways,8400.0,8950.0,0.5909090909090909,0,0,Low,Distribusi
2023-02-24,8775.0,8850.0,8675.0,8675.0,44123400,-0.005730659025787954,0.61501993782254,8705.0,8730.0,-0.0028636884306987398,Sideways,8400.0,8950.0,0.5,0,0,Low,Distribusi
2023-02-27,8675.0,8775.0,8650.0,8775.0,59983900,0.011527377521613813,0.8411117321428221,8710.0,8733.75,-0.0027193359095463,Sideways,8400.0,8950.0,0.6818181818181818,0,0,Low,Distribusi
2023-02-28,8775.0,8775.0,8675.0,8750.0,106349400,-0.002849002849002802,1.596764952470638,8720.0,8747.5,-0.003143755358673907,Sideways,8400.0,8950.0,0.6363636363636364,0,0,High,Distribusi
2023-03-01,8725.0,8750.0,8600.0,8600.0,67034700,-0.017142857142857126,1.0143714232125265,8705.0,8752.5,-0.005427020851185376,Sideways,8400.0,8950.0,0.36363636363636365,0,0,Low,Distribusi
2023-03-02,8600.0,8700.0,8600.0,8625.0,56672000,0.0029069767441860517,0.8860109791443784,8685.0,8761.25,-0.008703096019403623,Sideways,8500.0,8950.0,0.2777777777777778,0,0,Low,Distribusi
2023-03-03,8650.0,8675.0,8475.0,8475.0,95376900,-0.017391304347826098,1.4640461977002461,8645.0,8750.0,-0.012,Downtrend,8475.0,8950.0,0.0,0,1,Medium,Markdown
2023-03-06,8550.0,8550.0,8400.0,8400.0,92652000,-0.008849557522123908,1.4501614981746593,8570.0,8733.75,-0.018749105481608703,Downtrend,8400.0,8950.0,0.0,0,1,Medium,Markdown
2023-03-07,8350.0,8475.0,8350.0,8425.0,106115600,0.0029761904761904656,1.673856936399317,8505.0,8712.5,-0.02381635581061693,Downtrend,8350.0,8950.0,0.125,0,0,High,Markdown
2023-03-08,8400.0,8575.0,8400.0,8575.0,79350900,0.017804154302670572,1.2276080108752305,8500.0,8700.0,-0.022988505747126436,Downtrend,8350.0,8950.0,0.375,0,0,Medium,Markdown
2023-03-09,8650.0,8650.0,8550.0,8575.0,54201400,0.0,0.8504899958990808,8490.0,8683.75,-0.022311789261551748,Downtrend,8350.0,8950.0,0.375,0,0,Low,Markdown
2023-03-10,8500.0,8550.0,8450.0,8450.0,59580100,-0.014577259475218707,0.9367119155828715,8485.0,8665.0,-0.0207732256203116,Downtrend,8350.0,8950.0,0.16666666666666666,0,0,Low,Markdown
2023-03-13,8450.0,8625.0,8450.0,8550.0,82077700,0.01183431952662728,1.2721140235437582,8515.0,8648.75,-0.015464662523486054,Downtrend,8350.0,8950.0,0.3333333333333333,0,0,Medium,Markdown
2023-03-14,8425.0,8475.0,8325.0,8325.0,90495300,-0.02631578947368418,1.3930591111836668,8495.0,8617.5,-0.014215259646069046,Downtrend,8325.0,8900.0,0.0,0,1,Medium,Markdown
2023-03-15,8450.0,8475.0,8325.0,8325.0,86747400,0.0,1.2871090789757451,8445.0,8590.0,-0.016880093131548313,Downtrend,8325.0,8850.0,0.0,0,0,Medium,Markdown
2023-03-16,8300.0,8350.0,8250.0,8300.0,105894000,-0.0030030030030030463,1.5260752072009467,8390.0,8570.0,-0.021003500583430573,Downtrend,8250.0,8850.0,0.08333333333333333,0,1,High,Markdown
2023-03-17,8375.0,8450.0,8325.0,8375.0,198558600,0.009036144578313143,2.5740615064510797,8375.0,8552.5,-0.02075416544869921,Downtrend,8250.0,8850.0,0.20833333333333334,0,0,High,Markdown
2023-03-20,8400.0,8475.0,8375.0,8400.0,37277900,0.0029850746268655914,0.4841392916557438,8345.0,8535.0,-0.022261277094317515,Downtrend,8250.0,8850.0,0.25,0,0,Low,Markdown
2023-03-21,8400.0,8500.0,8375.0,8500.0,91617400,0.011904761904761862,1.1408020257592986,8380.0,8525.0,-0.017008797653958945,Downtrend,8250.0,8850.0,0.4166666666666667,0,0,Low,Markdown
2023-03-24,8700.0,8825.0,8625.0,8825.0,145603600,0.038235294117647145,1.699860109408277,8480.0,8532.5,-0.006152944623498389,Sideways,8250.0,8850.0,0.9583333333333334,0,0,High,Distribusi
2023-03-27,8825.0,8825.0,8700.0,8700.0,110692800,-0.014164305949008527,1.2504799749209927,8560.0,8531.25,0.00336996336996337,Sideways,8250.0,8850.0,0.75,0,0,Medium,Distribusi
2023-03-28,8800.0,8800.0,8675.0,8675.0,98296600,-0.002873563218390829,1.077472042579485,8620.0,8531.25,0.010402930402930404,Uptrend,8250.0,8825.0,0.7391304347826086,0,0,Low,Distribusi
2023-03-29,8675.0,8800.0,8625.0,8800.0,101068200,0.014409221902017322,1.0834564129364235,8700.0,8532.5,0.019630823322590096,Uptrend,8250.0,8825.0,0.9565217391304348,0,0,Low,Distribusi
2023-03-30,8900.0,8900.0,8800.0,8825.0,118912100,0.0028409090909091717,1.266217703819542,8765.0,8536.25,0.026797481329623663,Uptrend,8250.0,8900.0,0.8846153846153846,0,0,Medium,Distribusi
2023-03-31,8825.0,8850.0,8725.0,8750.0,97146900,-0.008498583569405138,1.0181312801394555,8750.0,8543.75,0.024140453547915143,Uptrend,8250.0,8900.0,0.7692307692307693,0,0,Low,Distribusi
2023-04-03,8825.0,8825.0,8750.0,8800.0,60288900,0.005714285714285783,0.6306521029294476,8770.0,8552.5,0.02543116047939199,Uptrend,8250.0,8900.0,0.8461538461538461,0,0,Low,Distribusi
2023-04-04,8825.0,8825.0,8650.0,8775.0,60975800,-0.0028409090909090606,0.6495240720742294,8790.0,8567.5,0.0259702363583309,Uptrend,8250.0,8900.0,0.8076923076923077,0,0,Low,Distribusi
2023-04-05,8775.0,8800.0,8725.0,8725.0,36922100,-0.005698005698005715,0.4053312963996014,8775.0,8583.75,0.022280471821756225,Uptrend,8250.0,8900.0,0.7307692307692307,0,0,Low,Distribusi
2023-04-06,8700.0,8775.0,8700.0,8750.0,45489400,0.002865329512893977,0.5165736418712022,8760.0,8600.0,0.018604651162790697,Uptrend,8250.0,8900.0,0.7692307692307693,0,0,Low,Distribusi
2023-04-10,8725.0,8800.0,8700.0,8800.0,32996000,0.005714285714285783,0.38482841161711556,8770.0,8611.25,0.01843518652924953,Uptrend,8250.0,8900.0,0.8461538461538461,0,0,Low,Distribusi
2023-04-11,8825.0,8825.0,8750.0,8825.0,44554300,0.0028409090909091717,0.5225712881769364,8775.0,8623.75,0.01753877373532396,Uptrend,8250.0,8900.0,0.8846153846153846,0,0,Low,Distribusi
2023-04-12,8900.0,8900.0,8825.0,8900.0,91903600,0.008498583569405138,1.057871840911516,8800.0,8646.25,0.017782275552985397,Uptrend,8250.0,8900.0,1.0,0,0,Low,Distribusi
2023-04-13,8950.0,8950.0,8875.0,8925.0,51726500,0.002808988764045006,0.6059921247324662,8840.0,8665.0,0.020196191575302943,Uptrend,8250.0,8950.0,0.9642857142857143,1,0,Low,Distribusi
2023-04-14,9000.0,9000.0,8950.0,9000.0,110354200,0.008403361344537785,1.2779677993322973,8890.0,8698.75,0.02198591751688461,Uptrend,8250.0,9000.0,1.0,1,0,Medium,Distribusi
2023-04-17,9025.0,9050.0,8900.0,9025.0,83946900,0.002777777777777768,0.9737344145992943,8935.0,8733.75,0.023042793759839704,Uptrend,8250.0,9050.0,0.96875,1,0,Low,Distribusi
2023-04-18,9050.0,9175.0,9025.0,9125.0,91178700,0.011080332409972193,1.0667229010877675,8995.0,8775.0,0.02507122507122507,Uptrend,8325.0,9175.0,0.9411764705882353,1,0,Low,Distribusi
2023-04-26,9125.0,9200.0,9000.0,9200.0,186928200,0.008219178082191858,2.2019010647453845,9055.0,8816.25,0.02708067489011768,Uptrend,8375.0,9200.0,1.0,1,0,High,Distribusi
2023-04-27,9100.0,9175.0,9075.0,9150.0,54842400,-0.005434782608695676,0.6393957578111237,9100.0,8853.75,0.027813073556402654,Uptrend,8375.0,9200.0,0.9393939393939394,0,0,Low,Distribusi
2023-04-28,9100.0,9125.0,9050.0,9050.0,145775300,-0.010928961748633892,1.6475485313792222,9110.0,8881.25,0.025756509500351864,Uptrend,8625.0,9200.0,0.7391304347826086,0,0,High,Distribusi
2023-05-02,9100.0,9100.0,8900.0,9050.0,83645900,0.0,0.9796639207404256,9115.0,8892.5,0.02502108518414394,Uptrend,8625.0,9200.0,0.7391304347826086,0,0,Low,Distribusi
2023-05-03,9050.0,9050.0,8875.0,8925.0,83728800,-0.013812154696132617,0.9963676624377454,9075.0,8903.75,0.01923346904394216,Uptrend,8625.0,9200.0,0.5217391304347826,0,0,Low,Distribusi
2023-05-04,8925.0,9025.0,8875.0,9000.0,67565000,0.008403361344537785,0.8189949120857781,9035.0,8920.0,0.01289237668161435,Uptrend,8625.0,9200.0,0.6521739130434783,0,0,Low,Distribusi
2023-05-05,9000.0,9050.0,8950.0,9000.0,64815100,0.0,0.8033123461102745,9005.0,8930.0,0.0083986562150056,Sideways,8650.0,9200.0,0.6363636363636364,0,0,Low,Distribusi
2023-05-08,9000.0,9075.0,8950.0,9000.0,84754500,0.0,1.0731552285683446,8995.0,8938.75,0.006292826178156901,Sideways,8650.0,9200.0,0.6363636363636364,0,0,Low,Distribusi
2023-05-09,8950.0,8975.0,8900.0,8925.0,40929600,-0.008333333333333304,0.5373732079616564,8970.0,8947.5,0.002514668901927913,Sideways,8650.0,9200.0,0.5,0,0,Low,Distribusi
2023-05-10,8925.0,8950.0,8900.0,8925.0,45322600,0.0,0.6009540592867103,8970.0,8953.75,0.0018148820326678765,Sideways,8650.0,9200.0,0.5,0,0,Low,Distribusi
2023-05-11,8900.0,8900.0,8800.0,8825.0,81993900,-0.011204481792717047,1.0722551006196657,8935.0,8956.25,-0.0023726448011165387,Sideways,8700.0,9200.0,0.25,0,0,Low,Distribusi
2023-05-12,8750.0,8875.0,8725.0,8800.0,96525600,-0.0028328611898017497,1.214940560794952,8895.0,8960.0,-0.007254464285714286,Sideways,8700.0,9200.0,0.2,0,0,Medium,Akumulasi
2023-05-15,8875.0,8875.0,8725.0,8775.0,64830300,-0.0028409090909090606,0.8061878830633804,8850.0,8961.25,-0.012414562700516111,Downtrend,8700.0,9200.0,0.15,0,0,Low,Akumulasi
2023-05-16,8800.0,8825.0,8700.0,8700.0,49497000,-0.008547008547008517,0.609261933518232,8805.0,8956.25,-0.01688764829030007,Downtrend,8700.0,9200.0,0.0,0,0,Low,Akumulasi
2023-05-17,8775.0,8850.0,8750.0,8775.0,69996100,0.008620689655172376,0.8483038008188042,8775.0,8953.75,-0.019963702359346643,Downtrend,8700.0,9200.0,0.15,0,0,Low,Akumulasi
2023-05-19,8900.0,9000.0,8825.0,9000.0,123592500,0.02564102564102555,1.4696342475524378,8810.0,8958.75,-0.016603878889353982,Downtrend,8700.0,9200.0,0.6,0,0,Medium,Akumulasi
2023-05-22,9000.0,9075.0,8925.0,9000.0,91000000,0.0,1.057387928789687,8850.0,8962.5,-0.012552301255230125,Downtrend,8700.0,9200.0,0.6,0,0,Low,Akumulasi
2023-05-23,9050.0,9150.0,9025.0,9125.0,102980500,0.01388888888888884,1.2017453814043932,8920.0,8968.75,-0.005435540069686411,Sideways,8700.0,9200.0,0.85,0,0,Medium,Distribusi
2023-05-24,9200.0,9200.0,9025.0,9025.0,77392900,-0.010958904109588996,0.9066143171867965,8985.0,8968.75,0.0018118466898954704,Sideways,8700.0,9200.0,0.65,0,0,Low,Distribusi
2023-05-25,9100.0,9150.0,9050.0,9050.0,76325700,0.0027700831024930483,0.9019594705141725,9040.0,8965.0,0.008365867261572783,Sideways,8700.0,9200.0,0.7,0,0,Low,Distribusi
2023-05-26,9175.0,9200.0,9100.0,9150.0,55675900,0.011049723756906049,0.7132496911329668,9070.0,8962.5,0.01199442119944212,Uptrend,8700.0,9200.0,0.9,0,0,Low,Distribusi
2023-05-29,9250.0,9250.0,9075.0,9150.0,79148200,0.0,0.9984034012334567,9100.0,8962.5,0.015341701534170154,Uptrend,8700.0,9250.0,0.8181818181818182,0,0,Low,Distribusi
2023-05-30,9200.0,9325.0,9150.0,9250.0,97189500,0.010928961748633892,1.2647393184348643,9125.0,8972.5,0.01699637782112009,Uptrend,8700.0,9325.0,0.88,0,0,Medium,Distribusi
2023-05-31,9300.0,9325.0,9050.0,9050.0,722827900,-0.021621621621621623,6.643359130654242,9130.0,8972.5,0.01755363611033714,Uptrend,8700.0,9325.0,0.56,0,0,High,Distribusi
2023-06-05,9150.0,9325.0,9100.0,9200.0,163535600,0.016574585635359185,1.449848982560562,9160.0,8986.25,0.019335095284462374,Uptrend,8700.0,9325.0,0.8,0,0,Medium,Distribusi
2023-06-06,9050.0,9200.0,9050.0,9150.0,74872200,-0.005434782608695676,0.6616473554148151,9160.0,8993.75,0.018485059068797775,Uptrend,8700.0,9325.0,0.72,0,0,Low,Distribusi
2023-06-07,9125.0,9175.0,9075.0,9100.0,87492200,-0.005464480874316946,0.7655003469775593,9150.0,8998.75,0.0168078899847201,Uptrend,8700.0,9325.0,0.64,0,0,Low,Distribusi
2023-06-08,9075.0,9125.0,9075.0,9125.0,53188400,0.0027472527472527375,0.47188048031940144,9125.0,9005.0,0.013325930038867296,Uptrend,8700.0,9325.0,0.68,0,0,Low,Distribusi
2023-06-09,9175.0,9175.0,9100.0,9100.0,44632400,-0.002739726027397249,0.39532344141950243,9135.0,9013.75,0.013451671058105671,Uptrend,8700.0,9325.0,0.64,0,0,Low,Distribusi
2023-06-12,9150.0,9150.0,9100.0,9150.0,38082300,0.005494505494505475,0.3383921594082689,9125.0,9025.0,0.0110803324099723,Uptrend,8700.0,9325.0,0.72,0,0,Low,Distribusi
2023-06-13,9175.0,9175.0,9100.0,9150.0,45552600,0.0,0.4114331607399738,9125.0,9041.25,0.009263099682012997,Sideways,8700.0,9325.0,0.72,0,0,Low,Distribusi
2023-06-14,9100.0,9125.0,9050.0,9075.0,72223700,-0.008196721311475419,0.6595663568802685,9120.0,9055.0,0.00717835450027609,Sideways,8700.0,9325.0,0.6,0,0,Low,Distribusi
2023-06-15,9100.0,9100.0,9050.0,9050.0,59073000,-0.0027548209366391463,0.540892539990091,9105.0,9068.75,0.00399724328049621,Sideways,8700.0,9325.0,0.56,0,0,Low,Distribusi
2023-06-16,9100.0,9100.0,8975.0,9050.0,112769400,0.0,1.003486906415027,9095.0,9086.25,0.0009629935341862705,Sideways,8750.0,9325.0,0.5217391304347826,0,0,Low,Distribusi
2023-06-19,9000.0,9050.0,9000.0,9000.0,32330600,-0.0055248618784530246,0.29259977496571654,9065.0,9097.5,-0.003572410002748008,Sideways,8825.0,9325.0,0.35,0,0,Low,Distribusi
2023-06-20,9025.0,9050.0,8950.0,9050.0,54990100,0.005555555555555536,0.5136182133039765,9045.0,9100.0,-0.006043956043956044,Sideways,8925.0,9325.0,0.3125,0,0,Low,Distribusi
2023-06-21,9050.0,9125.0,9000.0,9125.0,42676300,0.008287292817679592,0.4078081973305359,9055.0,9106.25,-0.0056280027453671925,Sideways,8950.0,9325.0,0.4666666666666667,0,0,Low,Distribusi
2023-06-22,9125.0,9150.0,9050.0,9050.0,48291100,-0.008219178082191747,0.4738439951527521,9055.0,9102.5,-0.005218346608074705,Sideways,8950.0,9325.0,0.26666666666666666,0,0,Low,Distribusi
2023-06-23,9025.0,9150.0,9025.0,9050.0,47813500,0.0,0.4760663488941502,9055.0,9103.75,-0.005354936152684333,Sideways,8950.0,9325.0,0.26666666666666666,0,0,Low,Distribusi
2023-06-26,9025.0,9125.0,9025.0,9075.0,36389900,0.0027624309392264568,0.36967427330208924,9070.0,9105.0,-0.003844041735310269,Sideways,8950.0,9325.0,0.3333333333333333,0,0,Low,Distribusi
2023-06-27,9050.0,9150.0,9050.0,9150.0,36225100,0.008264462809917328,0.37167214554528183,9090.0,9105.0,-0.0016474464579901153,Sideways,8950.0,9325.0,0.5333333333333333,0,0,Low,Distribusi
2023-07-03,9025.0,9075.0,9025.0,9075.0,108855900,-0.008196721311475419,1.10010365274748,9080.0,9101.25,-0.002334844114819393,Sideways,8950.0,9325.0,0.3333333333333333,0,0,Low,Distribusi
2023-07-04,9150.0,9150.0,9050.0,9050.0,35049300,-0.0027548209366391463,0.3656927446623313,9080.0,9091.25,-0.001237453595490169,Sideways,8950.0,9325.0,0.26666666666666666,0,0,Low,Distribusi
2023-07-05,9050.0,9075.0,9025.0,9050.0,44609200,0.0,0.7202857814554652,9080.0,9091.25,-0.001237453595490169,Sideways,8950.0,9325.0,0.26666666666666666,0,0,Low,Distribusi
2023-07-06,9050.0,9100.0,9025.0,9075.0,52532400,0.0027624309392264568,0.9317149582636308,9080.0,9085.0,-0.000550357732526142,Sideways,8950.0,9200.0,0.5,0,0,Low,Distribusi
2023-07-07,9025.0,9100.0,9025.0,9025.0,37641300,-0.0055096418732781816,0.6904008524431945,9055.0,9078.75,-0.0026159988985267795,Sideways,8950.0,9175.0,0.3333333333333333,0,0,Low,Distribusi
2023-07-10,9100.0,9100.0,9050.0,9050.0,28981500,0.0027700831024930483,0.5617070514038073,9050.0,9076.25,-0.0028921636138272964,Sideways,8950.0,9175.0,0.4444444444444444,0,0,Low,Distribusi
2023-07-11,9100.0,9100.0,9025.0,9025.0,43703500,-0.002762430939226568,0.8549004810239518,9045.0,9071.25,-0.0028937577511368336,Sideways,8950.0,9175.0,0.3333333333333333,0,0,Low,Distribusi
2023-07-12,9075.0,9175.0,9050.0,9175.0,61566500,0.016620498614958512,1.1847033916732381,9070.0,9075.0,-0.0005509641873278236,Sideways,8950.0,9175.0,1.0,0,0,Low,Distribusi
2023-07-13,9200.0,9225.0,9125.0,9125.0,65230900,-0.00544959128065392,1.2232638584806572,9080.0,9073.75,0.0006888001102080177,Sideways,8950.0,9225.0,0.6363636363636364,0,0,Medium,Distribusi
2023-07-14,9175.0,9200.0,9125.0,9200.0,55554500,0.008219178082191858,1.032124526373569,9115.0,9076.25,0.004269384382316485,Sideways,8950.0,9225.0,0.9090909090909091,0,0,Low,Distribusi
2023-07-17,9200.0,9250.0,9175.0,9175.0,62550100,-0.0027173913043477826,1.1726303086862333,9140.0,9081.25,0.006469373709566414,Sideways,8950.0,9250.0,0.75,0,0,Low,Distribusi
2023-07-18,9200.0,9250.0,9100.0,9150.0,52924600,-0.0027247956403270157,0.9979318095831782,9165.0,9086.25,0.008666941807676434,Sideways,8950.0,9250.0,0.6666666666666666,0,0,Low,Distribusi
2023-07-20,9200.0,9225.0,9125.0,9150.0,83476600,0.0,1.618715816251983,9160.0,9091.25,0.0075622164168843665,Sideways,8950.0,9250.0,0.6666666666666666,0,0,High,Distribusi
2023-07-21,9150.0,9175.0,9125.0,9150.0,42667800,0.0,0.8191718757094568,9165.0,9098.75,0.007281219947795027,Sideways,8950.0,9250.0,0.6666666666666666,0,0,Low,Distribusi
2023-07-24,9200.0,9200.0,9100.0,9100.0,62061200,-0.005464480874316946,1.1834692790206571,9145.0,9101.25,0.004807032001098751,Sideways,9000.0,9250.0,0.4,0,0,Low,Distribusi
2023-07-25,9175.0,9300.0,9150.0,9150.0,122802700,0.005494505494505475,2.1755637828324863,9140.0,9102.5,0.004119747322164241,Sideways,9025.0,9300.0,0.45454545454545453,0,0,High,Distribusi
2023-07-26,9175.0,9350.0,9125.0,9350.0,113868700,0.021857923497267784,1.9065417212080784,9180.0,9117.5,0.006854949273375377,Sideways,9025.0,9350.0,1.0,1,0,High,Distribusi
2023-07-27,9400.0,9400.0,9225.0,9225.0,77848400,-0.013368983957219305,1.2714716324928845,9195.0,9126.25,0.007533214628133132,Sideways,9025.0,9400.0,0.5333333333333333,0,0,Medium,Distribusi
2023-07-28,9200.0,9225.0,9125.0,9125.0,74510200,-0.010840108401083959,1.180209658907494,9190.0,9128.75,0.006709571409009996,Sideways,9025.0,9400.0,0.26666666666666666,0,0,Low,Distribusi
2023-07-31,9175.0,9200.0,9100.0,9125.0,80868000,0.0,1.2371727356612654,9195.0,9127.5,0.007395234182415777,Sideways,9025.0,9400.0,0.26666666666666666,0,0,Medium,Akumulasi
2023-08-01,9175.0,9175.0,9100.0,9125.0,49756400,0.0,0.7972480135054868,9190.0,9130.0,0.0065717415115005475,Sideways,9025.0,9400.0,0.26666666666666666,0,0,Low,Akumulasi
2023-08-02,9125.0,9200.0,9125.0,9200.0,60629900,0.008219178082191858,0.9519648694080411,9160.0,9137.5,0.0024623803009575923,Sideways,9025.0,9400.0,0.4666666666666667,0,0,Low,Akumulasi
2023-08-03,9150.0,9300.0,9150.0,9250.0,64596100,0.005434782608695565,0.9985706129050783,9165.0,9147.5,0.0019130910084722602,Sideways,9025.0,9400.0,0.6,0,0,Low,Akumulasi
2023-08-04,9250.0,9275.0,9125.0,9150.0,52675900,-0.010810810810810811,0.8142097145808982,9170.0,9151.25,0.002048900423439421,Sideways,9025.0,9400.0,0.3333333333333333,0,0,Low,Akumulasi
2023-08-07,9150.0,9275.0,9150.0,9275.0,55589300,0.013661202185792254,0.8474864902030914,9200.0,9163.75,0.003955804119492565,Sideways,9025.0,9400.0,0.6666666666666666,0,0,Low,Akumulasi
2023-08-08,9275.0,9300.0,9200.0,9200.0,43373400,-0.008086253369272267,0.6540734596454211,9215.0,9171.25,0.004770342101676434,Sideways,9025.0,9400.0,0.4666666666666667,0,0,Low,Akumulasi
2023-08-09,9275.0,9400.0,9250.0,9400.0,77056800,0.021739130434782705,1.13351495431036,9255.0,9190.0,0.007072905331882481,Sideways,9050.0,9400.0,1.0,0,0,Low,Akumulasi
2023-08-10,9400.0,9425.0,9350.0,9400.0,76738100,0.0,1.1163694893348723,9285.0,9201.25,0.00910202418149708,Sideways,9100.0,9425.0,0.9230769230769231,0,0,Low,Akumulasi
2023-08-11,9425.0,9450.0,9375.0,9400.0,68898600,0.0,0.9996551917508925,9335.0,9215.0,0.013022246337493217,Uptrend,9100.0,9450.0,0.8571428571428571,0,0,Low,Akumulasi
2023-08-14,9325.0,9350.0,9225.0,9350.0,75495400,-0.005319148936170248,1.0797488136699094,9350.0,9222.5,0.013824884792626729,Uptrend,9100.0,9450.0,0.7142857142857143,0,0,Low,Akumulasi
2023-08-15,9325.0,9375.0,9300.0,9300.0,59303700,-0.005347593582887722,0.8501458418061877,9370.0,9228.75,0.015305431396451307,Uptrend,9100.0,9450.0,0.5714285714285714,0,0,Low,Akumulasi
2023-08-16,9275.0,9325.0,9250.0,9300.0,53440000,0.0,0.7658040957335368,9350.0,9236.25,0.01231560427662742,Uptrend,9100.0,9450.0,0.5714285714285714,0,0,Low,Akumulasi
2023-08-18,9250.0,9350.0,9250.0,9250.0,79328900,-0.005376344086021501,1.1401848136861443,9320.0,9241.25,0.008521574462329231,Sideways,9100.0,9450.0,0.42857142857142855,0,0,Low,Akumulasi
2023-08-21,9225.0,9250.0,9175.0,9175.0,73573000,-0.008108108108108136,1.0344803101374023,9275.0,9242.5,0.0035163646199621317,Sideways,9100.0,9450.0,0.21428571428571427,0,0,Low,Akumulasi
2023-08-22,9150.0,9325.0,9150.0,9300.0,65664600,0.013623978201634968,0.9209504423541328,9265.0,9252.5,0.0013509862199405566,Sideways,9100.0,9450.0,0.5714285714285714,0,0,Low,Akumulasi
2023-08-23,9300.0,9325.0,9275.0,9300.0,63749800,0.0,0.9327201599572542,9265.0,9260.0,0.0005399568034557236,Sideways,9100.0,9450.0,0.5714285714285714,0,0,Low,Akumulasi
2023-08-24,9250.0,9325.0,9200.0,9200.0,53725900,-0.010752688172043001,0.8222372068308593,9245.0,9252.5,-0.0008105917319643339,Sideways,9100.0,9450.0,0.2857142857142857,0,0,Low,Akumulasi
2023-08-25,9200.0,9275.0,9175.0,9275.0,50379000,0.008152173913043459,0.7875699670067604,9250.0,9255.0,-0.0005402485143165856,Sideways,9100.0,9450.0,0.5,0,0,Low,Akumulasi
2023-08-28,9250.0,9250.0,9200.0,9200.0,44423100,-0.008086253369272267,0.7111872660576103,9255.0,9258.75,-0.0004050222762251924,Sideways,9100.0,9450.0,0.2857142857142857,0,0,Low,Akumulasi
2023-08-29,9275.0,9300.0,9200.0,9250.0,45428500,0.005434782608695565,0.7485172509017765,9245.0,9265.0,-0.0021586616297895305,Sideways,9100.0,9450.0,0.42857142857142855,0,0,Low,Akumulasi
2023-08-30,9300.0,9300.0,9200.0,9200.0,56227000,-0.00540540540540535,0.9215297587390611,9225.0,9268.75,-0.004720161834120027,Sideways,9125.0,9450.0,0.23076923076923078,0,0,Low,Akumulasi
2023-08-31,9200.0,9225.0,9100.0,9175.0,136107200,-0.0027173913043477826,2.100785607493527,9220.0,9267.5,-0.005125438359859725,Sideways,9100.0,9450.0,0.21428571428571427,0,0,High,Akumulasi
2023-09-01,9200.0,9275.0,9175.0,9225.0,42152700,0.005449591280654031,0.662085558435753,9210.0,9266.25,-0.006070416835289356,Sideways,9100.0,9450.0,0.35714285714285715,0,0,Low,Akumulasi
2023-09-04,9225.0,9275.0,9175.0,9225.0,40610600,0.0,0.6439658704716913,9215.0,9270.0,-0.005933117583603021,Sideways,9100.0,9450.0,0.35714285714285715,0,0,Low,Akumulasi
2023-09-05,9250.0,9250.0,9200.0,9225.0,42007200,0.0,0.6733630764532832,9210.0,9267.5,-0.006204478014567035,Sideways,9100.0,9450.0,0.35714285714285715,0,0,Low,Akumulasi
2023-09-06,9200.0,9250.0,9150.0,9150.0,49318400,-0.008130081300813052,0.7868104466355065,9200.0,9265.0,-0.007015650296815974,Sideways,9100.0,9450.0,0.14285714285714285,0,0,Low,Akumulasi
2023-09-07,9125.0,9175.0,9100.0,9175.0,61405200,0.002732240437158362,0.9920249723561078,9200.0,9253.75,-0.005808456031338646,Sideways,9100.0,9450.0,0.21428571428571427,0,0,Low,Akumulasi
2023-09-08,9100.0,9150.0,9050.0,9125.0,80732300,-0.00544959128065392,1.3000672882001845,9180.0,9240.0,-0.006493506493506494,Sideways,9050.0,9450.0,0.1875,0,0,Medium,Akumulasi
2023-09-11,9075.0,9125.0,9075.0,9125.0,53155900,0.0,0.8669820402137155,9160.0,9226.25,-0.007180598834846227,Sideways,9050.0,9375.0,0.23076923076923078,0,0,Low,Akumulasi
2023-09-12,9100.0,9125.0,9075.0,9100.0,66479000,-0.002739726027397249,1.0923158825249832,9135.0,9213.75,-0.008547008547008548,Sideways,9050.0,9375.0,0.15384615384615385,0,0,Low,Akumulasi
2023-09-13,9050.0,9075.0,9000.0,9075.0,69490200,-0.0027472527472527375,1.132316847380863,9120.0,9202.5,-0.008964955175224124,Sideways,9000.0,9350.0,0.21428571428571427,0,0,Low,Akumulasi
2023-09-14,9000.0,9125.0,9000.0,9100.0,112757900,0.0027548209366390353,1.7526457267506654,9105.0,9192.5,-0.009518629317378298,Sideways,9000.0,9350.0,0.2857142857142857,0,0,High,Akumulasi
2023-09-15,9050.0,9100.0,9000.0,9000.0,121005300,-0.01098901098901095,1.8218301092869518,9080.0,9180.0,-0.010893246187363835,Downtrend,9000.0,9325.0,0.0,0,0,High,Akumulasi
2023-09-18,9050.0,9075.0,9000.0,9000.0,34272200,0.0,0.5317262072838866,9055.0,9171.25,-0.012675480441597383,Downtrend,9000.0,9325.0,0.0,0,0,Low,Akumulasi
2023-09-19,9000.0,9075.0,8975.0,9075.0,33325800,0.008333333333333304,0.5303475654567659,9050.0,9160.0,-0.012008733624454149,Downtrend,8975.0,9325.0,0.2857142857142857,0,0,Low,Akumulasi
2023-09-20,9125.0,9175.0,9075.0,9150.0,54305500,0.008264462809917328,0.870762647488525,9065.0,9152.5,-0.009560229445506692,Sideways,8975.0,9325.0,0.5,0,0,Low,Akumulasi
2023-09-21,9125.0,9150.0,9075.0,9125.0,40607000,-0.002732240437158473,0.6580348244597671,9070.0,9148.75,-0.008607733296898483,Sideways,8975.0,9300.0,0.46153846153846156,0,0,Low,Akumulasi
2023-09-22,9125.0,9150.0,9075.0,9075.0,42445300,-0.005479452054794498,0.6922745269484039,9085.0,9138.75,-0.00588154835179866,Sideways,8975.0,9300.0,0.3076923076923077,0,0,Low,Akumulasi
2023-09-25,9075.0,9075.0,9000.0,9000.0,56132200,-0.008264462809917328,0.906846023321815,9085.0,9128.75,-0.004792551006435711,Sideways,8975.0,9300.0,0.07692307692307693,0,0,Low,Akumulasi
2023-09-26,9000.0,9025.0,8950.0,8950.0,73544700,-0.005555555555555536,1.1617687201204092,9060.0,9113.75,-0.005897682073789603,Sideways,8950.0,9300.0,0.0,0,1,Low,Akumulasi
2023-09-27,8900.0,9000.0,8875.0,8875.0,84345000,-0.008379888268156388,1.303431093627289,9005.0,9097.5,-0.010167628469359714,Downtrend,8875.0,9275.0,0.0,0,1,Medium,Akumulasi
2023-09-29,8825.0,8900.0,8825.0,8825.0,118960000,-0.005633802816901401,1.863040232335024,8945.0,9080.0,-0.01486784140969163,Downtrend,8825.0,9275.0,0.0,0,1,High,Akumulasi
2023-10-02,8900.0,9100.0,8875.0,9075.0,93663000,0.028328611898017053,1.4099899086433783,8945.0,9072.5,-0.014053458252962248,Downtrend,8825.0,9275.0,0.5555555555555556,0,0,Medium,Akumulasi
2023-10-03,9075.0,9200.0,9025.0,9200.0,98380200,0.01377410468319562,1.4192874248114973,8985.0,9071.25,-0.009508061182306739,Sideways,8825.0,9250.0,0.8823529411764706,0,0,Medium,Distribusi
2023-10-04,9200.0,9250.0,9125.0,9200.0,112582800,0.0,1.5455033224818124,9035.0,9070.0,-0.003858875413450937,Sideways,8825.0,9250.0,0.8823529411764706,0,0,High,Distribusi
2023-10-05,9200.0,9200.0,9075.0,9075.0,72855700,-0.013586956521739135,0.9842404163288179,9075.0,9066.25,0.0009651178822556183,Sideways,8825.0,9250.0,0.5882352941176471,0,0,Low,Distribusi
2023-10-06,9100.0,9100.0,9025.0,9025.0,53344400,-0.0055096418732781816,0.724598820797069,9115.0,9058.75,0.00620946598592521,Sideways,8825.0,9250.0,0.47058823529411764,0,0,Low,Distribusi
2023-10-09,9025.0,9125.0,9025.0,9050.0,43774500,0.0027700831024930483,0.6099162437145863,9110.0,9055.0,0.006073992269464384,Sideways,8825.0,9250.0,0.5294117647058824,0,0,Low,Distribusi
2023-10-10,9000.0,9000.0,8925.0,8925.0,71966100,-0.013812154696132617,0.9897438986552947,9055.0,9045.0,0.001105583195135434,Sideways,8825.0,9250.0,0.23529411764705882,0,0,Low,Distribusi
2023-10-11,8925.0,9025.0,8925.0,8925.0,84305800,0.0,1.1454097499591729,9000.0,9036.25,-0.004011619864434915,Sideways,8825.0,9250.0,0.23529411764705882,0,0,Low,Distribusi
2023-10-12,9000.0,9100.0,9000.0,9050.0,71064500,0.014005602240896309,0.9644770944069775,8995.0,9035.0,-0.004427227448810182,Sideways,8825.0,9250.0,0.5294117647058824,0,0,Low,Distribusi
2023-10-13,9100.0,9125.0,9025.0,9075.0,62941800,0.0027624309392264568,0.8841246847042236,9005.0,9033.75,-0.0031825100318251002,Sideways,8825.0,9250.0,0.5882352941176471,0,0,Low,Distribusi
2023-10-16,9125.0,9125.0,9050.0,9100.0,29429200,0.0027548209366390353,0.44179838598841037,9015.0,9038.75,-0.002627575715668649,Sideways,8825.0,9250.0,0.6470588235294118,0,0,Low,Distribusi
2023-10-17,9050.0,9075.0,8950.0,8950.0,59606000,-0.016483516483516536,0.8781216864279403,9020.0,9036.25,-0.001798312353022548,Sideways,8825.0,9250.0,0.29411764705882354,0,0,Low,Distribusi
2023-10-18,8925.0,8950.0,8850.0,8850.0,50919200,-0.011173184357541888,0.7405497883211631,9005.0,9025.0,-0.00221606648199446,Sideways,8825.0,9250.0,0.058823529411764705,0,0,Low,Distribusi
2023-10-19,8825.0,8850.0,8750.0,8750.0,89509700,-0.011299435028248594,1.2693016640726795,8945.0,9005.0,-0.006662965019433648,Sideways,8750.0,9250.0,0.0,0,1,Medium,Akumulasi
2023-10-20,8725.0,9025.0,8725.0,8975.0,64554500,0.0257142857142858,0.9001379464592604,8925.0,8997.5,-0.008057793831619895,Sideways,8725.0,9250.0,0.47619047619047616,0,0,Low,Akumulasi
2023-10-23,8875.0,8925.0,8850.0,8850.0,50633500,-0.013927576601671321,0.7020180340860753,8875.0,8986.25,-0.012380025038252886,Downtrend,8725.0,9250.0,0.23809523809523808,0,0,Low,Akumulasi
2023-10-24,8775.0,8875.0,8775.0,8775.0,76963200,-0.008474576271186418,1.051881314561896,8840.0,8975.0,-0.015041782729805013,Downtrend,8725.0,9250.0,0.09523809523809523,0,0,Low,Akumulasi
2023-10-25,8825.0,8925.0,8825.0,8875.0,54748400,0.01139601139601143,0.7580006887970109,8845.0,8971.25,-0.014072732339417584,Downtrend,8725.0,9250.0,0.2857142857142857,0,0,Low,Akumulasi
2023-10-26,8925.0,8950.0,8725.0,8725.0,63199400,-0.016901408450704203,0.8880049970426483,8840.0,8963.75,-0.013805605912703946,Downtrend,8725.0,9250.0,0.0,0,0,Low,Akumulasi
2023-10-27,8725.0,8800.0,8700.0,8700.0,52450700,-0.002865329512893977,0.7731002438955007,8785.0,8957.5,-0.019257605358638012,Downtrend,8700.0,9250.0,0.0,0,1,Low,Akumulasi
2023-10-30,8700.0,8850.0,8700.0,8850.0,51958200,0.01724137931034475,0.7901259424699651,8785.0,8946.25,-0.018024311862512226,Downtrend,8700.0,9250.0,0.2727272727272727,0,0,Low,Akumulasi
2023-10-31,8800.0,8825.0,8725.0,8750.0,64907600,-0.011299435028248594,1.0128240657518925,8780.0,8923.75,-0.01610869869729654,Downtrend,8700.0,9250.0,0.09090909090909091,0,0,Low,Akumulasi
2023-11-01,8750.0,8775.0,8600.0,8600.0,67027600,-0.017142857142857126,1.0844486150660109,8725.0,8893.75,-0.018973998594518624,Downtrend,8600.0,9200.0,0.0,0,1,Low,Akumulasi
2023-11-02,8725.0,8900.0,8725.0,8850.0,56050900,0.029069767441860517,0.9193531138424637,8750.0,8882.5,-0.014916971573318323,Downtrend,8600.0,9125.0,0.47619047619047616,0,0,Low,Akumulasi
2023-11-03,8925.0,8950.0,8850.0,8900.0,60414100,0.005649717514124353,0.9852066767398476,8790.0,8876.25,-0.009716941275876637,Sideways,8600.0,9125.0,0.5714285714285714,0,0,Low,Akumulasi
2023-11-06,8975.0,9050.0,8950.0,9050.0,84994200,0.016853932584269593,1.3409783783246503,8830.0,8876.25,-0.0052105337276439935,Sideways,8600.0,9125.0,0.8571428571428571,0,0,Medium,Distribusi
2023-11-07,9000.0,9025.0,8900.0,8975.0,60648200,-0.008287292817679592,0.9654845351929557,8875.0,8878.75,-0.00042235675066873153,Sideways,8600.0,9125.0,0.7142857142857143,0,0,Low,Distribusi
2023-11-08,8950.0,9000.0,8900.0,9000.0,31829300,0.0027855153203342198,0.528791705147368,8955.0,8882.5,0.008162116521249648,Sideways,8600.0,9125.0,0.7619047619047619,0,0,Low,Distribusi
2023-11-09,8900.0,9050.0,8900.0,9000.0,46076800,0.0,0.781716273102249,8985.0,8880.0,0.011824324324324325,Uptrend,8600.0,9125.0,0.7619047619047619,0,0,Low,Distribusi
2023-11-10,8950.0,9000.0,8825.0,8825.0,50754600,-0.019444444444444486,0.8700724186069595,8970.0,8867.5,0.011559063997744572,Uptrend,8600.0,9125.0,0.42857142857142855,0,0,Low,Distribusi
2023-11-13,8875.0,8925.0,8850.0,8875.0,20827700,0.0056657223796034994,0.3596955565353434,8935.0,8856.25,0.008892025405786874,Sideways,8600.0,9075.0,0.5789473684210527,0,0,Low,Distribusi
2023-11-14,8900.0,8950.0,8875.0,8925.0,37195700,0.005633802816901401,0.6550479081171492,8925.0,8855.0,0.007905138339920948,Sideways,8600.0,9050.0,0.7222222222222222,0,0,Low,Distribusi
2023-11-15,8975.0,9050.0,8950.0,9050.0,84977900,0.014005602240896309,1.452958659756992,8935.0,8865.0,0.007896221094190638,Sideways,8600.0,9050.0,1.0,0,0,Medium,Distribusi
2023-11-16,9050.0,9075.0,8950.0,9075.0,48714300,0.0027624309392264568,0.8630196395373022,8950.0,8881.25,0.007741027445460943,Sideways,8600.0,9075.0,1.0,1,0,Low,Distribusi
2023-11-17,9025.0,9075.0,8975.0,9075.0,57050500,0.0,1.0174663828843145,9000.0,8886.25,0.012800675200450133,Uptrend,8600.0,9075.0,1.0,0,0,Low,Distribusi
2023-11-20,8975.0,9025.0,8875.0,8875.0,49216000,-0.02203856749311295,0.8788529839992721,9000.0,8887.5,0.012658227848101266,Uptrend,8600.0,9075.0,0.5789473684210527,0,0,Low,Distribusi
2023-11-21,8825.0,8900.0,8775.0,8775.0,107614800,-0.011267605633802802,1.870493280838102,8970.0,8887.5,0.009282700421940928,Sideways,8600.0,9075.0,0.3684210526315789,0,0,High,Distribusi
2023-11-22,8775.0,8875.0,8775.0,8875.0,40364800,0.01139601139601143,0.7104769600764183,8935.0,8887.5,0.005344585091420534,Sideways,8600.0,9075.0,0.5789473684210527,0,0,Low,Distribusi
2023-11-23,8850.0,8975.0,8850.0,8925.0,55542100,0.005633802816901401,0.9842515080417077,8905.0,8897.5,0.0008429334082607474,Sideways,8600.0,9075.0,0.6842105263157895,0,0,Low,Distribusi
2023-11-24,8925.0,8975.0,8900.0,8925.0,43631900,0.0,0.7792821771656511,8875.0,8908.75,-0.0037884102708011787,Sideways,8600.0,9075.0,0.6842105263157895,0,0,Low,Distribusi
2023-11-27,8900.0,8950.0,8875.0,8875.0,35679000,-0.0056022408963585235,0.6466410153708413,8875.0,8910.0,-0.003928170594837262,Sideways,8600.0,9075.0,0.5789473684210527,0,0,Low,Distribusi
2023-11-28,8875.0,8950.0,8850.0,8875.0,69070600,0.0,1.2471207865802518,8895.0,8916.25,-0.0023832889387354547,Sideways,8600.0,9075.0,0.5789473684210527,0,0,Medium,Distribusi
2023-11-29,8900.0,8950.0,8900.0,8900.0,54715600,0.0028169014084507005,0.9990350283785646,8900.0,8931.25,-0.0034989503149055285,Sideways,8725.0,9075.0,0.5,0,0,Low,Distribusi
2023-11-30,8925.0,8975.0,8900.0,8975.0,205312100,0.008426966292134797,3.2991662905174564,8910.0,8937.5,-0.003076923076923077,Sideways,8775.0,9075.0,0.6666666666666666,0,0,High,Distribusi
2023-12-01,8925.0,8975.0,8900.0,8950.0,80566400,-0.0027855153203342198,1.27399612186285,8915.0,8940.0,-0.002796420581655481,Sideways,8775.0,9075.0,0.5833333333333334,0,0,Medium,Distribusi
2023-12-04,8950.0,9025.0,8925.0,8925.0,54747400,-0.0027932960893854997,0.8869310138216335,8925.0,8933.75,-0.0009794319294809011,Sideways,8775.0,9075.0,0.5,0,0,Low,Distribusi
2023-12-05,8950.0,8950.0,8825.0,8900.0,94363900,-0.0028011204481792618,1.488094552862311,8930.0,8930.0,0.0,Sideways,8775.0,9075.0,0.4166666666666667,0,0,Medium,Distribusi
2023-12-06,8850.0,8950.0,8800.0,8800.0,81852800,-0.011235955056179803,1.2418168623251493,8910.0,8920.0,-0.0011210762331838565,Sideways,8775.0,9075.0,0.08333333333333333,0,0,Medium,Akumulasi
2023-12-07,8750.0,8825.0,8725.0,8825.0,91322500,0.0028409090909091717,1.3395103821680434,8880.0,8911.25,-0.0035068031982045168,Sideways,8725.0,9075.0,0.2857142857142857,0,0,Medium,Akumulasi
2023-12-08,8800.0,8850.0,8750.0,8750.0,43891600,-0.008498583569405138,0.6470549385489751,8840.0,8907.5,-0.007577883805781645,Sideways,8725.0,9075.0,0.07142857142857142,0,0,Low,Akumulasi
2023-12-11,8675.0,8775.0,8675.0,8750.0,78642800,0.0,1.1119733876800875,8805.0,8901.25,-0.01081308804943126,Downtrend,8675.0,9075.0,0.1875,0,0,Low,Akumulasi
2023-12-12,8700.0,8750.0,8700.0,8700.0,87589300,-0.005714285714285672,1.1958674999895895,8765.0,8890.0,-0.0140607424071991,Downtrend,8675.0,9075.0,0.0625,0,0,Low,Akumulasi
2023-12-13,8700.0,8750.0,8675.0,8675.0,51560500,-0.002873563218390829,0.7203959568518303,8740.0,8871.25,-0.014794983795970128,Downtrend,8675.0,9075.0,0.0,0,0,Low,Akumulasi
2023-12-14,8775.0,9050.0,8750.0,9050.0,115332800,0.043227665706051965,1.539754486346876,8785.0,8870.0,-0.009582863585118376,Sideways,8675.0,9075.0,0.9375,0,0,High,Distribusi
2023-12-15,9125.0,9225.0,9075.0,9225.0,275013500,0.01933701657458564,3.205228765178053,8880.0,8877.5,0.000281610813855252,Sideways,8675.0,9225.0,1.0,1,0,High,Distribusi
2023-12-18,9200.0,9225.0,9150.0,9200.0,111712200,-0.0027100271002710175,1.2562331089116126,8970.0,8893.75,0.008573436401967675,Sideways,8675.0,9225.0,0.9545454545454546,0,0,Medium,Distribusi
2023-12-19,9125.0,9250.0,9125.0,9250.0,65174500,0.005434782608695565,0.7508209701326484,9080.0,8917.5,0.01822259601906364,Uptrend,8675.0,9250.0,1.0,1,0,Low,Distribusi
2023-12-20,9250.0,9300.0,9225.0,9300.0,72938100,0.00540540540540535,0.8247839211117843,9205.0,8938.75,0.029786043909942665,Uptrend,8675.0,9300.0,1.0,1,0,Low,Distribusi
2023-12-21,9300.0,9325.0,9250.0,9325.0,88116700,0.0026881720430107503,0.9784035857191696,9260.0,8958.75,0.03362634296079252,Uptrend,8675.0,9325.0,1.0,1,0,Low,Distribusi
2023-12-22,9275.0,9350.0,9275.0,9325.0,64449600,0.0,0.7074397825879712,9280.0,8978.75,0.03355144090213003,Uptrend,8675.0,9350.0,0.9629629629629629,0,0,Low,Distribusi
2023-12-27,9375.0,9400.0,9325.0,9375.0,64464700,0.00536193029490617,0.6966002851897973,9315.0,9003.75,0.03456892961266139,Uptrend,8675.0,9400.0,0.9655172413793104,1,0,Low,Distribusi
2023-12-28,9325.0,9425.0,9325.0,9400.0,70184600,0.002666666666666595,0.7579528536274922,9345.0,9030.0,0.03488372093023256,Uptrend,8675.0,9425.0,0.9666666666666667,0,0,Low,Distribusi
2023-12-29,9425.0,9450.0,9350.0,9400.0,79903400,0.0,0.8513315526806373,9365.0,9055.0,0.034235229155162895,Uptrend,8675.0,9450.0,0.9354838709677419,0,0,Low,Distribusi
2024-01-02,9400.0,9425.0,9350.0,9425.0,30545200,0.0026595744680850686,0.35885448102574496,9385.0,9077.5,0.033874965574221975,Uptrend,8675.0,9450.0,0.967741935483871,0,0,Low,Distribusi
2024-01-03,9425.0,9425.0,9325.0,9350.0,34603300,-0.007957559681697646,0.41781095905396337,9390.0,9097.5,0.03215169002473207,Uptrend,8675.0,9450.0,0.8709677419354839,0,0,Low,Distribusi
2024-01-04,9400.0,9475.0,9375.0,9475.0,56501800,0.013368983957219305,0.6814984140891268,9410.0,9125.0,0.03123287671232877,Uptrend,8675.0,9475.0,1.0,1,0,Low,Distribusi
2024-01-05,9500.0,9600.0,9475.0,9575.0,85290100,0.01055408970976246,1.034389875628377,9445.0,9158.75,0.03125426504708612,Uptrend,8675.0,9600.0,0.972972972972973,1,0,Low,Distribusi
2024-01-08,9600.0,9625.0,9475.0,9575.0,50896000,0.0,0.6290705857836673,9480.0,9197.5,0.03071486817069856,Uptrend,8675.0,9625.0,0.9473684210526315,0,0,Low,Distribusi
2024-01-09,9600.0,9625.0,9575.0,9625.0,59848600,0.005221932114882533,0.7543976202074384,9520.0,9237.5,0.030581867388362653,Uptrend,8675.0,9625.0,1.0,0,0,Low,Distribusi
2024-01-10,9650.0,9650.0,9550.0,9550.0,52774900,-0.007792207792207795,0.6615291876255764,9560.0,9277.5,0.03045001347345729,Uptrend,8675.0,9650.0,0.8974358974358975,0,0,Low,Distribusi
2024-01-11,9625.0,9650.0,9575.0,9575.0,39381500,0.002617801047120505,0.5060974516624983,9580.0,9318.75,0.028034875922199866,Uptrend,8675.0,9650.0,0.9230769230769231,0,0,Low,Distribusi
2024-01-12,9650.0,9700.0,9600.0,9700.0,68253400,0.01305483028720622,0.8881694821429571,9605.0,9368.75,0.025216811207471646,Uptrend,8675.0,9700.0,1.0,1,0,Low,Distribusi
2024-01-15,9750.0,9750.0,9650.0,9725.0,88399500,0.002577319587628857,1.1234003844491025,9635.0,9421.25,0.022688072177258857,Uptrend,8750.0,9750.0,0.975,1,0,Low,Distribusi
2024-01-16,9700.0,9750.0,9675.0,9700.0,44869200,-0.0025706940874036244,0.5969344666820282,9650.0,9453.75,0.02075895808541584,Uptrend,9075.0,9750.0,0.9259259259259259,0,0,Low,Distribusi
2024-01-17,9750.0,9750.0,9650.0,9750.0,107706100,0.005154639175257714,1.612350594687149,9690.0,9480.0,0.022151898734177215,Uptrend,9125.0,9750.0,1.0,0,0,High,Distribusi
2024-01-18,9675.0,9750.0,9625.0,9675.0,71048900,-0.007692307692307665,1.0969837420786859,9710.0,9503.75,0.021701959752729184,Uptrend,9125.0,9750.0,0.88,0,0,Low,Distribusi
2024-01-19,9775.0,9775.0,9600.0,9625.0,63176500,-0.0051679586563307955,0.9769420098363005,9695.0,9522.5,0.018114990811236544,Uptrend,9225.0,9775.0,0.7272727272727273,0,0,Low,Distribusi
2024-01-22,9600.0,9650.0,9525.0,9625.0,52868300,0.0,0.8304254288306686,9675.0,9538.75,0.014283842222513433,Uptrend,9250.0,9775.0,0.7142857142857143,0,0,Low,Distribusi
2024-01-23,9450.0,9600.0,9450.0,9600.0,92348600,-0.0025974025974025983,1.4457545755655787,9655.0,9552.5,0.010730175346767862,Uptrend,9275.0,9775.0,0.65,0,0,Medium,Distribusi
2024-01-24,9600.0,9600.0,9475.0,9525.0,84906000,-0.0078125,1.3082884928210239,9610.0,9562.5,0.0049673202614379085,Sideways,9325.0,9775.0,0.4444444444444444,0,0,Medium,Distribusi
2024-01-25,9450.0,9575.0,9450.0,9500.0,63212700,-0.002624671916010457,0.9749640361447734,9575.0,9568.75,0.0006531678641410843,Sideways,9325.0,9775.0,0.3888888888888889,0,0,Low,Distribusi
2024-01-26,9400.0,9450.0,9300.0,9350.0,78977300,-0.015789473684210575,1.2099060345168977,9520.0,9566.25,-0.004834705344309421,Sideways,9300.0,9775.0,0.10526315789473684,0,0,Medium,Akumulasi
2024-01-29,9400.0,9550.0,9375.0,9550.0,73452800,0.021390374331550888,1.1308601668882754,9505.0,9573.75,-0.007181094137615877,Sideways,9300.0,9775.0,0.5263157894736842,0,0,Low,Akumulasi
2024-01-30,9500.0,9650.0,9475.0,9650.0,73136400,0.010471204188481575,1.0902440491456837,9515.0,9585.0,-0.007303077725612937,Sideways,9300.0,9775.0,0.7368421052631579,0,0,Low,Akumulasi
2024-01-31,9700.0,9700.0,9550.0,9550.0,102581200,-0.010362694300518172,1.455434611271697,9520.0,9595.0,-0.007816571130797291,Sideways,9300.0,9775.0,0.5263157894736842,0,0,Medium,Akumulasi
2024-02-01,9650.0,9725.0,9575.0,9700.0,104208700,0.015706806282722585,1.430125241476455,9560.0,9606.25,-0.0048145738451528955,Sideways,9300.0,9775.0,0.8421052631578947,0,0,Medium,Distribusi
2024-02-02,9775.0,9800.0,9625.0,9700.0,99324000,0.0,1.3500881423075872,9630.0,9612.5,0.0018205461638491547,Sideways,9300.0,9800.0,0.8,0,0,Medium,Distribusi
2024-02-05,9675.0,9675.0,9525.0,9575.0,57983300,-0.012886597938144284,0.7843753954711866,9635.0,9612.5,0.0023407022106631988,Sideways,9300.0,9800.0,0.55,0,0,Low,Distribusi
2024-02-06,9750.0,9750.0,9625.0,9625.0,87651000,0.005221932114882533,1.1638227469714233,9630.0,9612.5,0.0018205461638491547,Sideways,9300.0,9800.0,0.65,0,0,Low,Distribusi
2024-02-07,9700.0,9725.0,9650.0,9700.0,92953500,0.007792207792207684,1.2021619476850978,9660.0,9620.0,0.004158004158004158,Sideways,9300.0,9800.0,0.8,0,0,Medium,Distribusi
2024-02-12,9750.0,9800.0,9700.0,9800.0,87949400,0.010309278350515427,1.102809091472212,9680.0,9631.25,0.0050616482803374436,Sideways,9300.0,9800.0,1.0,0,0,Low,Distribusi
2024-02-13,9750.0,9800.0,9700.0,9725.0,66072400,-0.007653061224489832,0.8296249345031955,9685.0,9632.5,0.005450298468725669,Sideways,9300.0,9800.0,0.85,0,0,Low,Distribusi
2024-02-15,9950.0,9975.0,9850.0,9850.0,164748900,0.01285347043701801,1.9740156695354687,9740.0,9638.75,0.010504474127869277,Uptrend,9300.0,9975.0,0.8148148148148148,1,0,High,Markup
2024-02-16,9975.0,10000.0,9875.0,9950.0,142277200,0.010152284263959421,1.610761383896326,9805.0,9651.25,0.01593057894055174,Uptrend,9300.0,10000.0,0.9285714285714286,0,0,High,Markup
2024-02-19,9900.0,9975.0,9825.0,9875.0,53341300,-0.007537688442211032,0.6230665433802136,9840.0,9657.5,0.018897230132021745,Uptrend,9300.0,10000.0,0.8214285714285714,0,0,Low,Markup
2024-02-20,9850.0,10025.0,9850.0,10025.0,63997700,0.0151898734177216,0.7506325479401668,9885.0,9675.0,0.021705426356589147,Uptrend,9300.0,10025.0,1.0,1,0,Low,Markup
2024-02-21,9950.0,10000.0,9850.0,9975.0,75371600,-0.004987531172069848,0.8777600393347402,9935.0,9692.5,0.025019344854268766,Uptrend,9300.0,10025.0,0.9310344827586207,0,0,Low,Markup
2024-02-22,9975.0,9975.0,9875.0,9875.0,66913000,-0.010025062656641603,0.7729320720084879,9940.0,9705.0,0.024214322514167955,Uptrend,9300.0,10025.0,0.7931034482758621,0,0,Low,Markup
2024-02-23,9900.0,9925.0,9800.0,9825.0,55192300,-0.005063291139240533,0.6515245943236145,9915.0,9716.25,0.02045542261675029,Uptrend,9300.0,10025.0,0.7241379310344828,0,0,Low,Markup
2024-02-26,9750.0,9875.0,9725.0,9800.0,41356000,-0.0025445292620864812,0.501072059883418,9900.0,9730.0,0.017471736896197326,Uptrend,9300.0,10025.0,0.6896551724137931,0,0,Low,Markup
2024-02-27,9750.0,9900.0,9750.0,9875.0,43735800,0.007653061224489832,0.5362329804162985,9870.0,9748.75,0.012437491986152072,Uptrend,9300.0,10025.0,0.7931034482758621,0,0,Low,Markup
2024-02-28,9975.0,10000.0,9900.0,10000.0,54043100,0.012658227848101333,0.6728936052378102,9875.0,9781.25,0.009584664536741214,Sideways,9375.0,10025.0,0.9615384615384616,0,0,Low,Markup
2024-02-29,10000.0,10000.0,9850.0,9875.0,126671200,-0.012499999999999956,1.5266115017221973,9875.0,9797.5,0.007910181168665476,Sideways,9475.0,10025.0,0.7272727272727273,0,0,High,Distribusi
2024-03-01,9900.0,9925.0,9800.0,9825.0,51520600,-0.005063291139240533,0.6291085579380621,9875.0,9806.25,0.007010834926704908,Sideways,9525.0,10025.0,0.6,0,0,Low,Distribusi
2024-03-04,9800.0,9825.0,9750.0,9750.0,43822900,-0.007633587786259555,0.5550244979225638,9865.0,9816.25,0.0049662549344199666,Sideways,9525.0,10025.0,0.45,0,0,Low,Distribusi
2024-03-05,9900.0,9900.0,9775.0,9800.0,61952900,0.00512820512820511,0.8062174872554954,9850.0,9821.25,0.0029273259513809343,Sideways,9525.0,10025.0,0.55,0,0,Low,Distribusi
2024-03-06,9900.0,10000.0,9775.0,9950.0,70242200,0.015306122448979664,0.9317200208012183,9840.0,9833.75,0.0006355662895640015,Sideways,9525.0,10025.0,0.85,0,0,Low,Distribusi
2024-03-07,10050.0,10175.0,10000.0,10125.0,118369300,0.017587939698492372,1.5096369854448681,9890.0,9861.25,0.0029154518950437317,Sideways,9625.0,10175.0,0.9090909090909091,1,0,High,Distribusi
2024-03-08,10250.0,10300.0,10125.0,10150.0,100947200,0.0024691358024691024,1.2766180507670513,9955.0,9887.5,0.006826801517067004,Sideways,9650.0,10300.0,0.7692307692307693,0,0,Medium,Distribusi
2024-03-13,10400.0,10400.0,10000.0,10000.0,141622600,-0.014778325123152691,1.73754327522244,10005.0,9902.5,0.010350921484473618,Uptrend,9700.0,10400.0,0.42857142857142855,0,0,High,Distribusi
2024-03-14,10050.0,10325.0,10025.0,10325.0,110681100,0.03249999999999997,1.3392520554888672,10110.0,9928.75,0.01825506735490369,Uptrend,9700.0,10400.0,0.8928571428571429,0,0,Medium,Distribusi
2024-03-15,10200.0,10300.0,10050.0,10150.0,154176800,-0.016949152542372836,1.7711458183094995,10150.0,9950.0,0.020100502512562814,Uptrend,9725.0,10400.0,0.6296296296296297,0,0,High,Distribusi
2024-03-18,10175.0,10275.0,10150.0,10150.0,62444100,0.0,0.7621273453877999,10155.0,9965.0,0.019066733567486203,Uptrend,9725.0,10400.0,0.6296296296296297,0,0,Low,Distribusi
2024-03-19,10150.0,10250.0,10150.0,10175.0,55004800,0.0024630541871921707,0.7090959074878184,10160.0,9976.25,0.0184187445182308,Uptrend,9725.0,10400.0,0.6666666666666666,0,0,Low,Distribusi
2024-03-20,10100.0,10150.0,10075.0,10125.0,66269700,-0.004914004914004955,0.8472571953742131,10185.0,9988.75,0.019647102990864723,Uptrend,9725.0,10400.0,0.5925925925925926,0,0,Low,Distribusi
2024-03-21,10175.0,10225.0,10050.0,10125.0,90279400,0.0,1.1351497274704665,10145.0,9993.75,0.015134459036898062,Uptrend,9725.0,10400.0,0.5925925925925926,0,0,Low,Distribusi
2024-03-22,10000.0,10125.0,9950.0,10100.0,91968200,-0.0024691358024691024,1.1444430645542234,10135.0,10000.0,0.0135,Uptrend,9725.0,10400.0,0.5555555555555556,0,0,Low,Distribusi
2024-03-25,10075.0,10075.0,9925.0,10075.0,66971000,-0.0024752475247524774,0.8333503393826754,10120.0,10010.0,0.01098901098901099,Uptrend,9725.0,10400.0,0.5185185185185185,0,0,Low,Distribusi
2024-03-26,10050.0,10050.0,9950.0,10050.0,65742700,-0.002481389578163795,0.8127311441508754,10095.0,10021.25,0.007359361357116128,Sideways,9725.0,10400.0,0.48148148148148145,0,0,Low,Distribusi
2024-03-27,10025.0,10075.0,10000.0,10075.0,39514100,0.0024875621890547706,0.48904203437704075,10085.0,10035.0,0.004982561036372696,Sideways,9750.0,10400.0,0.5,0,0,Low,Distribusi
2024-03-28,10025.0,10100.0,9975.0,10075.0,79229700,0.0,0.9595030765251107,10075.0,10045.0,0.0029865604778496766,Sideways,9750.0,10400.0,0.5,0,0,Low,Distribusi
2024-04-01,10075.0,10100.0,9825.0,9850.0,79248700,-0.022332506203473934,0.9453054585516418,10025.0,10037.5,-0.0012453300124533001,Sideways,9750.0,10400.0,0.15384615384615385,0,0,Low,Distribusi
2024-04-02,9925.0,9950.0,9800.0,9900.0,76763100,0.0050761421319796,0.9437480171611113,9990.0,10038.75,-0.004856182293612252,Sideways,9750.0,10400.0,0.23076923076923078,0,0,Low,Distribusi
2024-04-03,9750.0,9800.0,9525.0,9525.0,177418400,-0.037878787878787845,2.024551242964373,9885.0,10023.75,-0.013842124953236064,Downtrend,9525.0,10400.0,0.0,0,1,High,Markdown
2024-04-04,9575.0,9850.0,9575.0,9850.0,75993500,0.034120734908136496,0.8515443545484062,9840.0,10028.75,-0.018820889941418423,Downtrend,9525.0,10400.0,0.37142857142857144,0,0,Low,Markdown
2024-04-05,9950.0,9950.0,9825.0,9825.0,70428600,-0.0025380710659898,0.7854570127995346,9790.0,10030.0,-0.023928215353938187,Downtrend,9525.0,10400.0,0.34285714285714286,0,0,Low,Markdown
2024-04-16,9350.0,9575.0,9250.0,9475.0,283265900,-0.03562340966921118,2.8237093942603617,9715.0,10006.25,-0.02910680824484697,Downtrend,9250.0,10400.0,0.1956521739130435,0,1,High,Markdown
2024-04-17,9550.0,9675.0,9525.0,9525.0,95620700,0.005277044854881341,0.9641174389691258,9640.0,9976.25,-0.03370504949254479,Downtrend,9250.0,10400.0,0.2391304347826087,0,0,Low,Markdown
2024-04-18,9525.0,9575.0,9450.0,9475.0,127134000,-0.005249343832021025,1.2651552254227596,9630.0,9942.5,-0.03143072667840081,Downtrend,9250.0,10400.0,0.1956521739130435,0,0,Medium,Markdown
2024-04-19,9350.0,9500.0,9300.0,9475.0,147784300,0.0,1.4661585956875278,9555.0,9916.25,-0.036430102105130466,Downtrend,9250.0,10325.0,0.20930232558139536,0,0,Medium,Markdown
2024-04-22,9400.0,9425.0,9350.0,9350.0,128908000,-0.01319261213720313,1.2674287055376068,9460.0,9867.5,-0.04129718773752217,Downtrend,9250.0,10300.0,0.09523809523809523,0,0,Medium,Markdown
2024-04-23,9400.0,9775.0,9400.0,9725.0,178833000,0.04010695187165769,1.7372362320412464,9510.0,9846.25,-0.03415005712834836,Downtrend,9250.0,10275.0,0.4634146341463415,0,0,High,Markdown
2024-04-24,9825.0,9950.0,9750.0,9950.0,132832700,0.023136246786632286,1.2477178747709539,9595.0,9836.25,-0.024526623459143474,Downtrend,9250.0,10250.0,0.7,0,0,Medium,Markdown
2024-04-25,10000.0,10000.0,9700.0,9775.0,104874100,-0.017587939698492483,0.9625540101835647,9655.0,9816.25,-0.01642684324461989,Downtrend,9250.0,10225.0,0.5384615384615384,0,0,Low,Markdown
2024-04-26,9700.0,9825.0,9625.0,9625.0,100932900,-0.01534526854219953,0.911875497742963,9685.0,9791.25,-0.010851525596833908,Downtrend,9250.0,10225.0,0.38461538461538464,0,0,Low,Markdown
2024-04-29,9525.0,9850.0,9525.0,9800.0,90063500,0.018181818181818077,0.8137555668507515,9775.0,9775.0,0.0,Sideways,9250.0,10125.0,0.6285714285714286,0,0,Low,Markdown
2024-04-30,10050.0,10050.0,9800.0,9800.0,109623000,0.0,0.9826451173703049,9790.0,9760.0,0.0030737704918032786,Sideways,9250.0,10100.0,0.6470588235294118,0,0,Low,Markdown
2024-05-02,9900.0,9900.0,9500.0,9550.0,97079400,-0.025510204081632626,0.8586195235525488,9710.0,9733.75,-0.0024399640426351612,Sideways,9250.0,10100.0,0.35294117647058826,0,0,Low,Markdown
2024-05-03,9750.0,9850.0,9675.0,9850.0,81200400,0.03141361256544495,0.7133016038665676,9725.0,9723.75,0.0001285512276642242,Sideways,9250.0,10100.0,0.7058823529411765,0,0,Low,Markdown
2024-05-06,9850.0,9875.0,9775.0,9800.0,53076200,-0.005076142131979711,0.46348483552511077,9760.0,9710.0,0.005149330587023687,Sideways,9250.0,10100.0,0.6470588235294118,0,0,Low,Markdown
2024-05-07,9700.0,9750.0,9625.0,9700.0,66746800,-0.010204081632653073,0.586056747412622,9740.0,9691.25,0.005030310847413904,Sideways,9250.0,10100.0,0.5294117647058824,0,0,Low,Markdown
2024-05-08,9600.0,9700.0,9375.0,9375.0,112808900,-0.03350515463917525,0.9761141728123983,9655.0,9667.5,-0.0012929919834497026,Sideways,9250.0,10050.0,0.15625,0,0,Low,Markdown
2024-05-13,9200.0,9525.0,9200.0,9525.0,145469900,0.016000000000000014,1.2223877525519788,9650.0,9648.75,0.00012955045990413266,Sideways,9200.0,10050.0,0.38235294117647056,0,0,Medium,Markdown
2024-05-14,9625.0,9675.0,9525.0,9550.0,95363500,0.002624671916010568,0.8299553449760411,9590.0,9650.0,-0.0062176165803108805,Sideways,9200.0,10050.0,0.4117647058823529,0,0,Low,Markdown
2024-05-15,9500.0,9600.0,9425.0,9500.0,54741900,-0.005235602094240788,0.4808696041356864,9530.0,9632.5,-0.010641058915131067,Downtrend,9200.0,10050.0,0.35294117647058826,0,0,Low,Markdown
2024-05-16,9575.0,9675.0,9525.0,9600.0,61126000,0.010526315789473717,0.5391523851689257,9510.0,9621.25,-0.01156294660257243,Downtrend,9200.0,10050.0,0.47058823529411764,0,0,Low,Markdown
2024-05-17,9600.0,9850.0,9575.0,9750.0,99848500,0.015625,0.9582078355707926,9585.0,9635.0,-0.005189413596263622,Sideways,9200.0,10050.0,0.6470588235294118,0,0,Low,Markdown
2024-05-20,9700.0,9800.0,9475.0,9475.0,87890100,-0.028205128205128216,0.846587964931128,9575.0,9632.5,-0.005969374513366208,Sideways,9200.0,10050.0,0.3235294117647059,0,0,Low,Markdown
2024-05-21,9450.0,9575.0,9375.0,9375.0,75311400,-0.01055408970976257,0.743994671315024,9540.0,9627.5,-0.009088548428979486,Sideways,9200.0,10050.0,0.20588235294117646,0,0,Low,Markdown
2024-05-22,9475.0,9575.0,9325.0,9425.0,121712700,0.005333333333333412,1.218075332550157,9525.0,9625.0,-0.01038961038961039,Downtrend,9200.0,10050.0,0.2647058823529412,0,0,Medium,Markdown
2024-05-27,9300.0,9375.0,9275.0,9300.0,128578500,-0.01326259946949604,1.2869990261813968,9465.0,9622.5,-0.01636788776305534,Downtrend,9200.0,10050.0,0.11764705882352941,0,0,Medium,Markdown
2024-05-28,9300.0,9400.0,9300.0,9300.0,73945700,0.0,0.7811607921526119,9375.0,9601.25,-0.02356464002083062,Downtrend,9200.0,10050.0,0.11764705882352941,0,0,Low,Markdown
2024-05-29,9275.0,9325.0,9150.0,9150.0,117351600,-0.016129032258064502,1.249920516364043,9310.0,9561.25,-0.026277944829389464,Downtrend,9150.0,10050.0,0.0,0,1,Medium,Markdown
2024-05-30,9000.0,9250.0,8775.0,9000.0,207115100,-0.016393442622950838,2.092086509702594,9235.0,9522.5,-0.030191651352060908,Downtrend,8775.0,10050.0,0.17647058823529413,0,1,High,Markdown
2024-05-31,9100.0,9250.0,9025.0,9250.0,756431600,0.02777777777777768,5.740360397463131,9200.0,9503.75,-0.031961067999473895,Downtrend,8775.0,10050.0,0.37254901960784315,0,0,High,Markdown
2024-06-03,9350.0,9350.0,9225.0,9275.0,72197700,0.002702702702702675,0.5516288104429564,9195.0,9477.5,-0.02980743867053548,Downtrend,8775.0,10050.0,0.39215686274509803,0,0,Low,Markdown
2024-06-04,9525.0,9525.0,9350.0,9350.0,75353100,0.008086253369272267,0.5833753008207563,9205.0,9455.0,-0.026441036488630356,Downtrend,8775.0,9900.0,0.5111111111111111,0,0,Low,Markdown
2024-06-05,9500.0,9500.0,9300.0,9450.0,82087300,0.010695187165775444,0.6392203513460298,9265.0,9450.0,-0.019576719576719578,Downtrend,8775.0,9875.0,0.6136363636363636,0,0,Low,Markdown
2024-06-06,9525.0,9525.0,9450.0,9475.0,44991300,0.002645502645502562,0.35536077317445686,9360.0,9431.25,-0.0075546719681908545,Sideways,8775.0,9875.0,0.6363636363636364,0,0,Low,Markdown
2024-06-07,9500.0,9500.0,9325.0,9325.0,51599800,-0.0158311345646438,0.4077953384228391,9375.0,9407.5,-0.0034546904065904864,Sideways,8775.0,9850.0,0.5116279069767442,0,0,Low,Markdown
2024-06-10,9500.0,9525.0,9450.0,9525.0,45584700,0.02144772117962468,0.3632957247857181,9425.0,9398.75,0.002792924591036042,Sideways,8775.0,9850.0,0.6976744186046512,0,0,Low,Markdown
2024-06-11,9550.0,9550.0,9300.0,9300.0,68690900,-0.023622047244094446,0.5572413596170311,9415.0,9395.0,0.0021287919105907396,Sideways,8775.0,9850.0,0.4883720930232558,0,0,Low,Markdown
2024-06-12,9300.0,9325.0,9250.0,9250.0,49785700,-0.005376344086021501,0.4201844185722362,9375.0,9381.25,-0.0006662225183211193,Sideways,8775.0,9850.0,0.4418604651162791,0,0,Low,Markdown
2024-06-13,9475.0,9475.0,9200.0,9200.0,84652200,-0.00540540540540535,0.7176969115417671,9320.0,9363.75,-0.004672273394740355,Sideways,8775.0,9850.0,0.3953488372093023,0,0,Low,Markdown
2024-06-14,9200.0,9250.0,9100.0,9200.0,52986300,0.0,0.4495621617177579,9295.0,9348.75,-0.005749431742211526,Sideways,8775.0,9850.0,0.3953488372093023,0,0,Low,Markdown
2024-06-19,9250.0,9250.0,9050.0,9050.0,100051000,-0.016304347826086918,0.8350926722414631,9200.0,9321.25,-0.013007912028966073,Downtrend,8775.0,9850.0,0.2558139534883721,0,0,Low,Markdown
2024-06-20,9150.0,9425.0,9100.0,9425.0,81474800,0.04143646408839774,0.6852981012002104,9225.0,9305.0,-0.008597528210639442,Sideways,8775.0,9800.0,0.6341463414634146,0,0,Low,Markdown
2024-06-21,9475.0,9675.0,9400.0,9600.0,166841200,0.018567639257294433,1.3582310169571692,9295.0,9311.25,-0.0017452006980802793,Sideways,8775.0,9675.0,0.9166666666666666,0,0,Medium,Distribusi
2024-06-24,9600.0,9750.0,9575.0,9600.0,79592300,0.0,0.646822754841634,9375.0,9322.5,0.0056315366049879325,Sideways,8775.0,9750.0,0.8461538461538461,0,0,Low,Distribusi
2024-06-25,9600.0,9600.0,9450.0,9600.0,80029000,0.0,0.6615771790304115,9455.0,9331.25,0.013261888814467515,Uptrend,8775.0,9750.0,0.8461538461538461,0,0,Low,Distribusi
2024-06-26,9525.0,9650.0,9450.0,9500.0,77913200,-0.01041666666666663,0.6578632902072447,9545.0,9341.25,0.021811856014987287,Uptrend,8775.0,9750.0,0.7435897435897436,0,0,Low,Distribusi
2024-06-27,9575.0,9750.0,9550.0,9750.0,89150700,0.026315789473684292,0.7479463622217482,9610.0,9363.75,0.02629822453611,Uptrend,8775.0,9750.0,1.0,0,0,Low,Distribusi
2024-06-28,9800.0,9975.0,9775.0,9925.0,166172300,0.017948717948717885,1.3661551883787406,9675.0,9402.5,0.028981653815474608,Uptrend,8775.0,9975.0,0.9583333333333334,1,0,Medium,Markup
2024-07-01,9850.0,9900.0,9825.0,9875.0,68634600,-0.005037783375314908,0.5983263067612923,9730.0,9446.25,0.030038375016540955,Uptrend,9025.0,9975.0,0.8947368421052632,0,0,Low,Markup
2024-07-02,10000.0,10000.0,9850.0,9900.0,78848500,0.0025316455696202667,0.9754635024346227,9790.0,9478.75,0.032836608202558355,Uptrend,9050.0,10000.0,0.8947368421052632,0,0,Low,Markup
2024-07-03,9975.0,10000.0,9925.0,10000.0,55860200,0.010101010101010166,0.6981219948195934,9890.0,9515.0,0.0394114555964267,Uptrend,9050.0,10000.0,1.0,0,0,Low,Markup
2024-07-04,9975.0,10000.0,9825.0,9825.0,67054000,-0.01749999999999996,0.8423869346733668,9905.0,9538.75,0.038396016249508585,Uptrend,9050.0,10000.0,0.8157894736842105,0,0,Low,Markup
2024-07-05,9925.0,9975.0,9875.0,9950.0,36946900,0.012722646310432628,0.47770204871857797,9910.0,9563.75,0.03620441772317344,Uptrend,9050.0,10000.0,0.9473684210526315,0,0,Low,Markup
2024-07-08,10000.0,10050.0,9950.0,10050.0,72903600,0.01005025125628145,0.925894092979434,9945.0,9592.5,0.03674745895230649,Uptrend,9050.0,10050.0,1.0,1,0,Low,Markup
2024-07-09,10100.0,10150.0,10075.0,10075.0,61853200,0.0024875621890547706,0.7804695609590585,9980.0,9630.0,0.036344755970924195,Uptrend,9050.0,10150.0,0.9318181818181818,1,0,Low,Markup
2024-07-10,10175.0,10225.0,10050.0,10100.0,62325900,0.002481389578163684,0.7782145524956353,10000.0,9658.75,0.03533065872913162,Uptrend,9050.0,10225.0,0.8936170212765957,0,0,Low,Markup
2024-07-11,10000.0,10125.0,10000.0,10075.0,55908400,-0.0024752475247524774,0.7036999743232153,10050.0,9697.5,0.03634957463263728,Uptrend,9050.0,10225.0,0.8723404255319149,0,0,Low,Markup
2024-07-12,10050.0,10100.0,10025.0,10075.0,62646500,0.0,0.7821793971550802,10075.0,9738.75,0.034527018354511614,Uptrend,9050.0,10225.0,0.8723404255319149,0,0,Low,Markup
2024-07-15,10050.0,10075.0,9950.0,10050.0,36682600,-0.002481389578163795,0.4721434514174626,10075.0,9781.25,0.030031948881789138,Uptrend,9050.0,10225.0,0.851063829787234,0,0,Low,Markup
2024-07-16,9975.0,10025.0,9950.0,9950.0,37192700,-0.00995024875621886,0.4836245359153897,10050.0,9818.75,0.023551877784850413,Uptrend,9050.0,10225.0,0.7659574468085106,0,0,Low,Markup
2024-07-17,9900.0,9950.0,9800.0,9800.0,90666000,-0.015075376884422065,1.1861869778476646,9990.0,9856.25,0.01357006975269499,Uptrend,9100.0,10225.0,0.6222222222222222,0,0,Low,Markup
2024-07-18,9800.0,10100.0,9800.0,10100.0,65383200,0.030612244897959107,0.8645112240142007,9995.0,9890.0,0.010616784630940344,Uptrend,9400.0,10225.0,0.8484848484848485,0,0,Low,Markup
2024-07-19,10050.0,10125.0,9975.0,10125.0,53880300,0.0024752475247524774,0.7699142946410448,10005.0,9916.25,0.008949955880499181,Sideways,9450.0,10225.0,0.8709677419354839,0,0,Low,Markup
2024-07-22,10125.0,10150.0,10100.0,10100.0,31285300,-0.0024691358024691024,0.46302732308614925,10015.0,9941.25,0.0074185841820696595,Sideways,9450.0,10225.0,0.8387096774193549,0,0,Low,Markup
2024-07-23,10200.0,10200.0,10125.0,10175.0,39321100,0.007425742574257432,0.6000339378979196,10060.0,9970.0,0.009027081243731194,Sideways,9450.0,10225.0,0.9354838709677419,0,0,Low,Markup
2024-07-24,10125.0,10175.0,10075.0,10075.0,24658000,-0.009828009828009798,0.3922142496981805,10115.0,9998.75,0.011626453306663334,Uptrend,9550.0,10225.0,0.7777777777777778,0,0,Low,Markup
2024-07-25,10225.0,10300.0,10200.0,10300.0,98088100,0.022332506203474045,1.5491939818278506,10155.0,10026.25,0.012841291609524998,Uptrend,9775.0,10300.0,1.0,1,0,High,Markup
2024-07-26,10375.0,10400.0,10300.0,10325.0,75565800,0.0024271844660195274,1.285455219247619,10195.0,10046.25,0.014806519845713574,Uptrend,9800.0,10400.0,0.875,1,0,Medium,Markup
2024-07-29,10400.0,10425.0,10175.0,10250.0,69092500,-0.007263922518159771,1.1748798720721314,10225.0,10065.0,0.015896671634376552,Uptrend,9800.0,10425.0,0.72,0,0,Low,Markup
2024-07-30,10300.0,10300.0,10175.0,10175.0,32122900,-0.007317073170731714,0.5688302103029721,10225.0,10078.75,0.014510728016867171,Uptrend,9800.0,10425.0,0.6,0,0,Low,Markup
2024-07-31,10350.0,10350.0,10225.0,10275.0,82519900,0.00982800982800991,1.4275602676557648,10265.0,10092.5,0.017091899925687392,Uptrend,9800.0,10425.0,0.76,0,0,Medium,Markup
2024-08-01,10200.0,10375.0,10200.0,10375.0,61176200,0.009732360097323589,1.0637312491159292,10280.0,10120.0,0.015810276679841896,Uptrend,9800.0,10425.0,0.92,0,0,Low,Markup
2024-08-02,10275.0,10350.0,10200.0,10200.0,55699900,-0.016867469879518038,0.9529722736753085,10255.0,10132.5,0.012089810017271158,Uptrend,9800.0,10425.0,0.64,0,0,Low,Markup
2024-08-05,10000.0,10150.0,9875.0,9875.0,126328300,-0.031862745098039214,2.066895135851141,10180.0,10123.75,0.005556241511297691,Sideways,9800.0,10425.0,0.12,0,0,High,Akumulasi
2024-08-06,10075.0,10075.0,9950.0,10000.0,78473900,0.012658227848101333,1.2667117292532188,10145.0,10120.0,0.0024703557312252965,Sideways,9800.0,10425.0,0.32,0,0,Medium,Akumulasi
2024-08-07,10000.0,10100.0,10000.0,10100.0,52327400,0.010000000000000009,0.8515311805594543,10110.0,10120.0,-0.0009881422924901185,Sideways,9800.0,10425.0,0.48,0,0,Low,Akumulasi
2024-08-08,10150.0,10225.0,10075.0,10225.0,54162100,0.012376237623762387,0.8826416492438885,10080.0,10127.5,-0.004690199950629474,Sideways,9800.0,10425.0,0.68,0,0,Low,Akumulasi
2024-08-09,10225.0,10250.0,10100.0,10150.0,47062400,-0.007334963325183352,0.77680684624746,10070.0,10131.25,-0.006045650832819247,Sideways,9800.0,10425.0,0.56,0,0,Low,Akumulasi
2024-08-12,10100.0,10200.0,10075.0,10200.0,40364100,0.0049261083743843415,0.6642272999804751,10135.0,10138.75,-0.0003698680803846628,Sideways,9800.0,10425.0,0.64,0,0,Low,Akumulasi
2024-08-13,10250.0,10300.0,10175.0,10300.0,55207100,0.009803921568627416,0.8952131310228075,10195.0,10156.25,0.0038153846153846155,Sideways,9800.0,10425.0,0.8,0,0,Low,Akumulasi
2024-08-14,10300.0,10300.0,10200.0,10200.0,47999100,-0.009708737864077666,0.8062213912014066,10215.0,10176.25,0.003807886009089792,Sideways,9800.0,10425.0,0.64,0,0,Low,Akumulasi
2024-08-15,10200.0,10300.0,10175.0,10225.0,33396600,0.002450980392156854,0.5764340472465136,10215.0,10182.5,0.0031917505524183647,Sideways,9875.0,10425.0,0.6363636363636364,0,0,Low,Akumulasi
2024-08-16,10300.0,10325.0,10250.0,10325.0,40731400,0.009779951100244544,0.711103988094786,10250.0,10192.5,0.00564140299239637,Sideways,9875.0,10425.0,0.8181818181818182,0,0,Low,Akumulasi
2024-08-19,10325.0,10425.0,10275.0,10375.0,51054400,0.004842615012106588,0.8762062458081307,10285.0,10206.25,0.00771586037966932,Sideways,9875.0,10425.0,0.9090909090909091,0,0,Low,Akumulasi
2024-08-20,10325.0,10450.0,10300.0,10425.0,60304400,0.004819277108433662,1.016650868705243,10310.0,10218.75,0.00892966360856269,Sideways,9875.0,10450.0,0.9565217391304348,0,0,Low,Akumulasi
2024-08-21,10500.0,10500.0,10425.0,10425.0,84848800,0.0,1.3613650681618736,10355.0,10236.25,0.01160092807424594,Uptrend,9875.0,10500.0,0.88,0,0,Medium,Akumulasi
2024-08-22,10350.0,10400.0,10225.0,10325.0,56611600,-0.00959232613908878,0.9395735674771013,10375.0,10237.5,0.013431013431013432,Uptrend,9875.0,10500.0,0.72,0,0,Low,Akumulasi
2024-08-23,10325.0,10375.0,10300.0,10325.0,46651600,0.0,0.7933037596207101,10375.0,10237.5,0.013431013431013432,Uptrend,9875.0,10500.0,0.72,0,0,Low,Akumulasi
2024-08-26,10275.0,10375.0,10250.0,10325.0,35145600,0.0,0.6154084832116473,10365.0,10241.25,0.012083485902599781,Uptrend,9875.0,10500.0,0.72,0,0,Low,Akumulasi
2024-08-27,10275.0,10300.0,10175.0,10200.0,60448400,-0.01210653753026636,1.0328529400608213,10320.0,10242.5,0.007566512082011228,Sideways,9875.0,10500.0,0.52,0,0,Low,Akumulasi
2024-08-28,10300.0,10350.0,10250.0,10350.0,38489900,0.014705882352941124,0.6833639418679303,10305.0,10246.25,0.005733805050628278,Sideways,9875.0,10500.0,0.76,0,0,Low,Akumulasi
2024-08-29,10500.0,10500.0,10225.0,10225.0,53004700,-0.012077294685990392,0.9479414370787679,10285.0,10238.75,0.004517152972774997,Sideways,9875.0,10500.0,0.56,0,0,Low,Akumulasi
2024-08-30,10325.0,10325.0,10200.0,10325.0,158403700,0.009779951100244544,2.594622263189943,10285.0,10245.0,0.003904343582235237,Sideways,9875.0,10500.0,0.72,0,0,High,Distribusi
2024-09-02,10375.0,10375.0,10200.0,10275.0,72008600,-0.004842615012106588,1.2344023180678287,10275.0,10265.0,0.000974184120798831,Sideways,9950.0,10500.0,0.5909090909090909,0,0,Medium,Distribusi
2024-09-03,10325.0,10325.0,10150.0,10175.0,50950200,-0.009732360097323589,0.8945127781833843,10270.0,10273.75,-0.0003650079085046843,Sideways,10000.0,10500.0,0.35,0,0,Low,Distribusi
2024-09-04,10150.0,10300.0,10125.0,10300.0,44817000,0.01228501228501222,0.7920564953289486,10260.0,10283.75,-0.0023094688221709007,Sideways,10075.0,10500.0,0.5294117647058824,0,0,Low,Distribusi
2024-09-05,10350.0,10350.0,10250.0,10250.0,39332900,-0.004854368932038833,0.7043652472505949,10265.0,10285.0,-0.0019445794846864365,Sideways,10075.0,10500.0,0.4117647058823529,0,0,Low,Distribusi
2024-09-06,10225.0,10300.0,10225.0,10300.0,31541800,0.004878048780487809,0.5728041256977247,10260.0,10292.5,-0.003157639057566189,Sideways,10075.0,10500.0,0.5294117647058824,0,0,Low,Distribusi
2024-09-09,10300.0,10350.0,10200.0,10275.0,36185100,-0.0024271844660194164,0.6596302052376699,10260.0,10296.25,-0.003520699283719801,Sideways,10125.0,10500.0,0.4,0,0,Low,Distribusi
2024-09-10,10350.0,10350.0,10275.0,10350.0,55093100,0.007299270072992803,1.0044147826441276,10295.0,10298.75,-0.00036412185944896227,Sideways,10125.0,10500.0,0.6,0,0,Low,Distribusi
2024-09-11,10425.0,10425.0,10350.0,10425.0,64621300,0.007246376811594235,1.160540860067036,10320.0,10310.0,0.0009699321047526673,Sideways,10125.0,10500.0,0.8,0,0,Low,Distribusi
2024-09-12,10450.0,10500.0,10375.0,10475.0,70759100,0.004796163069544335,1.2295200466792633,10365.0,10322.5,0.004117219665778639,Sideways,10125.0,10500.0,0.9333333333333333,0,0,Medium,Distribusi
2024-09-13,10400.0,10425.0,10325.0,10425.0,70057100,-0.004773269689737458,1.1870771995577845,10390.0,10327.5,0.0060518034374243525,Sideways,10125.0,10500.0,0.8,0,0,Low,Distribusi
2024-09-17,10450.0,10500.0,10350.0,10500.0,89745000,0.007194244604316502,1.4724123863769574,10435.0,10333.75,0.00979799201645095,Sideways,10125.0,10500.0,1.0,0,0,Medium,Distribusi
2024-09-18,10500.0,10625.0,10450.0,10625.0,65420200,0.011904761904761862,1.0688390184192815,10490.0,10343.75,0.014138972809667675,Uptrend,10125.0,10625.0,1.0,1,0,Low,Distribusi
2024-09-19,10700.0,10900.0,10650.0,10900.0,140886600,0.025882352941176467,2.201054778903016,10585.0,10367.5,0.02097902097902098,Uptrend,10125.0,10900.0,1.0,1,0,High,Markup
2024-09-20,10900.0,10900.0,10775.0,10775.0,142194600,-0.011467889908256867,2.0822833352797514,10645.0,10390.0,0.024542829643888354,Uptrend,10125.0,10900.0,0.8387096774193549,0,0,High,Markup
2024-09-23,10725.0,10950.0,10725.0,10950.0,72553800,0.016241299303944245,1.0426953102797403,10750.0,10421.25,0.031546119707328776,Uptrend,10125.0,10950.0,1.0,1,0,Low,Markup
2024-09-24,10775.0,10950.0,10775.0,10800.0,105191100,-0.013698630136986356,1.4392939419617183,10810.0,10445.0,0.034944949736716135,Uptrend,10125.0,10950.0,0.8181818181818182,0,0,Medium,Markup
2024-09-25,10675.0,10850.0,10525.0,10850.0,158369100,0.004629629629629539,2.030861394941822,10855.0,10477.5,0.03602958721068957,Uptrend,10125.0,10950.0,0.8787878787878788,0,0,High,Markup
2024-09-26,10875.0,10875.0,10675.0,10700.0,84960100,-0.01382488479262678,1.05797097569129,10815.0,10495.0,0.03049070986183897,Uptrend,10125.0,10950.0,0.696969696969697,0,0,Low,Markup
2024-09-27,10500.0,10750.0,10400.0,10650.0,93027400,-0.004672897196261627,1.1302641888691076,10790.0,10516.25,0.026031142279805065,Uptrend,10125.0,10950.0,0.6363636363636364,0,0,Low,Markup
2024-09-30,10475.0,10550.0,10325.0,10325.0,144692100,-0.030516431924882625,1.7727462686676883,10665.0,10516.25,0.014144775941994533,Uptrend,10125.0,10950.0,0.24242424242424243,0,0,High,Markup
2024-10-01,10400.0,10550.0,10375.0,10550.0,59797700,0.021791767554479424,0.7381542212843106,10615.0,10530.0,0.008072174738841406,Sideways,10125.0,10950.0,0.5151515151515151,0,0,Low,Markup
2024-10-02,10325.0,10550.0,10325.0,10500.0,86746200,-0.004739336492891044,1.0476649243265952,10545.0,10546.25,-0.00011852554225435582,Sideways,10125.0,10950.0,0.45454545454545453,0,0,Low,Markup
2024-10-03,10450.0,10525.0,10400.0,10450.0,60887000,-0.004761904761904745,0.7282866961875142,10495.0,10553.75,-0.005566741679497809,Sideways,10200.0,10950.0,0.3333333333333333,0,0,Low,Markup
2024-10-04,10400.0,10475.0,10350.0,10475.0,58500400,0.0023923444976077235,0.6918094110034076,10460.0,10565.0,-0.009938476100331283,Sideways,10200.0,10950.0,0.36666666666666664,0,0,Low,Markup
2024-10-07,10350.0,10375.0,10250.0,10300.0,91867900,-0.01670644391408116,1.0489868173700978,10455.0,10565.0,-0.010411736867013724,Downtrend,10200.0,10950.0,0.13333333333333333,0,0,Low,Markup
2024-10-08,10200.0,10500.0,10150.0,10400.0,99622900,0.009708737864077666,1.097777418057935,10425.0,10571.25,-0.013834693153600568,Downtrend,10150.0,10950.0,0.3125,0,0,Low,Markup
2024-10-09,10400.0,10525.0,10400.0,10425.0,56835200,0.0024038461538462563,0.6256851577896785,10410.0,10575.0,-0.015602836879432624,Downtrend,10150.0,10950.0,0.34375,0,0,Low,Markup
2024-10-10,10425.0,10500.0,10400.0,10500.0,51080000,0.007194244604316502,0.5665504007196122,10420.0,10578.75,-0.01500649887746662,Downtrend,10150.0,10950.0,0.4375,0,0,Low,Markup
2024-10-11,10575.0,10575.0,10375.0,10375.0,44632100,-0.011904761904761862,0.5023120969305312,10400.0,10573.75,-0.016432202387989123,Downtrend,10150.0,10950.0,0.28125,0,0,Low,Markup
2024-10-14,10375.0,10500.0,10375.0,10500.0,31738600,0.012048192771084265,0.3650741798121407,10440.0,10577.5,-0.012999290947766485,Downtrend,10150.0,10950.0,0.4375,0,0,Low,Markup
2024-10-15,10550.0,10625.0,10450.0,10625.0,66635200,0.011904761904761862,0.7767978120328634,10485.0,10583.75,-0.00933034132514468,Sideways,10150.0,10950.0,0.59375,0,0,Low,Markup
2024-10-16,10700.0,10725.0,10475.0,10475.0,63255900,-0.014117647058823568,0.7383351447605943,10495.0,10576.25,-0.007682307055903557,Sideways,10150.0,10950.0,0.40625,0,0,Low,Markup
2024-10-17,10550.0,10800.0,10500.0,10725.0,66993300,0.023866348448687402,0.8172004474802885,10540.0,10567.5,-0.0026023184291459663,Sideways,10150.0,10950.0,0.71875,0,0,Low,Markup
2024-10-18,10875.0,10875.0,10725.0,10750.0,56299600,0.002331002331002363,0.7247232001120433,10615.0,10566.25,0.004613746598840648,Sideways,10150.0,10950.0,0.75,0,0,Low,Markup
2024-10-21,10850.0,10850.0,10675.0,10675.0,36472500,-0.006976744186046546,0.4806588911220138,10650.0,10552.5,0.00923951670220327,Sideways,10150.0,10950.0,0.65625,0,0,Low,Markup
2024-10-22,10475.0,10600.0,10475.0,10500.0,94799500,-0.016393442622950838,1.2579445489014258,10625.0,10537.5,0.00830367734282325,Sideways,10150.0,10875.0,0.4827586206896552,0,0,Medium,Markup
2024-10-23,10475.0,10650.0,10475.0,10650.0,48903000,0.014285714285714235,0.6997405681401765,10660.0,10527.5,0.012586084065542626,Uptrend,10150.0,10875.0,0.6896551724137931,0,0,Low,Markup
2024-10-24,10725.0,10850.0,10700.0,10700.0,85341200,0.0046948356807512415,1.2207926357513694,10655.0,10527.5,0.012111137497031584,Uptrend,10150.0,10875.0,0.7586206896551724,0,0,Medium,Markup
2024-10-25,10650.0,10750.0,10625.0,10750.0,34847500,0.004672897196261738,0.5201322021648903,10655.0,10532.5,0.011630666983147402,Uptrend,10150.0,10875.0,0.8275862068965517,0,0,Low,Markup
2024-10-28,10825.0,10825.0,10600.0,10600.0,39061500,-0.013953488372092981,0.6329248267787243,10640.0,10546.25,0.008889415669076686,Sideways,10150.0,10875.0,0.6206896551724138,0,0,Low,Markup
2024-10-29,10525.0,10575.0,10500.0,10500.0,49680100,-0.009433962264150941,0.811633985176927,10640.0,10543.75,0.009128630705394191,Sideways,10150.0,10875.0,0.4827586206896552,0,0,Low,Markup
2024-10-30,10275.0,10400.0,10275.0,10350.0,114484100,-0.014285714285714235,1.8289107882781688,10580.0,10536.25,0.0041523312373947085,Sideways,10150.0,10875.0,0.27586206896551724,0,0,High,Akumulasi
2024-10-31,10325.0,10475.0,10250.0,10250.0,97553400,-0.009661835748792313,1.514094439726591,10490.0,10526.25,-0.0034437715235720225,Sideways,10150.0,10875.0,0.13793103448275862,0,0,High,Akumulasi
2024-11-01,10275.0,10425.0,10275.0,10425.0,47710000,0.017073170731707332,0.7467443410169011,10425.0,10523.75,-0.009383537237201568,Sideways,10150.0,10875.0,0.3793103448275862,0,0,Low,Akumulasi
2024-11-04,10425.0,10500.0,10300.0,10375.0,49275700,-0.004796163069544335,0.797844078627854,10380.0,10527.5,-0.014010923771075753,Downtrend,10150.0,10875.0,0.3103448275862069,0,0,Low,Akumulasi
2024-11-05,10300.0,10575.0,10300.0,10500.0,50296500,0.012048192771084265,0.8482454895454901,10380.0,10532.5,-0.014478993591265131,Downtrend,10250.0,10875.0,0.4,0,0,Low,Akumulasi
2024-11-06,10475.0,10500.0,10375.0,10450.0,50324900,-0.004761904761904745,0.8534094815211255,10400.0,10533.75,-0.012697282544203157,Downtrend,10250.0,10875.0,0.32,0,0,Low,Akumulasi
2024-11-07,10325.0,10450.0,10175.0,10175.0,131579100,-0.02631578947368418,2.088749937791877,10385.0,10517.5,-0.012598050867601617,Downtrend,10175.0,10875.0,0.0,0,1,High,Markdown
2024-11-08,10200.0,10225.0,10050.0,10075.0,92166100,-0.009828009828009798,1.4098952461787844,10315.0,10502.5,-0.017852892168531302,Downtrend,10050.0,10875.0,0.030303030303030304,0,1,Medium,Markdown
2024-11-11,9800.0,10050.0,9800.0,10050.0,128707600,-0.002481389578163795,1.832936754527795,10250.0,10480.0,-0.02194656488549618,Downtrend,9800.0,10875.0,0.23255813953488372,0,0,High,Markdown
2024-11-12,10100.0,10225.0,10000.0,10150.0,80378500,0.00995024875621886,1.1335843681467848,10180.0,10456.25,-0.026419605499103407,Downtrend,9800.0,10875.0,0.32558139534883723,0,0,Low,Markdown
2024-11-13,10225.0,10250.0,10150.0,10150.0,62933100,0.0,0.8877525801815649,10120.0,10440.0,-0.03065134099616858,Downtrend,9800.0,10875.0,0.32558139534883723,0,0,Low,Markdown
2024-11-14,10125.0,10175.0,10050.0,10100.0,56381400,-0.0049261083743842304,0.8013301351987177,10105.0,10408.75,-0.029182178455626276,Downtrend,9800.0,10875.0,0.27906976744186046,0,0,Low,Markdown
2024-11-15,10050.0,10275.0,10050.0,10175.0,63598200,0.007425742574257432,0.8992361154756482,10125.0,10380.0,-0.024566473988439308,Downtrend,9800.0,10850.0,0.35714285714285715,0,0,Low,Markdown
2024-11-18,10075.0,10125.0,10000.0,10000.0,65716200,-0.017199017199017175,0.9103621045818853,10115.0,10346.25,-0.02235109339132536,Downtrend,9800.0,10850.0,0.19047619047619047,0,0,Low,Markdown
2024-11-19,9900.0,10025.0,9900.0,9925.0,85295300,-0.007499999999999951,1.18942007625816,10070.0,10317.5,-0.023988369275502786,Downtrend,9800.0,10850.0,0.11904761904761904,0,0,Low,Markdown
2024-11-20,10025.0,10150.0,10000.0,10075.0,58584400,0.015113350125944613,0.8114661612998219,10055.0,10288.75,-0.02271898918721905,Downtrend,9800.0,10850.0,0.2619047619047619,0,0,Low,Markdown
2024-11-21,10000.0,10000.0,9850.0,9850.0,93181200,-0.022332506203473934,1.2837043831368768,10005.0,10246.25,-0.02354519946321825,Downtrend,9800.0,10825.0,0.04878048780487805,0,0,Medium,Markdown
2024-11-22,9925.0,9950.0,9850.0,9850.0,58396100,0.0,0.7916486873140807,9940.0,10201.25,-0.025609606665849775,Downtrend,9800.0,10825.0,0.04878048780487805,0,0,Low,Markdown
2024-11-25,9950.0,10200.0,9900.0,10175.0,165369400,0.03299492385786795,2.065037877792196,9975.0,10180.0,-0.02013752455795678,Downtrend,9800.0,10575.0,0.4838709677419355,0,0,High,Markdown
2024-11-26,10250.0,10250.0,10000.0,10000.0,62310100,-0.017199017199017175,0.7720047802023154,9990.0,10155.0,-0.01624815361890694,Downtrend,9800.0,10575.0,0.25806451612903225,0,0,Low,Markdown
2024-11-28,9975.0,10075.0,9925.0,10000.0,57443500,0.0,0.7377790158969233,9975.0,10137.5,-0.016029593094944512,Downtrend,9800.0,10575.0,0.25806451612903225,0,0,Low,Markdown
2024-11-29,10000.0,10100.0,9950.0,10000.0,76886000,0.0,1.0007723229948873,10005.0,10125.0,-0.011851851851851851,Downtrend,9800.0,10575.0,0.25806451612903225,0,0,Low,Markdown
2024-12-02,10000.0,10050.0,9750.0,9750.0,87879600,-0.025000000000000022,1.1147261795484742,9985.0,10091.25,-0.010528923572401833,Downtrend,9750.0,10575.0,0.0,0,1,Low,Markdown
2024-12-03,10025.0,10225.0,9900.0,10200.0,126087100,0.04615384615384621,1.5250802487768023,9990.0,10082.5,-0.009174311926605505,Sideways,9750.0,10575.0,0.5454545454545454,0,0,High,Markdown
2024-12-04,10175.0,10250.0,10050.0,10200.0,97876300,0.0,1.1507452762313384,10030.0,10067.5,-0.003724857213806804,Sideways,9750.0,10500.0,0.6,0,0,Low,Markdown
2024-12-05,10250.0,10350.0,10225.0,10250.0,96904400,0.004901960784313708,1.1089530676666397,10080.0,10057.5,0.0022371364653243847,Sideways,9750.0,10450.0,0.7142857142857143,0,0,Low,Markdown
2024-12-06,10100.0,10175.0,10050.0,10075.0,68247200,-0.017073170731707332,0.810372384653304,10095.0,10052.5,0.004227804028848545,Sideways,9750.0,10350.0,0.5416666666666666,0,0,Low,Markdown
2024-12-09,10025.0,10350.0,10000.0,10350.0,64458400,0.027295285359801413,0.7781851634096608,10215.0,10066.25,0.014777101701229355,Uptrend,9750.0,10350.0,1.0,0,0,Low,Markdown
2024-12-10,10325.0,10350.0,10275.0,10350.0,61230400,0.0,0.7706023722769207,10245.0,10081.25,0.01624302541847489,Uptrend,9750.0,10350.0,1.0,0,0,Low,Markdown
2024-12-11,10225.0,10425.0,10225.0,10425.0,37934300,0.007246376811594235,0.4905151739243606,10290.0,10095.0,0.019316493313521546,Uptrend,9750.0,10425.0,1.0,1,0,Low,Markdown
2024-12-12,10300.0,10375.0,10175.0,10175.0,44780100,-0.023980815347721784,0.5859123844434984,10275.0,10096.25,0.01770459328958772,Uptrend,9750.0,10425.0,0.6296296296296297,0,0,Low,Markdown
2024-12-13,10125.0,10225.0,10025.0,10050.0,75126400,-0.012285012285012331,0.9710615479330961,10270.0,10093.75,0.017461300309597524,Uptrend,9750.0,10425.0,0.4444444444444444,0,0,Low,Markdown
2024-12-16,10000.0,10125.0,10000.0,10100.0,57746100,0.004975124378109541,0.7492426785775105,10220.0,10090.0,0.01288404360753221,Uptrend,9750.0,10425.0,0.5185185185185185,0,0,Low,Markdown
2024-12-17,9950.0,10050.0,9900.0,9900.0,99845900,-0.01980198019801982,1.2674159431351788,10130.0,10085.0,0.004462072384729797,Sideways,9750.0,10425.0,0.2222222222222222,0,0,Medium,Akumulasi
2024-12-18,9900.0,10025.0,9800.0,9800.0,84868500,-0.010101010101010055,1.0775889159888605,10005.0,10078.75,-0.007317375666625325,Sideways,9750.0,10425.0,0.07407407407407407,0,0,Low,Akumulasi
2024-12-19,9700.0,9775.0,9550.0,9675.0,104254100,-0.012755102040816313,1.2864324472763902,9905.0,10058.75,-0.015285199453212377,Downtrend,9550.0,10425.0,0.14285714285714285,0,1,Medium,Markdown
2024-12-20,9650.0,9750.0,9625.0,9650.0,91576900,-0.0025839793281653423,1.1311230685771823,9825.0,10048.75,-0.022266451051125763,Downtrend,9550.0,10425.0,0.11428571428571428,0,0,Low,Markdown
2024-12-23,9700.0,9850.0,9700.0,9775.0,43292100,0.012953367875647714,0.5397624412386929,9760.0,10045.0,-0.028372324539571926,Downtrend,9550.0,10425.0,0.2571428571428571,0,0,Low,Markdown
2024-12-24,9850.0,9900.0,9750.0,9750.0,32415700,-0.002557544757033292,0.44068125417229403,9730.0,10023.75,-0.029305399675770047,Downtrend,9550.0,10425.0,0.22857142857142856,0,0,Low,Markdown
2024-12-27,9800.0,9825.0,9725.0,9800.0,24016700,0.00512820512820511,0.33522517783717526,9730.0,10013.75,-0.028336037947821746,Downtrend,9550.0,10425.0,0.2857142857142857,0,0,Low,Markdown
2024-12-30,9800.0,9825.0,9675.0,9675.0,56350100,-0.012755102040816313,0.7871355322755378,9730.0,9997.5,-0.026756689172293072,Downtrend,9550.0,10425.0,0.14285714285714285,0,0,Low,Markdown
2025-01-02,9650.0,9900.0,9650.0,9900.0,38124800,0.023255813953488413,0.5473709509681554,9780.0,9992.5,-0.021265949462096572,Downtrend,9550.0,10425.0,0.4,0,0,Low,Markdown
2025-01-03,9850.0,9925.0,9825.0,9850.0,41916000,-0.005050505050505083,0.6223370079020736,9795.0,9997.5,-0.020255063765941484,Downtrend,9550.0,10425.0,0.34285714285714286,0,0,Low,Markdown
2025-01-06,9850.0,9875.0,9650.0,9675.0,41593900,-0.017766497461928932,0.6588828412913685,9780.0,9971.25,-0.01918014291086875,Downtrend,9550.0,10425.0,0.14285714285714285,0,0,Low,Markdown
2025-01-07,9675.0,9725.0,9525.0,9525.0,71318600,-0.015503875968992276,1.154022093516783,9725.0,9937.5,-0.021383647798742137,Downtrend,9525.0,10425.0,0.0,0,1,Low,Markdown
2025-01-08,9675.0,9775.0,9575.0,9675.0,55943100,0.015748031496062964,0.9362554018097983,9725.0,9908.75,-0.018544215970732938,Downtrend,9525.0,10425.0,0.16666666666666666,0,0,Low,Markdown
2025-01-09,9750.0,9875.0,9725.0,9850.0,42733800,0.01808785529715773,0.7307884331591118,9715.0,9897.5,-0.018438999747410964,Downtrend,9525.0,10425.0,0.3611111111111111,0,0,Low,Markdown
2025-01-10,9800.0,9925.0,9725.0,9725.0,72531300,-0.012690355329949221,1.2318507797392457,9690.0,9866.25,-0.017863930064614217,Downtrend,9525.0,10425.0,0.2222222222222222,0,0,Medium,Markdown
2025-01-13,9625.0,9725.0,9625.0,9675.0,88270100,-0.005141388174807249,1.4655035514803818,9690.0,9832.5,-0.014492753623188406,Downtrend,9525.0,10425.0,0.16666666666666666,0,0,Medium,Markdown
2025-01-14,9600.0,9725.0,9525.0,9525.0,70942600,-0.015503875968992276,1.1464110762456623,9690.0,9787.5,-0.00996168582375479,Sideways,9525.0,10375.0,0.0,0,0,Low,Markdown
2025-01-15,9575.0,9800.0,9550.0,9800.0,77098000,0.028871391076115582,1.2141754806255638,9715.0,9768.75,-0.0055022392834293025,Sideways,9525.0,10225.0,0.39285714285714285,0,0,Medium,Markdown
2025-01-16,9850.0,9925.0,9750.0,9750.0,76979000,-0.005102040816326481,1.2105355069474208,9695.0,9753.75,-0.006023324362424708,Sideways,9525.0,10125.0,0.375,0,0,Medium,Markdown
2025-01-17,9750.0,9900.0,9650.0,9900.0,71033100,0.01538461538461533,1.1054838117030656,9730.0,9743.75,-0.0014111610006414367,Sideways,9525.0,10050.0,0.7142857142857143,0,0,Low,Markdown
2025-01-20,9850.0,9875.0,9625.0,9625.0,112111200,-0.02777777777777779,1.7282846769340054,9720.0,9730.0,-0.0010277492291880781,Sideways,9525.0,10025.0,0.2,0,0,High,Akumulasi
2025-01-21,9600.0,9675.0,9550.0,9575.0,124547900,-0.0051948051948051965,1.8630267103150295,9730.0,9718.75,0.0011575562700964631,Sideways,9525.0,9925.0,0.125,0,0,High,Akumulasi
2025-01-22,9650.0,9675.0,9575.0,9600.0,90154800,0.0026109660574411553,1.3629361721008744,9690.0,9715.0,-0.0025733401955738548,Sideways,9525.0,9925.0,0.1875,0,0,Medium,Akumulasi
2025-01-23,9600.0,9750.0,9600.0,9600.0,120515400,0.0,1.7829196230871753,9660.0,9712.5,-0.005405405405405406,Sideways,9525.0,9925.0,0.1875,0,0,High,Akumulasi
2025-01-24,9625.0,9650.0,9350.0,9350.0,152057000,-0.02604166666666663,2.082041245796144,9550.0,9691.25,-0.014575003224558236,Downtrend,9350.0,9925.0,0.0,0,1,High,Markdown
2025-01-30,9150.0,9275.0,9150.0,9150.0,154645800,-0.021390374331550777,1.9539761367105293,9455.0,9661.25,-0.021348169232759735,Downtrend,9150.0,9925.0,0.0,0,1,High,Markdown
2025-01-31,9250.0,9500.0,9225.0,9450.0,112982800,0.032786885245901676,1.3515907205272628,9430.0,9643.75,-0.022164614387556708,Downtrend,9150.0,9925.0,0.3870967741935484,0,0,Medium,Markdown
2025-02-03,9400.0,9400.0,9225.0,9350.0,90439900,-0.010582010582010581,1.0602945908209735,9380.0,9627.5,-0.025707608413399117,Downtrend,9150.0,9925.0,0.25806451612903225,0,0,Low,Markdown
2025-02-04,9350.0,9400.0,9175.0,9175.0,94607700,-0.018716577540106916,1.0736100661476082,9295.0,9591.25,-0.03088752769451323,Downtrend,9150.0,9925.0,0.03225806451612903,0,0,Low,Markdown
2025-02-05,9100.0,9175.0,9100.0,9125.0,98229900,-0.00544959128065392,1.0801997145379931,9250.0,9555.0,-0.03192046049188906,Downtrend,9100.0,9925.0,0.030303030303030304,0,1,Low,Markdown
2025-02-06,9075.0,9100.0,8850.0,8950.0,171477800,-0.019178082191780854,1.7599923802478041,9210.0,9518.75,-0.03243598161523309,Downtrend,8850.0,9925.0,0.09302325581395349,0,1,High,Markdown
2025-02-07,8950.0,9350.0,8825.0,9350.0,131162200,0.04469273743016755,1.306094997797819,9190.0,9510.0,-0.033648790746582544,Downtrend,8825.0,9925.0,0.4772727272727273,0,0,Medium,Markdown
2025-02-10,9025.0,9250.0,9025.0,9150.0,76209100,-0.021390374331550777,0.7512988178709294,9150.0,9483.75,-0.03519177540529854,Downtrend,8825.0,9925.0,0.29545454545454547,0,0,Low,Markdown
2025-02-11,9025.0,9100.0,9000.0,9075.0,71188300,-0.008196721311475419,0.6920946639724334,9130.0,9445.0,-0.03335097935415564,Downtrend,8825.0,9925.0,0.22727272727272727,0,0,Low,Markdown
2025-02-12,8950.0,9150.0,8950.0,9150.0,121172600,0.008264462809917328,1.1508324622575512,9135.0,9416.25,-0.02986857825567503,Downtrend,8825.0,9925.0,0.29545454545454547,0,0,Low,Markdown
2025-02-13,9100.0,9150.0,9000.0,9000.0,90439700,-0.016393442622950838,0.858063786495109,9145.0,9382.5,-0.0253130828670397,Downtrend,8825.0,9925.0,0.1590909090909091,0,0,Low,Markdown
2025-02-14,9000.0,9075.0,8950.0,8975.0,116274500,-0.002777777777777768,1.0799522431965387,9070.0,9355.0,-0.030464991982896848,Downtrend,8825.0,9925.0,0.13636363636363635,0,0,Low,Markdown
2025-02-17,8975.0,9325.0,8975.0,9325.0,89096400,0.03899721448467974,0.8229378581534939,9105.0,9331.25,-0.024246483590087072,Downtrend,8825.0,9925.0,0.45454545454545453,0,0,Low,Markdown
2025-02-18,9325.0,9575.0,9250.0,9300.0,107318300,-0.002680965147453085,0.9775473883895918,9150.0,9308.75,-0.017053847186786625,Downtrend,8825.0,9900.0,0.4418604651162791,0,0,Low,Markdown
2025-02-19,9225.0,9250.0,8950.0,8950.0,154438200,-0.037634408602150504,1.3552741590372737,9110.0,9261.25,-0.016331488729923068,Downtrend,8825.0,9875.0,0.11904761904761904,0,0,Medium,Markdown
2025-02-20,8975.0,9025.0,8950.0,9000.0,119260800,0.005586592178770999,1.0433015803253503,9110.0,9230.0,-0.013001083423618635,Downtrend,8825.0,9750.0,0.1891891891891892,0,0,Low,Markdown
2025-02-21,8950.0,9000.0,8925.0,9000.0,106054700,0.0,0.9353396722240549,9115.0,9201.25,-0.009373726395870126,Sideways,8825.0,9750.0,0.1891891891891892,0,0,Low,Markdown
2025-02-24,8925.0,8975.0,8875.0,8925.0,108530300,-0.008333333333333304,0.9494793188088683,9035.0,9167.5,-0.014453231524406873,Downtrend,8825.0,9750.0,0.10810810810810811,0,0,Low,Markdown
2025-02-25,8900.0,9000.0,8825.0,8825.0,101592700,-0.011204481792717047,0.8962037266846234,8940.0,9128.75,-0.02067643434205121,Downtrend,8825.0,9650.0,0.0,0,0,Low,Markdown
2025-02-26,8800.0,8900.0,8725.0,8775.0,117843500,-0.005665722379603388,1.05548890775369,8905.0,9100.0,-0.02142857142857143,Downtrend,8725.0,9575.0,0.058823529411764705,0,1,Low,Markdown
2025-02-27,8800.0,8800.0,8500.0,8525.0,199991600,-0.028490028490028463,1.7556128201988228,8810.0,9068.75,-0.028532046864231563,Downtrend,8500.0,9575.0,0.023255813953488372,0,1,High,Markdown
2025-02-28,8525.0,8675.0,8425.0,8425.0,293095000,-0.011730205278592365,2.3844145304193356,8695.0,9017.5,-0.03576379262545051,Downtrend,8425.0,9575.0,0.0,0,1,High,Markdown
2025-03-03,8600.0,8900.0,8550.0,8800.0,192944300,0.04451038575667665,1.506831352826999,8670.0,8990.0,-0.035595105672969966,Downtrend,8425.0,9575.0,0.32608695652173914,0,0,High,Markdown
2025-03-04,8900.0,8925.0,8675.0,8850.0,125418500,0.005681818181818121,0.967833018949752,8675.0,8973.75,-0.033291544783396014,Downtrend,8425.0,9575.0,0.3695652173913043,0,0,Low,Markdown
2025-03-05,8825.0,9175.0,8825.0,9000.0,155207900,0.016949152542372836,1.1719480424555835,8720.0,8967.5,-0.0275996654586005,Downtrend,8425.0,9575.0,0.5,0,0,Low,Markdown
2025-03-06,9200.0,9200.0,8975.0,8975.0,96270100,-0.002777777777777768,0.748162226923888,8810.0,8968.75,-0.01770034843205575,Downtrend,8425.0,9575.0,0.4782608695652174,0,0,Low,Markdown
2025-03-07,9000.0,9000.0,8925.0,8925.0,82295300,-0.005571030640668551,0.6519364450038021,8910.0,8947.5,-0.004191114836546521,Sideways,8425.0,9575.0,0.43478260869565216,0,0,Low,Markdown
2025-03-10,8750.0,8975.0,8725.0,8925.0,97652100,0.0,0.7670765718408122,8935.0,8936.25,-0.00013987970345502866,Sideways,8425.0,9575.0,0.43478260869565216,0,0,Low,Markdown
2025-03-11,8950.0,9050.0,8875.0,8925.0,109295600,0.0,0.8458782920975573,8950.0,8928.75,0.002379952400951981,Sideways,8425.0,9575.0,0.43478260869565216,0,0,Low,Markdown
2025-03-12,9025.0,9125.0,8975.0,9125.0,87968900,0.022408963585434094,0.6896848296134941,8975.0,8927.5,0.005320638476617194,Sideways,8425.0,9575.0,0.6086956521739131,0,0,Low,Markdown
2025-03-13,9150.0,9175.0,8975.0,8975.0,83030700,-0.016438356164383605,0.6528650137676064,8975.0,8926.25,0.00546141996919199,Sideways,8425.0,9575.0,0.4782608695652174,0,0,Low,Markdown
2025-03-14,8800.0,8925.0,8750.0,8750.0,111397800,-0.02506963788300831,0.8775962620593581,8940.0,8915.0,0.0028042624789680315,Sideways,8425.0,9575.0,0.2826086956521739,0,0,Low,Markdown
2025-03-17,8750.0,8775.0,8550.0,8600.0,151365700,-0.017142857142857126,1.1639164127872195,8875.0,8878.75,-0.00042235675066873153,Sideways,8425.0,9575.0,0.15217391304347827,0,0,Low,Markdown
2025-03-18,8500.0,8550.0,8075.0,8300.0,417305700,-0.03488372093023251,2.867135144516272,8750.0,8828.75,-0.008919722497522299,Sideways,8075.0,9250.0,0.19148936170212766,0,1,High,Akumulasi
2025-03-19,8300.0,8400.0,8225.0,8325.0,214108200,0.003012048192771122,1.4415005789682147,8590.0,8797.5,-0.023586246092639953,Downtrend,8075.0,9200.0,0.2222222222222222,0,0,Medium,Akumulasi
2025-03-20,8450.0,8475.0,8350.0,8375.0,152917300,0.006006006006006093,1.0179943260393427,8470.0,8766.25,-0.033794381862255814,Downtrend,8075.0,9200.0,0.26666666666666666,0,0,Low,Akumulasi
2025-03-21,8275.0,8275.0,7900.0,7900.0,377916400,-0.05671641791044779,2.3070779839101268,8300.0,8711.25,-0.047209068732960255,Downtrend,7900.0,9200.0,0.0,0,1,High,Markdown
2025-03-24,7825.0,8100.0,7625.0,7950.0,331836800,0.006329113924050667,1.896506086477888,8170.0,8662.5,-0.05685425685425685,Downtrend,7625.0,9200.0,0.20634920634920634,0,0,High,Markdown
2025-03-25,8075.0,8150.0,8000.0,8050.0,136341700,0.012578616352201255,0.7715555452939307,8120.0,8623.75,-0.05841426293665749,Downtrend,7625.0,9200.0,0.2698412698412698,0,0,Low,Markdown
2025-03-26,8300.0,8650.0,8275.0,8525.0,283104600,0.05900621118012417,1.530516770509632,8160.0,8611.25,-0.05240238060676441,Downtrend,7625.0,9200.0,0.5714285714285714,0,0,High,Markdown
2025-03-27,8425.0,8575.0,8375.0,8500.0,122943900,-0.0029325513196480912,0.67879494254733,8185.0,8610.0,-0.04936120789779326,Downtrend,7625.0,9200.0,0.5555555555555556,0,0,Low,Markdown
2025-04-08,7400.0,8000.0,7275.0,7775.0,533073600,-0.08529411764705885,2.760326617025793,8160.0,8577.5,-0.048673856018653455,Downtrend,7275.0,9200.0,0.2597402597402597,0,0,High,Markdown
2025-04-09,7700.0,7950.0,7675.0,7925.0,136753900,0.019292604501607746,0.7185840530331961,8155.0,8533.75,-0.044382598505932326,Downtrend,7275.0,9200.0,0.33766233766233766,0,0,Low,Markdown
2025-04-10,8500.0,8650.0,8175.0,8225.0,144148600,0.03785488958990535,0.7537310178463695,8190.0,8502.5,-0.03675389591296677,Downtrend,7275.0,9200.0,0.4935064935064935,0,0,Low,Markdown
2025-04-11,8200.0,8325.0,8050.0,8275.0,82603000,0.006079027355623046,0.4402757870516662,8140.0,8466.25,-0.03853536099217481,Downtrend,7275.0,9200.0,0.5194805194805194,0,0,Low,Markdown
2025-04-14,8250.0,8400.0,8250.0,8400.0,83319300,0.015105740181268867,0.44563173602804806,8120.0,8437.5,-0.03762962962962963,Downtrend,7275.0,9175.0,0.5921052631578947,0,0,Low,Markdown
2025-04-15,8575.0,8600.0,8450.0,8575.0,83431800,0.02083333333333326,0.4460978588085557,8280.0,8420.0,-0.0166270783847981,Downtrend,7275.0,9175.0,0.6842105263157895,0,0,Low,Markdown
2025-04-16,8500.0,8550.0,8425.0,8475.0,76874900,-0.011661807580174877,0.41333498076101266,8390.0,8397.5,-0.0008931229532598987,Sideways,7275.0,9175.0,0.631578947368421,0,0,Low,Markdown
2025-04-17,8450.0,8500.0,8350.0,8500.0,83540600,0.002949852507374562,0.4523063097684738,8445.0,8376.25,0.008207730189523952,Sideways,7275.0,9175.0,0.6447368421052632,0,0,Low,Markdown
2025-04-21,8500.0,8500.0,8300.0,8300.0,40683800,-0.02352941176470591,0.22312676647804947,8450.0,8335.0,0.013797240551889621,Uptrend,7275.0,9175.0,0.5394736842105263,0,0,Low,Markdown
2025-04-22,8325.0,8500.0,8325.0,8500.0,56537100,0.024096385542168752,0.3123420065169243,8470.0,8311.25,0.019100616634080313,Uptrend,7275.0,8925.0,0.7424242424242424,0,0,Low,Markdown
2025-04-23,8550.0,8725.0,8550.0,8725.0,92329600,0.026470588235294024,0.5127803403175636,8500.0,8310.0,0.02286401925391095,Uptrend,7275.0,8775.0,0.9666666666666667,0,0,Low,Markdown
2025-04-24,8850.0,8850.0,8475.0,8475.0,143675300,-0.028653295128939882,0.7996518996068982,8500.0,8303.75,0.023633900346229114,Uptrend,7275.0,8850.0,0.7619047619047619,0,0,Low,Markdown
2025-04-25,8650.0,8650.0,8575.0,8600.0,58297000,0.014749262536873253,0.36047691014208527,8520.0,8318.75,0.024192336589030805,Uptrend,7275.0,8850.0,0.8412698412698413,0,0,Low,Markdown
2025-04-28,8750.0,8775.0,8650.0,8775.0,73235400,0.02034883720930236,0.47346934342344105,8615.0,8341.25,0.032818822118986964,Uptrend,7275.0,8850.0,0.9523809523809523,0,0,Low,Markdown
2025-04-29,8800.0,8825.0,8700.0,8725.0,60315700,-0.005698005698005715,0.4019756324886378,8660.0,8358.75,0.03604007776282339,Uptrend,7275.0,8850.0,0.9206349206349206,0,0,Low,Markdown
2025-04-30,8800.0,8925.0,8675.0,8825.0,164597500,0.011461318051575908,1.1809075627695802,8680.0,8405.0,0.03271861986912552,Uptrend,7275.0,8925.0,0.9393939393939394,0,0,Low,Markdown
2025-05-02,9000.0,9000.0,8850.0,8975.0,92219000,0.016997167138810276,0.7238465317253594,8780.0,8456.25,0.03828529194382853,Uptrend,7275.0,9000.0,0.9855072463768116,1,0,Low,Markdown
2025-05-05,9000.0,9050.0,8975.0,8975.0,86385600,0.0,0.6916186742870557,8855.0,8502.5,0.041458394589826524,Uptrend,7275.0,9050.0,0.9577464788732394,0,0,Low,Markdown
2025-05-06,9050.0,9050.0,8975.0,9025.0,48860500,0.0055710306406684396,0.431663015105268,8905.0,8527.5,0.04426854294928174,Uptrend,7275.0,9050.0,0.9859154929577465,0,0,Low,Markdown
2025-05-07,9075.0,9100.0,9000.0,9075.0,77382000,0.005540166204986097,0.6976806459753532,8975.0,8556.25,0.04894083272461651,Uptrend,7275.0,9100.0,0.9863013698630136,1,0,Low,Markdown
2025-05-08,9075.0,9200.0,8925.0,8975.0,99614500,-0.011019283746556474,1.116250732362878,9005.0,8616.25,0.045118235891484115,Uptrend,7675.0,9200.0,0.8524590163934426,0,0,Low,Markdown
2025-05-09,9050.0,9050.0,8975.0,9000.0,47167500,0.0027855153203342198,0.5564768722761257,9010.0,8670.0,0.0392156862745098,Uptrend,8050.0,9200.0,0.8260869565217391,0,0,Low,Markdown
2025-05-14,9250.0,9300.0,9150.0,9275.0,149002900,0.030555555555555447,1.7529000225284443,9070.0,8722.5,0.039839495557466326,Uptrend,8050.0,9300.0,0.98,1,0,High,Markup
2025-05-15,9275.0,9400.0,9250.0,9275.0,101401300,0.0,1.1798591319780602,9120.0,8772.5,0.039612425192362494,Uptrend,8250.0,9400.0,0.8913043478260869,0,0,Low,Markup
2025-05-16,9300.0,9325.0,9225.0,9300.0,63007500,0.0026954177897573484,0.7418933513956973,9165.0,8817.5,0.03941026368018146,Uptrend,8300.0,9400.0,0.9090909090909091,0,0,Low,Markup
2025-05-19,9275.0,9500.0,9250.0,9500.0,111597200,0.021505376344086002,1.2925880665762102,9270.0,8863.75,0.045832745734029054,Uptrend,8300.0,9500.0,1.0,1,0,Medium,Markup
2025-05-20,9500.0,9675.0,9475.0,9475.0,160614800,-0.0026315789473684292,1.774293540531691,9365.0,8913.75,0.05062403589959333,Uptrend,8300.0,9675.0,0.8545454545454545,0,0,High,Markup
2025-05-21,9700.0,9725.0,9550.0,9700.0,169739200,0.0237467018469657,1.7898716240319712,9450.0,8973.75,0.05307145842039281,Uptrend,8300.0,9725.0,0.9824561403508771,1,0,High,Markup
2025-05-22,9800.0,9800.0,9650.0,9650.0,103113000,-0.005154639175257714,1.052660808376286,9525.0,9041.25,0.053504769805060144,Uptrend,8325.0,9800.0,0.8983050847457628,0,0,Low,Markup
2025-05-23,9675.0,9700.0,9625.0,9675.0,48521800,0.002590673575129543,0.4973847012622206,9600.0,9100.0,0.054945054945054944,Uptrend,8475.0,9800.0,0.9056603773584906,0,0,Low,Markup
2025-05-26,9600.0,9650.0,9500.0,9625.0,56625300,-0.0051679586563307955,0.591271778395122,9625.0,9145.0,0.05248769819573537,Uptrend,8475.0,9800.0,0.8679245283018868,0,0,Low,Markup
2025-05-27,9550.0,9600.0,9450.0,9450.0,93212000,-0.018181818181818188,0.9996408941408799,9620.0,9193.75,0.04636301835486064,Uptrend,8575.0,9800.0,0.7142857142857143,0,0,Low,Markup
2025-05-28,9450.0,9550.0,9400.0,9400.0,236950800,-0.005291005291005346,2.3189962044242813,9560.0,9233.75,0.03533234059834845,Uptrend,8650.0,9800.0,0.6521739130434783,0,0,High,Markup
2025-06-02,9025.0,9175.0,9025.0,9100.0,264428700,-0.03191489361702127,2.3665098591488793,9450.0,9250.0,0.021621621621621623,Uptrend,8675.0,9800.0,0.37777777777777777,0,0,High,Markup
2025-06-03,9050.0,9125.0,8950.0,9050.0,128318100,-0.005494505494505475,1.1144725857571214,9325.0,9266.25,0.006340213139079995,Sideways,8675.0,9800.0,0.3333333333333333,0,0,Low,Markup
2025-06-04,9100.0,9125.0,8950.0,8975.0,93357200,-0.008287292817679592,0.8367144011193453,9195.0,9273.75,-0.008491710473109584,Sideways,8850.0,9800.0,0.13157894736842105,0,0,Low,Markup
2025-06-05,9000.0,9050.0,8900.0,8925.0,95529000,-0.005571030640668551,0.8549110851394485,9090.0,9271.25,-0.0195496831603074,Downtrend,8900.0,9800.0,0.027777777777777776,0,0,Low,Markup
2025-06-10,8975.0,9100.0,8950.0,9100.0,80406400,0.019607843137254832,0.7215058063358871,9030.0,9277.5,-0.02667744543249798,Downtrend,8900.0,9800.0,0.2222222222222222,0,0,Low,Markup
2025-06-11,9100.0,9125.0,9050.0,9050.0,56632600,-0.005494505494505475,0.5064119468029865,9020.0,9278.75,-0.027886299339889533,Downtrend,8900.0,9800.0,0.16666666666666666,0,0,Low,Markup
2025-06-12,9000.0,9125.0,9000.0,9125.0,41337300,0.008287292817679592,0.37569508471209667,9035.0,9281.25,-0.02653198653198653,Downtrend,8900.0,9800.0,0.25,0,0,Low,Markup
2025-06-13,9100.0,9125.0,8975.0,9025.0,83318000,-0.010958904109588996,0.7628873323326683,9045.0,9283.75,-0.025716978591625153,Downtrend,8900.0,9800.0,0.1388888888888889,0,0,Low,Markup
2025-06-16,8925.0,9000.0,8900.0,8925.0,57825000,-0.011080332409972304,0.5268941297251162,9045.0,9280.0,-0.025323275862068964,Downtrend,8900.0,9800.0,0.027777777777777776,0,0,Low,Markup
2025-06-17,8975.0,9100.0,8975.0,9075.0,54927900,0.01680672268907557,0.5229079419787039,9040.0,9270.0,-0.02481121898597627,Downtrend,8900.0,9800.0,0.19444444444444445,0,0,Low,Markup
2025-06-18,8950.0,9025.0,8900.0,8900.0,86270200,-0.019283746556473802,0.8272414672642506,9010.0,9251.25,-0.02607755708688015,Downtrend,8900.0,9800.0,0.0,0,0,Low,Markup
2025-06-19,8900.0,8925.0,8750.0,8775.0,78879500,-0.014044943820224698,0.7506599720975027,8940.0,9225.0,-0.030894308943089432,Downtrend,8750.0,9800.0,0.023809523809523808,0,1,Low,Markup
2025-06-20,8700.0,8875.0,8625.0,8700.0,445915100,-0.008547008547008517,3.6611608935409627,8875.0,9185.0,-0.033750680457267285,Downtrend,8625.0,9800.0,0.06382978723404255,0,1,High,Markup
2025-06-23,8575.0,8700.0,8500.0,8625.0,87324500,-0.008620689655172376,0.73921384950578,8815.0,9142.5,-0.035821711785616626,Downtrend,8500.0,9800.0,0.09615384615384616,0,0,Low,Markup
2025-06-24,8725.0,8850.0,8700.0,8775.0,110158900,0.017391304347825987,0.9566343572112354,8755.0,9096.25,-0.03751545966744538,Downtrend,8500.0,9800.0,0.21153846153846154,0,0,Low,Markup
2025-06-25,8725.0,8775.0,8475.0,8600.0,117561000,-0.019943019943019946,1.0145504682568836,8695.0,9043.75,-0.038562543192812715,Downtrend,8475.0,9700.0,0.10204081632653061,0,0,Low,Markup
2025-06-26,8525.0,8650.0,8525.0,8650.0,117281700,0.005813953488372103,0.9829753616036346,8670.0,8992.5,-0.03586321934945788,Downtrend,8475.0,9650.0,0.14893617021276595,0,0,Low,Markup
2025-06-30,8575.0,8825.0,8550.0,8675.0,185441800,0.0028901734104045396,1.4746418964645875,8665.0,8945.0,-0.03130240357741755,Downtrend,8475.0,9600.0,0.17777777777777778,0,0,Medium,Markup
2025-07-01,8750.0,8775.0,8600.0,8700.0,82364500,0.0028818443804035088,0.6578034701470098,8680.0,8907.5,-0.025540275049115914,Downtrend,8475.0,9550.0,0.20930232558139536,0,0,Low,Markup
2025-07-02,8575.0,8675.0,8575.0,8675.0,68545100,-0.002873563218390829,0.5869033284849341,8660.0,8871.25,-0.02381287868113287,Downtrend,8475.0,9175.0,0.2857142857142857,0,0,Low,Markup
2025-07-03,8700.0,8750.0,8600.0,8600.0,50370800,-0.008645533141210415,0.4748010217533085,8660.0,8846.25,-0.021054118976967642,Downtrend,8475.0,9125.0,0.19230769230769232,0,0,Low,Markup
2025-07-04,8650.0,8700.0,8550.0,8650.0,43593300,0.005813953488372103,0.42800636492227595,8660.0,8826.25,-0.018835858943492424,Downtrend,8475.0,9125.0,0.2692307692307692,0,0,Low,Markup
2025-07-07,8625.0,8650.0,8550.0,8625.0,49936900,-0.0028901734104046506,0.5009672106437563,8650.0,8808.75,-0.018021853270895418,Downtrend,8475.0,9125.0,0.23076923076923078,0,0,Low,Markup
2025-07-08,8550.0,8600.0,8425.0,8500.0,215611000,-0.01449275362318836,2.040127236509034,8610.0,8787.5,-0.020199146514935987,Downtrend,8425.0,9125.0,0.10714285714285714,0,0,High,Markup
2025-07-09,8500.0,8550.0,8450.0,8500.0,94459300,0.0,0.8878778490600231,8575.0,8757.5,-0.02083928061661433,Downtrend,8425.0,9125.0,0.10714285714285714,0,0,Low,Markup
2025-07-10,8525.0,8650.0,8500.0,8600.0,111769400,0.0117647058823529,1.024049205933855,8575.0,8735.0,-0.018317115054378934,Downtrend,8425.0,9125.0,0.25,0,0,Low,Markup
2025-07-11,8575.0,8675.0,8575.0,8625.0,135986500,0.0029069767441860517,1.194152253018212,8570.0,8710.0,-0.016073478760045924,Downtrend,8425.0,9125.0,0.2857142857142857,0,0,Low,Markup
2025-07-14,8650.0,8675.0,8450.0,8525.0,125196000,-0.011594202898550732,1.0795464932070902,8550.0,8685.0,-0.015544041450777202,Downtrend,8425.0,9100.0,0.14814814814814814,0,0,Low,Markup
2025-07-15,8600.0,8600.0,8475.0,8550.0,77219300,0.0029325513196480912,0.6603290635457897,8560.0,8666.25,-0.012260204817539306,Downtrend,8425.0,9100.0,0.18518518518518517,0,0,Low,Markup
2025-07-16,8550.0,8600.0,8500.0,8525.0,97475300,-0.0029239766081871066,0.8186523323373059,8565.0,8638.75,-0.008537114744610042,Sideways,8425.0,9025.0,0.16666666666666666,0,0,Low,Markup
2025-07-17,8500.0,8550.0,8500.0,8525.0,86016400,0.0,0.7224910538433332,8550.0,8620.0,-0.008120649651972157,Sideways,8425.0,8925.0,0.2,0,0,Low,Markup
2025-07-18,8550.0,8575.0,8425.0,8425.0,80432200,-0.011730205278592365,0.675146548456997,8510.0,8602.5,-0.010752688172043012,Downtrend,8425.0,8875.0,0.0,0,0,Low,Markup
2025-07-21,8450.0,8500.0,8375.0,8450.0,95383500,0.0029673590504450953,0.9387551193886762,8495.0,8590.0,-0.011059371362048894,Downtrend,8375.0,8850.0,0.15789473684210525,0,0,Low,Markup
2025-07-22,8450.0,8475.0,8400.0,8400.0,77981700,-0.00591715976331364,0.7710331589433694,8465.0,8578.75,-0.013259507504006994,Downtrend,8375.0,8850.0,0.05263157894736842,0,0,Low,Markup
2025-07-23,8450.0,8500.0,8400.0,8425.0,70969500,0.0029761904761904656,0.7155643449832909,8445.0,8561.25,-0.01357862461673237,Downtrend,8375.0,8825.0,0.1111111111111111,0,0,Low,Markup
2025-07-24,8475.0,8550.0,8450.0,8500.0,138256800,0.008902077151335286,1.3796080509267368,8440.0,8556.25,-0.013586559532505479,Downtrend,8375.0,8825.0,0.2777777777777778,0,0,Medium,Markup
2025-07-25,8500.0,8525.0,8450.0,8450.0,58682800,-0.00588235294117645,0.6032074653538451,8445.0,8546.25,-0.01184730144800351,Downtrend,8375.0,8825.0,0.16666666666666666,0,0,Low,Markup
2025-07-28,8625.0,8625.0,8475.0,8500.0,99484300,0.00591715976331364,1.0698763146096222,8455.0,8537.5,-0.009663250366032211,Sideways,8375.0,8775.0,0.3125,0,0,Low,Markup
2025-07-29,8500.0,8500.0,8375.0,8400.0,104240300,-0.0117647058823529,1.1079902619585862,8455.0,8522.5,-0.00792021120563215,Sideways,8375.0,8750.0,0.06666666666666667,0,0,Low,Markup
2025-07-30,8475.0,8475.0,8325.0,8375.0,98098100,-0.0029761904761904656,1.0265799355512983,8445.0,8507.5,-0.0073464590067587425,Sideways,8325.0,8750.0,0.11764705882352941,0,0,Low,Markup
2025-07-31,8350.0,8375.0,8250.0,8275.0,206006300,-0.011940298507462699,1.993481804156176,8400.0,8491.25,-0.010746356543500663,Downtrend,8250.0,8700.0,0.05555555555555555,0,1,High,Markdown
2025-08-01,8400.0,8425.0,8300.0,8300.0,86196100,0.0030211480362538623,0.8172563812762642,8370.0,8473.75,-0.012243693760141615,Downtrend,8250.0,8675.0,0.11764705882352941,0,0,Low,Markdown
2025-08-04,8325.0,8350.0,8275.0,8275.0,49054500,-0.003012048192771122,0.46529808856859883,8325.0,8456.25,-0.015521064301552107,Downtrend,8250.0,8675.0,0.058823529411764705,0,0,Low,Markdown
2025-08-05,8350.0,8450.0,8325.0,8425.0,69475900,0.01812688821752273,0.708076430700981,8330.0,8452.5,-0.014492753623188406,Downtrend,8250.0,8675.0,0.4117647058823529,0,0,Low,Markdown
2025-08-06,8425.0,8425.0,8300.0,8300.0,56325400,-0.014836795252225476,0.5854269582288749,8315.0,8442.5,-0.015102161681966242,Downtrend,8250.0,8675.0,0.11764705882352941,0,0,Low,Markdown
2025-08-07,8325.0,8350.0,8300.0,8300.0,43621300,0.0,0.4700312299613674,8320.0,8427.5,-0.012755858795609611,Downtrend,8250.0,8675.0,0.11764705882352941,0,0,Low,Markdown
2025-08-08,8325.0,8400.0,8300.0,8300.0,68378700,0.0,0.7646509824129167,8320.0,8411.25,-0.010848565908753159,Downtrend,8250.0,8675.0,0.11764705882352941,0,0,Low,Markdown
2025-08-11,8500.0,8550.0,8425.0,8550.0,128561300,0.030120481927710774,1.434948283060331,8375.0,8412.5,-0.004457652303120356,Sideways,8250.0,8625.0,0.8,0,0,Medium,Distribusi
2025-08-12,8625.0,8875.0,8575.0,8850.0,171015700,0.03508771929824572,1.8138588473264028,8460.0,8427.5,0.00385642242657965,Sideways,8250.0,8875.0,0.96,1,0,High,Distribusi
2025-08-13,8975.0,8975.0,8725.0,8925.0,129083900,0.008474576271186418,1.3465422901699489,8585.0,8447.5,0.016277005031074283,Uptrend,8250.0,8975.0,0.9310344827586207,1,0,Medium,Distribusi
2025-08-14,8925.0,8950.0,8750.0,8775.0,122930900,-0.01680672268907568,1.2581333380275463,8680.0,8460.0,0.026004728132387706,Uptrend,8250.0,8975.0,0.7241379310344828,0,0,Medium,Distribusi
2025-08-15,8825.0,8850.0,8700.0,8700.0,68754200,-0.008547008547008517,0.7078935137852167,8760.0,8473.75,0.033780793627378666,Uptrend,8250.0,8975.0,0.6206896551724138,0,0,Low,Distribusi
2025-08-19,8600.0,8600.0,8450.0,8500.0,128591700,-0.02298850574712641,1.3017268632725036,8750.0,8476.25,0.03229612151600059,Uptrend,8250.0,8975.0,0.3448275862068966,0,0,Medium,Distribusi
2025-08-20,8375.0,8600.0,8350.0,8525.0,202260200,0.002941176470588225,1.9262987181973763,8685.0,8482.5,0.023872679045092837,Uptrend,8250.0,8975.0,0.3793103448275862,0,0,High,Distribusi
2025-08-21,8550.0,8575.0,8500.0,8550.0,69470200,0.0029325513196480912,0.6620974733910873,8610.0,8488.75,0.014283610661169194,Uptrend,8250.0,8975.0,0.41379310344827586,0,0,Low,Distribusi
2025-08-22,8575.0,8575.0,8450.0,8450.0,66394100,-0.011695906432748537,0.6552181140091026,8545.0,8486.25,0.006922963617616733,Sideways,8250.0,8975.0,0.27586206896551724,0,0,Low,Distribusi
2025-08-25,8525.0,8550.0,8475.0,8475.0,64052700,0.002958579881656709,0.6304412637073364,8500.0,8487.5,0.0014727540500736377,Sideways,8250.0,8975.0,0.3103448275862069,0,0,Low,Distribusi
2025-08-26,8450.0,8475.0,8250.0,8250.0,326794200,-0.026548672566371723,2.89287279716065,8450.0,8475.0,-0.0029498525073746312,Sideways,8250.0,8975.0,0.0,0,0,High,Akumulasi
2025-08-27,8250.0,8350.0,8200.0,8300.0,111915700,0.0060606060606061,0.9873545041906172,8405.0,8470.0,-0.007674144037780401,Sideways,8200.0,8975.0,0.12903225806451613,0,0,Low,Akumulasi
2025-08-28,8350.0,8375.0,8275.0,8325.0,81281400,0.003012048192771122,0.7224485464262078,8360.0,8467.5,-0.012695600826690287,Downtrend,8200.0,8975.0,0.16129032258064516,0,0,Low,Akumulasi
2025-08-29,8250.0,8275.0,8075.0,8075.0,236499300,-0.03003003003003002,2.0739572721444266,8285.0,8457.5,-0.02039609813774756,Downtrend,8075.0,8975.0,0.0,0,1,High,Markdown
2025-09-01,7650.0,8050.0,7600.0,8000.0,421127500,-0.009287925696594423,3.2201353668435955,8190.0,8442.5,-0.029908202546639027,Downtrend,7600.0,8975.0,0.2909090909090909,0,1,High,Markdown
2025-09-02,8000.0,8175.0,8000.0,8000.0,155531500,0.0,1.142746071751829,8140.0,8428.75,-0.03425774877650897,Downtrend,7600.0,8975.0,0.2909090909090909,0,0,Low,Markdown
2025-09-03,7900.0,8000.0,7900.0,7975.0,212372700,-0.0031250000000000444,1.4825512905473879,8075.0,8406.25,-0.03940520446096654,Downtrend,7600.0,8975.0,0.2727272727272727,0,0,Medium,Markdown
2025-09-04,7975.0,8000.0,7925.0,8000.0,103534800,0.0031347962382444194,0.7110486605873554,8010.0,8391.25,-0.04543423208699538,Downtrend,7600.0,8975.0,0.2909090909090909,0,0,Low,Markdown
2025-09-08,8025.0,8025.0,7700.0,7700.0,321191900,-0.03749999999999998,2.013904821034776,7935.0,8361.25,-0.05097921961429212,Downtrend,7600.0,8975.0,0.07272727272727272,0,0,High,Markdown
2025-09-09,7625.0,7725.0,7475.0,7525.0,595368700,-0.022727272727272707,3.203720924125669,7840.0,8322.5,-0.05797536797837188,Downtrend,7475.0,8975.0,0.03333333333333333,0,1,High,Markdown
2025-09-10,7550.0,7800.0,7550.0,7800.0,246849600,0.03654485049833878,1.2873442228176644,7800.0,8285.0,-0.058539529269764634,Downtrend,7475.0,8975.0,0.21666666666666667,0,0,Medium,Markdown
2025-09-11,7900.0,7975.0,7850.0,7850.0,235173400,0.0064102564102563875,1.2062714952323548,7775.0,8235.0,-0.05585913782635094,Downtrend,7475.0,8975.0,0.25,0,0,Medium,Markdown
2025-09-12,7975.0,7975.0,7850.0,7925.0,156084700,0.009554140127388644,0.79509713692655,7760.0,8185.0,-0.05192425167990226,Downtrend,7475.0,8950.0,0.3050847457627119,0,0,Low,Markdown
2025-09-15,8000.0,8100.0,7975.0,8025.0,142567700,0.012618296529968376,0.7226271715342443,7825.0,8147.5,-0.03958269407793802,Downtrend,7475.0,8850.0,0.4,0,0,Low,Markdown
2025-09-16,8050.0,8075.0,7900.0,7925.0,129312900,-0.012461059190031154,0.6455356936266748,7905.0,8108.75,-0.02512717743178665,Downtrend,7475.0,8600.0,0.4,0,0,Low,Markdown
2025-09-17,7850.0,7900.0,7800.0,7850.0,183725900,-0.009463722397476393,0.9047174115650757,7915.0,8076.25,-0.01996594954341433,Downtrend,7475.0,8600.0,0.3333333333333333,0,0,Low,Markdown
2025-09-18,7850.0,7900.0,7650.0,7700.0,275378700,-0.019108280254777066,1.3320604738380792,7885.0,8035.0,-0.018668326073428748,Downtrend,7475.0,8575.0,0.20454545454545456,0,0,Medium,Markdown
2025-09-19,7650.0,7825.0,7650.0,7800.0,149025300,0.01298701298701288,0.7072560000780223,7860.0,7997.5,-0.017192872772741483,Downtrend,7475.0,8575.0,0.29545454545454547,0,0,Low,Markdown
2025-09-22,7800.0,7825.0,7725.0,7725.0,92588800,-0.009615384615384581,0.43670075215474924,7800.0,7961.25,-0.02025435704192181,Downtrend,7475.0,8550.0,0.23255813953488372,0,0,Low,Markdown
2025-09-23,7750.0,7900.0,7750.0,7875.0,102606200,0.01941747572815533,0.4795880204562313,7790.0,7931.25,-0.01780929866036249,Downtrend,7475.0,8475.0,0.4,0,0,Low,Markdown
2025-09-24,7950.0,7950.0,7725.0,7775.0,150428400,-0.012698412698412653,0.7333382717071327,7775.0,7907.5,-0.016756244072083464,Downtrend,7475.0,8375.0,0.3333333333333333,0,0,Low,Markdown
2025-09-25,7725.0,7775.0,7700.0,7700.0,147986600,-0.009646302250803873,0.7151467295021838,7775.0,7877.5,-0.013011742304030467,Downtrend,7475.0,8375.0,0.25,0,0,Low,Markdown
2025-09-26,7575.0,7700.0,7575.0,7625.0,121657700,-0.009740259740259716,0.5822318350199639,7740.0,7842.5,-0.01306981192221868,Downtrend,7475.0,8275.0,0.1875,0,0,Low,Markdown
2025-09-29,7750.0,7800.0,7700.0,7775.0,116454700,0.01967213114754096,0.5738143715703872,7750.0,7827.5,-0.009900990099009901,Sideways,7475.0,8175.0,0.42857142857142855,0,0,Low,Markdown
2025-09-30,7700.0,7775.0,7625.0,7625.0,170666700,-0.019292604501607746,0.8962394160294156,7700.0,7808.75,-0.01392668480870818,Downtrend,7475.0,8175.0,0.21428571428571427,0,0,Low,Markdown
2025-10-01,7600.0,7675.0,7500.0,7500.0,202433400,-0.016393442622950838,1.0501267725487373,7645.0,7783.75,-0.017825598201381083,Downtrend,7475.0,8100.0,0.04,0,0,Low,Markdown
2025-10-02,7500.0,7600.0,7500.0,7500.0,126952400,0.0,0.6734895875677074,7605.0,7760.0,-0.01997422680412371,Downtrend,7475.0,8100.0,0.04,0,0,Low,Markdown
2025-10-03,7525.0,7550.0,7500.0,7525.0,76787500,0.0033333333333334103,0.41027278712362963,7585.0,7736.25,-0.019550815963806752,Downtrend,7475.0,8100.0,0.08,0,0,Low,Markdown
2025-10-06,7500.0,7550.0,7450.0,7500.0,104032400,-0.0033222591362126463,0.5900736786671733,7530.0,7726.25,-0.025400420643908753,Downtrend,7450.0,8100.0,0.07692307692307693,0,0,Low,Markdown
2025-10-07,7550.0,7600.0,7500.0,7575.0,74282600,0.010000000000000009,0.49439406833074895,7520.0,7728.75,-0.027009542293385088,Downtrend,7450.0,8100.0,0.19230769230769232,0,0,Low,Markdown
2025-10-08,7500.0,7525.0,7375.0,7375.0,168080800,-0.02640264026402639,1.1487886038088366,7495.0,7707.5,-0.027570548167369445,Downtrend,7375.0,8100.0,0.0,0,1,Low,Markdown
2025-10-09,7375.0,7700.0,7300.0,7550.0,293567400,0.023728813559322104,1.9672006574503536,7505.0,7692.5,-0.024374390640233994,Downtrend,7300.0,8100.0,0.3125,0,0,High,Markdown
2025-10-10,7450.0,7450.0,7350.0,7400.0,107426000,-0.019867549668874163,0.7317941876702019,7480.0,7666.25,-0.024294798630360347,Downtrend,7300.0,8100.0,0.125,0,0,Low,Markdown
2025-10-13,7300.0,7375.0,7300.0,7325.0,101847900,-0.010135135135135087,0.7035535505957481,7445.0,7631.25,-0.024406224406224405,Downtrend,7300.0,8075.0,0.03225806451612903,0,0,Low,Markdown
2025-10-14,7275.0,7350.0,7250.0,7250.0,151862300,-0.010238907849829393,1.0409399684014455,7380.0,7597.5,-0.028627838104639685,Downtrend,7250.0,7950.0,0.0,0,1,Low,Markdown
2025-10-15,7250.0,7350.0,7225.0,7250.0,133206400,0.0,0.9291507098628445,7355.0,7567.5,-0.028080607862570203,Downtrend,7225.0,7950.0,0.034482758620689655,0,0,Low,Markdown
2025-10-16,7250.0,7325.0,7225.0,7300.0,120611200,0.006896551724137945,0.8892976296041072,7305.0,7547.5,-0.03212984431931103,Downtrend,7225.0,7950.0,0.10344827586206896,0,0,Low,Markdown
2025-10-17,7300.0,7525.0,7275.0,7500.0,157334400,0.027397260273972712,1.1565245662896888,7325.0,7532.5,-0.027547295054762694,Downtrend,7225.0,7950.0,0.3793103448275862,0,0,Low,Markdown
2025-10-20,7700.0,8000.0,7625.0,7875.0,393421800,0.050000000000000044,2.6040224158561482,7435.0,7540.0,-0.013925729442970823,Downtrend,7225.0,8000.0,0.8387096774193549,0,0,High,Markdown
2025-10-21,8100.0,8475.0,8100.0,8475.0,529802600,0.07619047619047614,3.0723495924662507,7680.0,7570.0,0.01453104359313078,Uptrend,7225.0,8475.0,1.0,1,0,High,Markup
2025-10-22,8700.0,8700.0,8200.0,8200.0,392957200,-0.03244837758112096,2.1290577053735036,7870.0,7591.25,0.03671990778857237,Uptrend,7225.0,8700.0,0.6610169491525424,0,0,High,Markup
2025-10-23,8200.0,8350.0,8150.0,8325.0,187003900,0.015243902439024293,1.0025972356289998,8075.0,7622.5,0.059363725811741555,Uptrend,7225.0,8700.0,0.7457627118644068,0,0,Low,Markup
2025-10-24,8300.0,8375.0,8275.0,8275.0,133355100,-0.006006006006005982,0.7127312149127918,8230.0,7655.0,0.07511430437622468,Uptrend,7225.0,8700.0,0.711864406779661,0,0,Low,Markup
2025-10-27,8325.0,8425.0,8200.0,8350.0,182275600,0.009063444108761365,0.9573530618232439,8325.0,7683.75,0.08345534407027819,Uptrend,7225.0,8700.0,0.7627118644067796,0,0,Low,Markup
2025-10-28,8350.0,8400.0,8250.0,8275.0,180270000,-0.008982035928143728,0.944437381960062,8285.0,7716.25,0.07370808358982667,Uptrend,7225.0,8700.0,0.711864406779661,0,0,Low,Markup
2025-10-29,8300.0,8600.0,8275.0,8600.0,239156800,0.0392749244712991,1.2410081037367138,8365.0,7771.25,0.07640341000482548,Uptrend,7225.0,8700.0,0.9322033898305084,0,0,Medium,Markup
2025-10-30,8575.0,8750.0,8475.0,8525.0,259009800,-0.008720930232558155,1.2995024925044998,8405.0,7822.5,0.07446468520294024,Uptrend,7225.0,8750.0,0.8524590163934426,0,0,Medium,Markup
2025-10-31,8550.0,8650.0,8525.0,8525.0,177088000,0.0,0.8666781089632579,8455.0,7872.5,0.07399174341060655,Uptrend,7225.0,8750.0,0.8524590163934426,0,0,Low,Markup
2025-11-03,8650.0,8650.0,8525.0,8650.0,115007100,0.014662756598240456,0.5613433669624772,8515.0,7930.0,0.07377049180327869,Uptrend,7225.0,8750.0,0.9344262295081968,0,0,Low,Markup
2025-11-04,8650.0,8700.0,8625.0,8650.0,155231500,0.0,0.7429982674709522,8590.0,7983.75,0.0759354939721309,Uptrend,7225.0,8750.0,0.9344262295081968,0,0,Low,Markup
2025-11-05,8625.0,8700.0,8600.0,8700.0,125731500,0.005780346820809301,0.6079615025168836,8610.0,8050.0,0.06956521739130435,Uptrend,7225.0,8750.0,0.9672131147540983,0,0,Low,Markup
2025-11-06,8625.0,8675.0,8550.0,8550.0,89756900,-0.017241379310344862,0.45650444669811174,8615.0,8100.0,0.06358024691358025,Uptrend,7225.0,8750.0,0.8688524590163934,0,0,Low,Markup
2025-11-07,8550.0,8675.0,8550.0,8675.0,75241900,0.014619883040935644,0.38583889084478556,8645.0,8163.75,0.05894962486602358,Uptrend,7225.0,8750.0,0.9508196721311475,0,0,Low,Markup
2025-11-10,8675.0,8675.0,8575.0,8575.0,79897700,-0.011527377521613813,0.4120326591953214,8630.0,8226.25,0.04908068682571038,Uptrend,7225.0,8750.0,0.8852459016393442,0,0,Low,Markup
2025-11-11,8575.0,8600.0,8400.0,8400.0,130897600,-0.020408163265306145,0.6787082115607024,8580.0,8283.75,0.03576278859212313,Uptrend,7225.0,8750.0,0.7704918032786885,0,0,Low,Markup
2025-11-12,8425.0,8550.0,8400.0,8500.0,85415600,0.011904761904761862,0.4484386815139612,8540.0,8346.25,0.023214018271678898,Uptrend,7225.0,8750.0,0.8360655737704918,0,0,Low,Markup
2025-11-13,8400.0,8475.0,8375.0,8375.0,104113800,-0.014705882352941124,0.5489831606313239,8505.0,8400.0,0.0125,Uptrend,7275.0,8750.0,0.7457627118644068,0,0,Low,Markup
2025-11-14,8375.0,8500.0,8375.0,8425.0,89815300,0.005970149253731405,0.4821715885735888,8455.0,8446.25,0.0010359627053426078,Sideways,7625.0,8750.0,0.7111111111111111,0,0,Low,Markup
2025-11-17,8500.0,8575.0,8475.0,8575.0,129411100,0.017804154302670572,0.7477300625549085,8455.0,8481.25,-0.0030950626381724394,Sideways,8100.0,8750.0,0.7307692307692307,0,0,Low,Markup
2025-11-18,8550.0,8575.0,8400.0,8400.0,119377900,-0.020408163265306145,0.7825456603071314,8455.0,8477.5,-0.0026540843409023885,Sideways,8150.0,8750.0,0.4166666666666667,0,0,Low,Markup
2025-11-19,8350.0,8500.0,8325.0,8475.0,114209700,0.008928571428571397,0.8239445063512646,8450.0,8491.25,-0.004857941999116737,Sideways,8150.0,8750.0,0.5416666666666666,0,0,Low,Markup
2025-11-20,8475.0,8600.0,8400.0,8425.0,124087400,-0.005899705014749235,0.9159937716433346,8460.0,8496.25,-0.0042665882006767695,Sideways,8200.0,8750.0,0.4090909090909091,0,0,Low,Markup
2025-11-21,8375.0,8425.0,8350.0,8400.0,103917100,-0.0029673590504450953,0.7755261244929544,8455.0,8502.5,-0.00558659217877095,Sideways,8200.0,8750.0,0.36363636363636365,0,0,Low,Markup
2025-11-24,8400.0,8475.0,8350.0,8475.0,279590600,0.008928571428571397,2.0134513296769048,8435.0,8508.75,-0.008667548112237402,Sideways,8250.0,8750.0,0.45,0,0,High,Markup
2025-11-25,8475.0,8500.0,8375.0,8500.0,98807700,0.002949852507374562,0.7330587050429099,8455.0,8520.0,-0.007629107981220657,Sideways,8275.0,8750.0,0.47368421052631576,0,0,Low,Markup
2025-11-26,8400.0,8450.0,8375.0,8425.0,77094400,-0.008823529411764675,0.6085512956414064,8445.0,8511.25,-0.0077838155382581875,Sideways,8325.0,8750.0,0.23529411764705882,0,0,Low,Markup
2025-11-27,8425.0,8450.0,8325.0,8325.0,71051300,-0.011869436201780381,0.6057890116829027,8425.0,8501.25,-0.008969269225113954,Sideways,8325.0,8700.0,0.0,0,0,Low,Markup
2025-11-28,8325.0,8350.0,8275.0,8275.0,67559300,-0.006006006006005982,0.6042289128319213,8400.0,8488.75,-0.010455013989103226,Downtrend,8275.0,8700.0,0.0,0,1,Low,Markup
2025-12-01,8450.0,8450.0,8350.0,8400.0,76359200,0.015105740181268867,0.6949429312182674,8385.0,8476.25,-0.010765373838666863,Downtrend,8275.0,8700.0,0.29411764705882354,0,0,Low,Markup
2025-12-02,8350.0,8425.0,8350.0,8375.0,97044000,-0.0029761904761904656,0.9072161093400892,8360.0,8462.5,-0.012112259970457902,Downtrend,8275.0,8700.0,0.23529411764705882,0,0,Low,Markup
2025-12-03,8350.0,8400.0,8300.0,8300.0,103550900,-0.008955223880596996,0.9781875056265367,8335.0,8442.5,-0.012733195143618597,Downtrend,8275.0,8675.0,0.0625,0,0,Low,Markup
2025-12-04,8325.0,8350.0,8225.0,8225.0,71410400,-0.009036144578313254,0.6804707466635703,8315.0,8426.25,-0.013202788903723483,Downtrend,8225.0,8675.0,0.0,0,1,Low,Markup
2025-12-05,8200.0,8300.0,8200.0,8300.0,71162300,0.00911854103343468,0.6794272201197141,8320.0,8407.5,-0.010407374368123699,Downtrend,8200.0,8675.0,0.21052631578947367,0,0,Low,Markup
2025-12-08,8350.0,8350.0,8250.0,8300.0,61745200,0.0,0.5946699561133164,8300.0,8393.75,-0.011169024571854059,Downtrend,8200.0,8600.0,0.25,0,0,Low,Markup
2025-12-09,8300.0,8300.0,8100.0,8100.0,113057200,-0.02409638554216864,1.0982929505254664,8245.0,8378.75,-0.015963001641056244,Downtrend,8100.0,8600.0,0.0,0,1,Low,Markup
2025-12-10,8100.0,8175.0,8025.0,8075.0,143418300,-0.0030864197530864335,1.3550590043920892,8200.0,8357.5,-0.018845348489380794,Downtrend,8025.0,8600.0,0.08695652173913043,0,1,Medium,Markup
2025-12-11,8175.0,8200.0,7900.0,8000.0,140766000,-0.009287925696594423,1.3073622411595092,8155.0,8338.75,-0.022035676810073453,Downtrend,7900.0,8600.0,0.14285714285714285,0,1,Medium,Markup
2025-12-12,7900.0,8000.0,7850.0,8000.0,100006800,0.0,0.9244366912075594,8095.0,8317.5,-0.02675082657048392,Downtrend,7850.0,8600.0,0.2,0,0,Low,Markup
2025-12-15,7925.0,8300.0,7925.0,8300.0,143105700,0.03750000000000009,1.3145114910458326,8095.0,8303.75,-0.02513924431732651,Downtrend,7850.0,8600.0,0.6,0,0,Medium,Markup
2025-12-16,8375.0,8375.0,8025.0,8075.0,122332000,-0.027108433734939763,1.1221701110708258,8090.0,8287.5,-0.023831070889894418,Downtrend,7850.0,8600.0,0.3,0,0,Low,Markup
2025-12-17,8000.0,8125.0,7975.0,8025.0,89802700,-0.006191950464396245,0.8330999780366938,8080.0,8265.0,-0.02238354506957048,Downtrend,7850.0,8600.0,0.23333333333333334,0,0,Low,Markup
2025-12-18,8025.0,8250.0,8025.0,8175.0,88497200,0.01869158878504673,0.8347696620769075,8115.0,8252.5,-0.016661617691608604,Downtrend,7850.0,8500.0,0.5,0,0,Low,Markup
2025-12-19,8200.0,8225.0,8050.0,8050.0,131069800,-0.015290519877675823,1.220712563057905,8125.0,8235.0,-0.013357619914996965,Downtrend,7850.0,8500.0,0.3076923076923077,0,0,Medium,Markup
2025-12-22,8050.0,8175.0,8025.0,8175.0,72424200,0.01552795031055898,0.746539415294182,8100.0,8220.0,-0.014598540145985401,Downtrend,7850.0,8500.0,0.5,0,0,Low,Markup
2025-12-23,8100.0,8125.0,7975.0,8025.0,85044100,-0.01834862385321101,0.8828866426749843,8090.0,8196.25,-0.01296324538660973,Downtrend,7850.0,8450.0,0.2916666666666667,0,0,Low,Markup
2025-12-24,8025.0,8075.0,8000.0,8025.0,71260500,0.0,0.7420390550762285,8090.0,8176.25,-0.010548845742241247,Downtrend,7850.0,8450.0,0.2916666666666667,0,0,Low,Markup
2025-12-29,8025.0,8025.0,7950.0,8025.0,78399400,0.0,0.8132653725966476,8060.0,8161.25,-0.012406187777607597,Downtrend,7850.0,8450.0,0.2916666666666667,0,0,Low,Markup
2025-12-30,7950.0,8175.0,7950.0,8075.0,101995600,0.006230529595015577,1.039471293940258,8065.0,8151.25,-0.010581199202576292,Downtrend,7850.0,8450.0,0.375,0,0,Low,Markup
