Return,RVOL,TrendDiff,PricePosition,Breakout,Breakdown,Label
-0.0333321522446104,-0.01990235441512765,-0.1523422416195161,1.0971322874464529,-0.2688913505455693,-0.19410028147334082,Akumulasi
2.7155063800564223,0.6698575364497567,-0.1523422416195161,1.5996830411961103,3.7189742175456435,-0.19410028147334082,Distribusi
-1.5401797688270618,0.18429907456524805,-0.1523422416195161,0.2703004730002257,-0.2688913505455693,-0.19410028147334082,Distribusi
0.17884827230433198,-0.1877250294284746,-0.1523422416195161,0.45366358585483046,-0.2688913505455693,-0.19410028147334082,Distribusi
0.8658452283860488,-0.08537093060725796,-0.1523422416195161,1.2329568154869008,-0.2688913505455693,-0.19410028147334082,Distribusi
3.049717133608188,1.4946314984193836,0.15052712606479307,1.520177941481809,3.7189742175456435,-0.19410028147334082,Distribusi
-1.8891164542942072,0.018264747388234734,0.12466306381975249,0.4689438452593807,-0.2688913505455693,-0.19410028147334082,Distribusi
-0.44495032221454656,-0.31712989656553303,0.3244447717203872,0.2633549005436119,-0.2688913505455693,-0.19410028147334082,Distribusi
-1.0681587312420513,-0.054294861671440105,0.44255645213426054,-0.2506174612458107,-0.2688913505455693,-0.19410028147334082,Distribusi
-0.7155511561762607,-0.041102042284930716,0.37939361074038724,-0.5846994964089353,-0.2688913505455693,-0.19410028147334082,Distribusi
1.7146394724947083,-0.10458901427755696,-0.003741976753204801,0.2633549005436119,-0.2688913505455693,-0.19410028147334082,Distribusi
-0.2920387969939727,-0.3382151384355096,-0.12511172555115474,0.1348618100962564,-0.2688913505455693,-0.19410028147334082,Distribusi
-0.0333321522446104,0.32261307791130783,-0.18317847611274168,0.1348618100962564,-0.2688913505455693,-0.19410028147334082,Distribusi
-0.24102673272274366,-0.485960038707467,-0.10886760865308868,0.0320673377383716,-0.2688913505455693,-0.19410028147334082,Distribusi
0.01873827349716614,-0.1753670378992006,0.06782142829136988,0.057765955827842705,-0.2688913505455693,-0.19410028147334082,Distribusi
-0.5016350278248077,-0.24604281425632007,-0.04517111507442081,-0.1735216069773972,-0.2688913505455693,-0.19410028147334082,Distribusi
-2.285091252641601,0.20021968918064825,-0.3483574084101561,-1.2785621848246558,-0.2688913505455693,-0.19410028147334082,Distribusi
-0.35743619516814934,0.17217193267079597,-0.6968396357704909,-1.3653664059268693,-0.2688913505455693,-0.19410028147334082,Distribusi
1.1602999194354988,0.2917672216806154,-0.9062580241481162,-0.812560576802246,-0.2688913505455693,-0.19410028147334082,Distribusi
-1.5282816217296082,0.80896041803218,-1.2866396735462184,-1.5161316320517666,-0.2688913505455693,-0.19410028147334082,Distribusi
0.6206292598082065,0.3340843865493102,-1.6026041106624018,-0.8202428813181643,-0.2688913505455693,-0.19410028147334082,Distribusi
-0.24940151419363632,-0.1642338929285659,-1.5269530911653548,-0.9066688071222455,-0.2688913505455693,-0.19410028147334082,Distribusi
0.23754892284589568,-0.5311592554985499,-1.4306653132187892,-0.798636399867144,-0.2688913505455693,-0.19410028147334082,Distribusi
0.290534451819643,-0.2672589158451899,-1.4579336182437486,-0.6689975111610221,-0.2688913505455693,-0.19410028147334082,Distribusi
0.6115663372487696,-0.8360652659159001,-1.175669073665125,-0.40971973374877835,-0.2688913505455693,-0.19410028147334082,Distribusi
0.01994308450492616,-0.8908433762297793,-0.868033622188814,-0.388113252297758,-0.2688913505455693,-0.19410028147334082,Distribusi
0.6055087647318431,-0.2272656635461023,-0.529509772426764,0.05995307226098936,-0.2688913505455693,-0.19410028147334082,Distribusi
-0.6666816000206943,-0.8744737160557976,-0.31098089446047555,-0.2287462969143459,-0.2688913505455693,-0.19410028147334082,Distribusi
-0.4592260968955849,-1.0266558459259252,-0.22039889062187068,-0.4212125430312361,-0.2688913505455693,-0.19410028147334082,Distribusi
-0.8900722967169132,0.056288737061079994,-0.33592234462216464,-0.8061450352650164,-0.2688913505455693,-0.19410028147334082,Distribusi
1.4836018682622236,-0.7600106678387288,-0.23761910993308427,-0.13251317385590086,-0.2688913505455693,-0.19410028147334082,Distribusi
-0.45799873682454,-0.3098082287711888,-0.28518244291599687,-0.3249794199727909,-0.2688913505455693,-0.19410028147334082,Distribusi
-1.7952368841376454,0.3086915614760591,-0.4301330416562614,-1.1189026852049626,-0.2688913505455693,-0.19410028147334082,Distribusi
0.9512511763694363,-0.1910455126502757,-0.41920129908943554,-0.5029311661242544,-0.2688913505455693,-0.19410028147334082,Distribusi
-0.4111765236529061,-0.21588862227101252,-0.3242570768663355,-0.6991751588074886,-0.2688913505455693,-0.19410028147334082,Distribusi
0.34645987056269706,-0.4524814996723891,-0.4201752372553841,-0.09642575270898392,-0.2688913505455693,-0.19410028147334082,Distribusi
-1.1128874991254551,-0.09259420620519361,-0.6520059513322852,-0.8338643587546771,-0.2688913505455693,-0.19410028147334082,Distribusi
-0.2524537951431014,0.10160777669881,-0.6657256373097102,-0.9813520799638157,-0.2688913505455693,-0.19410028147334082,Distribusi
0.021611660152575537,2.2885318529701606,-0.7700263294835431,-0.944480149661531,-0.2688913505455693,-0.19410028147334082,Distribusi
3.645160181920366,2.831656022305293,-0.4873413323155128,1.5259391805915412,-0.2688913505455693,-0.19410028147334082,Distribusi
-0.3470851079207665,0.02907249591201724,-0.2708588375191099,0.6445926523951836,-0.2688913505455693,-0.19410028147334082,Distribusi
-0.19087952022312568,0.10247064216107363,0.07289305533364733,0.5457901983812946,-0.2688913505455693,-0.19410028147334082,Distribusi
-2.9805182492293296,0.8594996344532803,0.13610315972046014,-1.2985222765446334,-0.2688913505455693,-0.19410028147334082,Akumulasi
0.8438065670960759,0.6106975715205236,0.2948318729627794,-0.7715758551372254,-0.2688913505455693,-0.19410028147334082,Akumulasi
-0.9001515925342297,0.0985379585428948,-0.12746386315174613,-1.2985222765446334,-0.2688913505455693,-0.19410028147334082,Akumulasi
-1.294219061296851,0.9206266063493168,-0.635711801951813,-1.7622468895800587,-0.2688913505455693,5.151976042535246,Akumulasi
1.0821811320039567,-0.8211460505059951,-0.9845688359024712,-1.1564937488996678,-0.2688913505455693,-0.19410028147334082,Akumulasi
0.6259935965215391,-0.34450016329105965,-0.8565952368460934,-0.7930418644914333,-0.2688913505455693,-0.19410028147334082,Akumulasi
-1.1224622693860422,-0.7053178889200513,-0.9829786039495964,-1.398795005171824,-0.2688913505455693,-0.19410028147334082,Akumulasi
-0.47552061390773026,-0.42380201032803333,-1.0631671164432202,-1.6410962614439806,-0.2688913505455693,-0.19410028147334082,Akumulasi
-0.20015400679091833,-0.42843153213564716,-0.9299765636912448,-1.731959232546039,-0.2688913505455693,-0.19410028147334082,Akumulasi
1.025603850832343,-0.45997139547195537,-0.8555464940186308,-1.1564937488996678,-0.2688913505455693,-0.19410028147334082,Akumulasi
0.5710497841243695,0.6173155747782819,-0.8728481740963105,-0.8233295215254529,-0.2688913505455693,-0.19410028147334082,Akumulasi
-1.559242113701194,-0.5342983994008175,-0.8642424318054321,-1.6713839184780002,-0.2688913505455693,-0.19410028147334082,Akumulasi
-0.6454742796394732,0.5818576618302522,-0.8712589541144671,-1.7364648344188687,-0.2688913505455693,5.151976042535246,Akumulasi
-1.4362196698496772,0.9130396541592833,-0.9882829476212511,-1.700852990186776,-0.2688913505455693,5.151976042535246,Markdown
-0.8341979394687217,0.2597467052346975,-1.3753811304818404,-1.6290541809364787,-0.2688913505455693,5.151976042535246,Markdown
0.4871677471443776,0.4716099891122045,-1.8048679945054813,-1.3389240552208552,-0.2688913505455693,-0.19410028147334082,Markdown
-0.6650361091197422,0.16157359522505216,-2.0801081786213387,-1.5558682032784836,-0.2688913505455693,-0.19410028147334082,Markdown
0.37213763311099324,-0.28716920035713467,-2.1013757547315213,-1.4178128363327203,-0.2688913505455693,-0.19410028147334082,Markdown
-2.107192580146286,2.097524992683585,-2.15287583919047,-1.53992259858566,-0.2688913505455693,5.151976042535246,Markdown
0.08521917909025369,0.09698636966441154,-2.0868268508746475,-1.475134070561663,-0.2688913505455693,-0.19410028147334082,Markdown
-0.8618583642483497,-0.5568828533081819,-2.28566319523079,-1.7503951976971814,-0.2688913505455693,-0.19410028147334082,Markdown
0.08637483788474314,-0.4106390021866937,-2.3545056951587138,-1.4611109891843472,-0.2688913505455693,-0.19410028147334082,Markdown
0.982526802514919,0.07754936477035965,-2.406977080419975,-1.0716883092044132,-0.2688913505455693,-0.19410028147334082,Markdown
-1.3890377568575778,0.37584435227607227,-2.354298826205701,-1.5593195874521277,-0.2688913505455693,-0.19410028147334082,Markdown
0.7472998620341446,0.18612381920176602,-2.19791198685108,-1.2837019084425498,-0.2688913505455693,-0.19410028147334082,Markdown
-1.6376471647161264,0.03813219307100647,-2.069801357297547,-1.770217325641643,-0.2688913505455693,5.151976042535246,Markdown
-0.8229739342067119,0.13252067805194306,-2.077760631269403,-1.7066556203404024,-0.2688913505455693,5.151976042535246,Markdown
3.71205017934013,0.341657595970514,-1.859651950489825,-0.39700199466684866,-0.2688913505455693,-0.19410028147334082,Markdown
-0.3254798620963854,-0.21742956583687484,-1.487390198712365,-0.5043506525089432,-0.2688913505455693,-0.19410028147334082,Markdown
-0.09199429589478593,-0.5994640014399018,-1.188712659320854,-0.5258203840773622,-0.2688913505455693,-0.19410028147334082,Markdown
-0.09204103863872984,-1.0894988392022966,-0.6464849643945504,-0.4631519784181935,-0.2688913505455693,-0.19410028147334082,Markdown
-0.4446220780598654,-0.6665236495350764,-0.09378316022450507,-0.6235947021659728,-0.2688913505455693,-0.19410028147334082,Markdown
-0.8605295331144206,-0.7072579675965597,-0.1607346116854129,-0.6915516453072625,-0.2688913505455693,-0.19410028147334082,Markdown
0.564231938790403,-0.7403211812360685,-0.17546290314353488,-0.3024950454264253,-0.2688913505455693,-0.19410028147334082,Markdown
2.041316146115511,0.06363901463918303,0.009476434731866277,0.8071088384367204,-0.2688913505455693,-0.19410028147334082,Markdown
-1.2440306662641547,0.09232100809389006,0.08958718385839057,0.14134650811883287,-0.2688913505455693,-0.19410028147334082,Markdown
1.3734392544306684,0.5018772879957846,0.35657759752214707,1.2426075056371433,-0.2688913505455693,-0.19410028147334082,Distribusi
-1.0111261344604618,-0.30669124294249,0.649373516376401,0.7423093651561726,-0.2688913505455693,-0.19410028147334082,Distribusi
1.0159034044350808,-0.758729322668829,0.8939316753717653,1.2463270424658826,-0.2688913505455693,-0.19410028147334082,Distribusi
-0.09080458003292263,-0.5623565581252129,0.8420740069426499,1.2109914425928594,-0.2688913505455693,-0.19410028147334082,Distribusi
-0.20588403145917245,-1.020845140811977,0.9176844389039193,0.9890838753902763,-0.2688913505455693,-0.19410028147334082,Distribusi
0.0819724681382049,-0.8408498903367965,0.8090860669343916,1.0569282271464802,-0.2688913505455693,-0.19410028147334082,Distribusi
0.25447899003905333,-0.7744557464285164,0.9100165243243411,1.2265391065369897,-0.2688913505455693,-0.19410028147334082,Distribusi
-0.0333321522446104,-1.0208482635901435,0.8117811528438684,1.2265391065369897,-0.2688913505455693,-0.19410028147334082,Distribusi
-0.3200234068151071,-0.7341119526405744,0.7187739880174473,1.0569282271464802,-0.2688913505455693,-0.19410028147334082,Distribusi
0.19691676158232385,-0.24099011662506847,0.6188874908813526,1.1926169306588879,-0.2688913505455693,-0.19410028147334082,Distribusi
0.6552627302284462,-0.12648949857940328,0.5498789075822588,1.5996830411961103,-0.2688913505455693,-0.19410028147334082,Distribusi
0.19407418239927307,1.3290121439360345,0.5921074369203345,1.5996830411961103,3.7189742175456435,-0.19410028147334082,Distribusi
-1.2802185778919908,-0.011143582921434362,0.4884434667734282,0.48582054967634714,-0.2688913505455693,-0.19410028147334082,Distribusi
-0.5522029439672711,-0.21368133594568453,0.3686533226386886,0.03014953041826192,-0.2688913505455693,-0.19410028147334082,Distribusi
0.3730961905231719,-0.23290741044008503,0.2570988206282631,0.3845603231745502,-0.2688913505455693,-0.19410028147334082,Distribusi
-0.2643028495004671,0.43411494340236323,0.007984869495852186,0.182039870170957,-0.2688913505455693,-0.19410028147334082,Distribusi
-0.4388019376002141,-0.38858917602677484,-0.34531482259271196,-0.2554359521375865,-0.2688913505455693,-0.19410028147334082,Distribusi
0.31613655490772546,0.2848289352558297,-0.4599399066980975,-0.18894077783108,-0.2688913505455693,-0.19410028147334082,Distribusi
-1.0188192421096842,8.444018214925388,-0.5341217967246921,-1.651192147121987,-0.2688913505455693,-0.19410028147334082,Akumulasi
0.7892476993858997,0.09275625709953932,-0.6221802879553574,-0.6617953506773487,-0.2688913505455693,-0.19410028147334082,Akumulasi
0.37341671760737866,0.11209642122460599,-0.5853514756196635,-0.16709695245502945,-0.2688913505455693,-0.19410028147334082,Akumulasi
1.0068511761029395,0.8231839417055885,-0.41472293766377105,0.9345423377039166,-0.2688913505455693,-0.19410028147334082,Distribusi
1.505222074719574,0.5764393165949656,-0.09093801268754659,1.5996830411961103,3.7189742175456435,-0.19410028147334082,Distribusi
-0.2566038262586055,-0.7334575930952373,0.3443532020879001,1.222769975883867,-0.2688913505455693,-0.19410028147334082,Distribusi
-0.5932079305471771,-0.736414193819517,0.5969928123046069,0.7516286442435632,-0.2688913505455693,-0.19410028147334082,Distribusi
-1.1616576105082819,-0.7123385676094403,0.6743874242473199,-0.19065401903704474,-0.2688913505455693,-0.19410028147334082,Distribusi
1.1125411358520945,-0.4978167493822268,0.7369407208775194,0.7516286442435632,-0.2688913505455693,-0.19410028147334082,Distribusi
0.9821607601926932,-0.5895326834077148,0.6887526353083836,1.5996830411961103,-0.2688913505455693,-0.19410028147334082,Distribusi
-1.7028106815033228,-0.6122087272182591,0.4806802880750786,0.1862590462751986,-0.2688913505455693,-0.19410028147334082,Distribusi
-0.7166055904945465,-0.8044970444065314,0.2893830243761856,-0.3791105516931662,-0.2688913505455693,-0.19410028147334082,Distribusi
0.6563369812151527,-0.3596086056192321,0.35863312058210023,0.1862590462751986,-0.2688913505455693,-0.19410028147334082,Distribusi
-1.0013028564320172,-0.9955855876066924,0.16959515487397014,-0.6146812175133183,-0.2688913505455693,-0.19410028147334082,Distribusi
-0.6680041778286366,-0.6442967928148522,-0.27873106065812003,-1.1329366823176528,-0.2688913505455693,-0.19410028147334082,Distribusi
-0.0915309298311984,0.19213518718690362,-0.5071015320550233,-1.180050815481683,-0.2688913505455693,-0.19410028147334082,Distribusi
-0.9070039201254583,-0.8063461790836715,-0.7156335197350433,-1.4615864892667427,-0.2688913505455693,5.151976042535246,Distribusi
1.0276548426698853,-0.7039309306722521,-0.9198440924870523,-0.7169533602352379,-0.2688913505455693,-0.19410028147334082,Distribusi
-1.311685743208013,-0.9382157427522102,-1.1349000371300348,-1.6270605179404105,-0.2688913505455693,-0.19410028147334082,Distribusi
-0.2698639417297384,-0.8595464302715996,-1.2730301083685813,-1.711767461190026,-0.2688913505455693,-0.19410028147334082,Distribusi
-0.27062571882953224,-0.25593529771999257,-1.4619922961252327,-1.7925345466140783,-0.2688913505455693,5.151976042535246,Distribusi
-1.6402389498735936,0.12936973014299133,-1.6679512793731832,-1.7925345466140783,-0.2688913505455693,5.151976042535246,Distribusi
-0.15501613643060544,-0.5587063344378059,-2.021429354917931,-1.7632912915467491,-0.2688913505455693,5.151976042535246,Distribusi
-0.277102714443514,-0.17811087092294775,-2.184716273507626,-1.6557515793636672,-0.2688913505455693,5.151976042535246,Distribusi
-0.0333321522446104,-0.2917590551205299,-2.262357299482701,-1.6557515793636672,-0.2688913505455693,-0.19410028147334082,Distribusi
0.8838419443273936,-0.047757628110001706,-2.2204628644266036,-1.245402677612435,-0.2688913505455693,-0.19410028147334082,Distribusi
0.0874541632055814,-0.7788131472379601,-1.9601730584955843,-1.1906894907122705,-0.2688913505455693,-0.19410028147334082,Distribusi
-0.6965696126953438,-0.9067528926350591,-1.7918020421761764,-1.4916120186631743,-0.2688913505455693,-0.19410028147334082,Distribusi
0.08835183194138464,-0.8369779669639975,-1.5352118261751686,-1.43689883176301,-0.2688913505455693,-0.19410028147334082,Distribusi
-0.6407489076000775,-0.4680948320091489,-1.3033117903974567,-1.5946551873251504,-0.2688913505455693,-0.19410028147334082,Distribusi
0.027914441624558382,-0.6318153485313052,-1.2523918894702253,-1.5412591697392495,-0.2688913505455693,-0.19410028147334082,Distribusi
1.802539585910329,0.13075870434432071,-1.0506580246103652,-0.47718486970808677,-0.2688913505455693,-0.19410028147334082,Distribusi
-1.526031755660695,0.1661934994842199,-0.8896739444949772,-1.3079320340697655,-0.2688913505455693,-0.19410028147334082,Distribusi
-0.7037011982915871,-0.054257174484367024,-0.8514298513152768,-1.7097975322772443,-0.2688913505455693,-0.19410028147334082,Distribusi
1.50422319885342,-0.3243607675624429,-0.5892364914987703,-0.6755848530668209,-0.2688913505455693,-0.19410028147334082,Distribusi
-0.0935771664920476,-0.28464220995458034,-0.3432835163467959,-0.7169533602352379,-0.2688913505455693,-0.19410028147334082,Distribusi
-1.2995127585596522,-0.29442596886055056,-0.5220938767176831,-1.5856920107719936,-0.2688913505455693,-0.19410028147334082,Distribusi
0.028016434287129688,-0.0120666252864668,-0.4411863743538378,-1.509849747629896,-0.2688913505455693,-0.19410028147334082,Distribusi
1.7442967332079,0.1679153477060402,-0.12430275412370542,0.006368719648900498,-0.2688913505455693,-0.19410028147334082,Distribusi
-1.469816033796869,0.7534624791646078,-0.18690215157935872,-1.1262060918656485,-0.2688913505455693,-0.19410028147334082,Akumulasi
-0.3995938875782504,-0.26018772862886697,-0.28862967656608257,-1.3886991194938176,-0.2688913505455693,-0.19410028147334082,Akumulasi
-0.0333321522446104,-0.04330530682623092,-0.2670440872028669,-1.3886991194938176,-0.2688913505455693,-0.19410028147334082,Akumulasi
-0.3400750849033027,0.6331096589218078,-0.2909245111015817,-1.6383428380772513,-0.2688913505455693,-0.19410028147334082,Akumulasi
0.7059285744237963,0.9387488560831692,-0.49658990613659587,-0.7131925868562909,-0.2688913505455693,-0.19410028147334082,Akumulasi
-0.8872354088213082,1.495511031469717,-0.5855549972525022,-1.6450468254049397,-0.2688913505455693,-0.19410028147334082,Akumulasi
-0.15674865546842925,1.7855903284158685,-0.603405398733987,-1.1378960647559717,-0.2688913505455693,-0.19410028147334082,Akumulasi
2.253704038787986,1.299822196836218,-0.37564058205766093,1.0640697378576593,-0.2688913505455693,-0.19410028147334082,Distribusi
-0.3330866372918722,-0.6935794093762605,-0.16100936189590356,0.7665067915585202,-0.2688913505455693,-0.19410028147334082,Distribusi
2.133716448479438,0.699957233879975,0.18718260341368806,1.5159245822378342,3.7189742175456435,-0.19410028147334082,Distribusi
-1.6706577616805662,-0.053360747344775375,0.45245618267772997,0.10859838721360993,-0.2688913505455693,-0.19410028147334082,Distribusi
0.4451071492139517,-0.45584922891648805,0.7880203380453049,0.4068153180101101,-0.2688913505455693,-0.19410028147334082,Distribusi
1.1550493384750324,-0.24606012693309146,0.998155456385817,1.1523576450013604,-0.2688913505455693,-0.19410028147334082,Distribusi
-0.0333321522446104,1.1942152532025632,1.1956973027637228,1.1523576450013604,-0.2688913505455693,-0.19410028147334082,Distribusi
1.2531379694550628,0.3379432437167192,1.1996392464382855,1.439672777620158,3.7189742175456435,-0.19410028147334082,Distribusi
0.08161270333201405,-0.13401455709699633,1.510455703001622,1.503676883050539,-0.2688913505455693,-0.19410028147334082,Distribusi
2.0324524951745757,2.4023316295148147,1.976424142054595,0.9648820890912798,3.7189742175456435,-0.19410028147334082,Markup
-0.0333321522446104,0.3682556790080903,2.222527878689818,0.9648820890912798,-0.2688913505455693,-0.19410028147334082,Markup
-0.0333321522446104,0.6950458560827802,2.468489506317735,0.9648820890912798,-0.2688913505455693,-0.19410028147334082,Markup
-0.14496798925160384,-0.4201622551946772,2.5791138454844083,0.9252070295847279,-0.2688913505455693,-0.19410028147334082,Markup
0.07847308663948342,-0.5900422303772964,2.6316387450708807,0.9648820890912798,-0.2688913505455693,-0.19410028147334082,Markup
-0.0333321522446104,-0.16625517550414878,2.370752160250566,0.9648820890912798,-0.2688913505455693,-0.19410028147334082,Markup
-0.4798755002726006,-0.32053353417112773,2.0632932306184784,0.8061818510650721,-0.2688913505455693,-0.19410028147334082,Markup
-0.5949148688956579,-0.3760724916278505,1.6866584434042213,0.6078065535323126,-0.2688913505455693,-0.19410028147334082,Markup
0.5891533905133024,-0.3046575681299679,1.4221522085647418,0.8260193808183479,-0.2688913505455693,-0.19410028147334082,Markup
-0.20167865435721874,0.539885499379211,1.0958205147732818,0.7665067915585202,-0.2688913505455693,-0.19410028147334082,Markup
0.1353998762087207,-0.4206871341053833,0.7865070035711903,0.7461573255535469,-0.2688913505455693,-0.19410028147334082,Markup
-0.31390965576562707,-0.685375335063542,0.5907540515078532,0.5335575135986226,-0.2688913505455693,-0.19410028147334082,Markup
0.6426279617427059,-1.0725560206656684,0.5394540944769657,0.7710497373035453,-0.2688913505455693,-0.19410028147334082,Markup
-0.31242174476210227,-1.0205765558704192,0.4431188586276801,0.6415757835703318,-0.2688913505455693,-0.19410028147334082,Markup
-0.08936230617968481,-0.6136939403739979,0.308442075521262,0.6156809928236892,-0.2688913505455693,-0.19410028147334082,Markup
-1.4912248181807375,-0.08199232370678716,0.010342850451402184,-0.08327762252367309,-0.2688913505455693,-0.19410028147334082,Markup
1.4539900240287251,0.5821362054033671,-0.05012238481489878,0.5926184448149606,-0.2688913505455693,-0.19410028147334082,Distribusi
-0.5940601006815849,-0.9022604396566204,-0.26639607891388967,-0.18961854358289024,-0.2688913505455693,-0.19410028147334082,Distribusi
0.3621874543292605,-1.146258185366752,-0.3562128978393862,0.07132127086404755,-0.2688913505455693,-0.19410028147334082,Distribusi
-0.145734367995362,-0.5968597274137843,-0.4458760225971521,-0.48410776274443396,-0.2688913505455693,-0.19410028147334082,Distribusi
-0.5962019186664419,-0.6670689180519513,-0.3162132656908271,-0.3138755980814319,-0.2688913505455693,-0.19410028147334082,Distribusi
0.023388134456400634,-0.23321775943692719,-0.3883365844248489,-0.22689565993245261,-0.2688913505455693,-0.19410028147334082,Distribusi
0.19337447060036045,1.417518329633566,-0.3564619572040894,0.12102409266346405,-0.2688913505455693,-0.19410028147334082,Distribusi
0.7012042599640118,0.16785444942485805,-0.30643849803277656,1.2517632886001937,-0.2688913505455693,-0.19410028147334082,Distribusi
-1.0962884134957436,-0.27650783646492244,-0.35063254767306923,-0.40085553623041115,-0.2688913505455693,-0.19410028147334082,Distribusi
0.704599651699946,0.0652884956473876,-0.23649434100514546,0.7298836597063185,-0.2688913505455693,-0.19410028147334082,Distribusi
0.2476733871322768,-0.1348042953668592,-0.11628256945836639,1.1647833504512144,-0.2688913505455693,-0.19410028147334082,Distribusi
0.022655425585647915,-0.13312611930442578,-0.04222303728287799,1.2517632886001937,-0.2688913505455693,-0.19410028147334082,Distribusi
-0.08927721862625158,-0.266436946637635,-0.05624921974675476,1.1647833504512144,-0.2688913505455693,-0.19410028147334082,Distribusi
-0.7051830862076938,0.533195770279338,0.0038447087840335283,0.12102409266346405,-0.2688913505455693,-0.19410028147334082,Distribusi
0.6447014590248757,0.3379953738970476,0.03786365678013151,1.1647833504512144,-0.2688913505455693,-0.19410028147334082,Distribusi
4.669624385496957,2.446910533917199,0.5240157693921481,1.5996830411961103,3.7189742175456435,-0.19410028147334082,Markup
-2.559491663945794,0.8523564783932747,0.738407741802697,0.21979792073094884,-0.2688913505455693,-0.19410028147334082,Markup
2.1465392212647902,0.03498874697798703,1.1868372395757132,1.36970218778525,-0.2688913505455693,-0.19410028147334082,Markup
-0.19212450660801444,-0.4696747073517995,1.7080803339659334,1.2834593677561776,-0.2688913505455693,-0.19410028147334082,Markup
2.4597878362053844,2.2967424185202954,2.351857078115592,1.5996830411961103,3.7189742175456435,-0.19410028147334082,Markup
-0.23856795287028393,0.6979135057383715,2.3604149464158266,1.504127616187373,-0.2688913505455693,-0.19410028147334082,Markup
1.3044269001576656,0.32017642029445365,2.8726036624024402,1.5588129497767105,3.7189742175456435,-0.19410028147334082,Markup
-0.3870753394684246,-0.7903902634631584,3.043189106488375,1.4157676298088109,-0.2688913505455693,-0.19410028147334082,Markup
0.6267887860875898,0.1655432254666571,3.3046866200546936,1.5996830411961103,3.7189742175456435,-0.19410028147334082,Markup
2.030100736696188,2.415655493867874,3.4126990422442804,0.21802138323971318,3.7189742175456435,-0.19410028147334082,Markup
2.1697139335413134,0.8312695103135395,3.8016414456338605,0.646812932260664,-0.2688913505455693,-0.19410028147334082,Markup
-0.9840373448203278,0.8649803360164512,3.8862383358269885,0.45623891047357473,-0.2688913505455693,-0.19410028147334082,Markup
-1.2372480415357565,0.3208025846165998,3.911502998387598,0.21802138323971318,-0.2688913505455693,-0.19410028147334082,Markup
-0.2781150506652695,0.5626344321009775,3.774794888434556,0.1458755035631723,-0.2688913505455693,-0.19410028147334082,Markup
-1.0157275179061807,0.013050921600940808,3.2551620387503553,-0.04796550145455282,-0.2688913505455693,-0.19410028147334082,Markup
1.2112565711442054,-0.1826834051257257,2.5563810222044108,0.19433575481760376,-0.2688913505455693,-0.19410028147334082,Markup
-0.0333321522446104,-0.8182889001894734,2.0143234299189925,0.19433575481760376,-0.2688913505455693,-0.19410028147334082,Markup
-0.0333321522446104,-0.6562195251642148,1.6583193469454067,0.19433575481760376,-0.2688913505455693,-0.19410028147334082,Markup
-0.7676808475065795,-0.8714700268511025,1.2405782507337588,0.03554813039025979,-0.2688913505455693,-0.19410028147334082,Markup
-0.7750736196065386,-0.5530364620102558,0.9130503066422633,-0.19378547199658747,-0.2688913505455693,-0.19410028147334082,Markup
0.9657139823264805,-0.7587757364361257,0.6690670762350539,-0.10743944617590002,-0.2688913505455693,-0.19410028147334082,Markup
-0.772592878913017,-1.1397769899225878,0.2610184115622206,-0.30984341551823413,-0.2688913505455693,-0.19410028147334082,Markup
-1.0290031309556613,-0.16809788962631125,-0.17889233959263343,-0.7187390511921481,-0.2688913505455693,-0.19410028147334082,Markup
0.47132300134866495,-0.7161621878604327,-0.46301367359554213,-0.7854699502329284,-0.2688913505455693,-0.19410028147334082,Markup
0.21727891042415012,-0.6566058905830021,-0.531357874301276,-0.9372318214824494,-0.2688913505455693,-0.19410028147334082,Markup
0.715952448683712,-0.9833743541789854,-0.6678556785159768,-0.9247579543835648,-0.2688913505455693,-0.19410028147334082,Markup
1.2029036266919342,-0.1021561936706795,-0.5211173210377464,-0.6451668330900437,-0.2688913505455693,-0.19410028147334082,Markup
0.9393365266282288,0.17394567313181028,-0.1418353778328672,-0.3411379667549926,-0.2688913505455693,-0.19410028147334082,Markup
-0.27333102007724214,-0.89402933216401,0.16217021897003175,-0.4356475114900027,-0.2688913505455693,-0.19410028147334082,Markup
0.20745102561361722,-0.6150925095008425,0.528420660089462,0.4254538761848913,-0.2688913505455693,-0.19410028147334082,Markup
-1.4733253592404008,-0.6216124408928612,0.7129996959705356,-0.2999588079775952,-0.2688913505455693,-0.19410028147334082,Markup
-0.2781150506652695,-0.18979926975423708,0.6613688482048857,-0.09642575270898392,-0.2688913505455693,-0.19410028147334082,Markup
-0.2789309936600009,0.621681103242259,0.3990654785658658,-0.2660366320994933,-0.2688913505455693,-0.19410028147334082,Markup
0.9523488166465985,-0.22329320525825944,0.2675675856028442,0.41240688546254445,-0.2688913505455693,-0.19410028147334082,Markup
-1.7355023402720828,0.2675079571082301,-0.11734975601765275,-0.7748692702710217,-0.2688913505455693,-0.19410028147334082,Markup
0.2155855924331462,0.01838416162212659,-0.2223739629710075,-0.6052583908805123,-0.2688913505455693,-0.19410028147334082,Markup
0.4628271233420399,-0.041810419452969975,-0.23991114143841236,-0.2660366320994933,-0.2688913505455693,-0.19410028147334082,Markup
-0.0333321522446104,-0.6480548231922237,-0.2224207756189697,-0.2660366320994933,-0.2688913505455693,-0.19410028147334082,Markup
-0.0333321522446104,-0.8648486264545467,-0.3713010696545675,-0.2660366320994933,-0.2688913505455693,-0.19410028147334082,Markup
-0.5261726366902149,-0.6886587961955021,-0.3537170702359517,-0.6052583908805123,-0.2688913505455693,-0.19410028147334082,Markup
-1.5218099790045696,1.3276451038006396,-0.49426078884013175,-1.6229236672235687,-0.2688913505455693,-0.19410028147334082,Akumulasi
1.2326412571130811,0.5208417432041429,-0.5994664956772443,-0.46514505573183046,-0.2688913505455693,-0.19410028147334082,Akumulasi
-1.277920875633426,1.9212028571386877,-0.8713681635650643,-1.2025836617775236,-0.2688913505455693,-0.19410028147334082,Akumulasi
0.21986252962692793,0.11039781771999878,-1.0996689301422506,-1.055095940568385,-0.2688913505455693,-0.19410028147334082,Akumulasi
1.9852884621284912,-0.14795495526582955,-1.0375275093992724,0.12480582910472389,-0.2688913505455693,-0.19410028147334082,Akumulasi
-1.2613263593215793,-0.26207205105300246,-0.8713681635650643,-0.6126327769409692,-0.2688913505455693,-0.19410028147334082,Akumulasi
-0.28309368588737904,-0.3944319822572447,-0.8636704738123284,-0.7601204981501077,-0.2688913505455693,-0.19410028147334082,Akumulasi
-0.0333321522446104,-0.49316504222229257,-0.6451981234477755,-0.7601204981501077,-0.2688913505455693,-0.19410028147334082,Akumulasi
0.7185010357616876,0.10037070969930613,-0.39032880167550493,-0.3176573345226919,-0.2688913505455693,-0.19410028147334082,Akumulasi
-0.7775710656245859,-0.4233068324888347,-0.4880200728295716,-0.7601204981501077,-0.2688913505455693,-0.19410028147334082,Akumulasi
0.21727891042415012,0.4681271677393483,-0.4353044193878902,-0.28488228536510557,-0.2688913505455693,-0.19410028147334082,Akumulasi
-0.7826167531729245,-0.3232996157645057,-0.43568680070919885,-0.7324665504233943,-0.2688913505455693,-0.19410028147334082,Akumulasi
-0.0333321522446104,-0.5417251615060893,-0.4448872328663473,-0.7324665504233943,-0.2688913505455693,-0.19410028147334082,Akumulasi
-0.0333321522446104,-0.45950067496927904,-0.5253661698009521,-0.7324665504233943,-0.2688913505455693,-0.19410028147334082,Akumulasi
-0.2856597290412481,0.6596119699826288,-0.5879058210917857,-0.944480149661531,-0.2688913505455693,-0.19410028147334082,Akumulasi
2.2454199845992346,0.8994284905887916,-0.43664729074001135,0.9636422434817,-0.2688913505455693,-0.19410028147334082,Distribusi
-1.2613263593215793,0.05112379367004208,-0.29459120615572043,-0.09642575270898392,-0.2688913505455693,-0.19410028147334082,Distribusi
-0.0333321522446104,-0.5325827079268043,-0.1523422416195161,-0.09642575270898392,-0.2688913505455693,-0.19410028147334082,Distribusi
-0.5328552195301559,-1.0211733286870273,-0.06328559290801201,-0.33872700898114033,-0.2688913505455693,-0.19410028147334082,Distribusi
-0.2847985427723203,-0.9191822294855198,0.017009250507713094,-0.5810282652532965,-0.2688913505455693,-0.19410028147334082,Distribusi
-0.0333321522446104,-1.033813606877985,-0.27710633683241614,-0.5810282652532965,-0.2688913505455693,-0.19410028147334082,Distribusi
0.47132300134866495,-1.2788338576197764,-0.2949782781680639,-0.7748692702710217,-0.2688913505455693,-0.19410028147334082,Distribusi
-0.0333321522446104,-0.6457426147249528,-0.35727698561519855,-0.7748692702710217,-0.2688913505455693,-0.19410028147334082,Distribusi
-0.5345542775821478,-0.5213151919346186,-0.3929178106579259,-1.4533127878330594,-0.2688913505455693,-0.19410028147334082,Distribusi
-0.0333321522446104,-0.24473672112097403,-0.3218666884621093,-1.4533127878330594,-0.2688913505455693,-0.19410028147334082,Distribusi
0.21899542455201912,-0.08949795897891052,-0.268372152161094,-1.0387084159895918,-0.2688913505455693,-0.19410028147334082,Distribusi
0.721067019338503,0.4191245010264208,-0.21479861677205042,0.09203077994713776,-0.2688913505455693,-0.19410028147334082,Distribusi
0.4645033371109191,0.5461306374046031,-0.10776089833699244,0.5820177648530537,-0.2688913505455693,-0.19410028147334082,Distribusi
0.21391500354270176,0.16846915159354522,0.12396808764069996,0.9212395236340728,-0.2688913505455693,-0.19410028147334082,Distribusi
1.6916095433150051,2.3984069321453534,0.514789229171142,1.200598619100794,3.7189742175456435,-0.19410028147334082,Markup
-0.5148985079610656,-0.4702124327934332,0.8246251893318637,0.8015141970054775,-0.2688913505455693,-0.19410028147334082,Markup
0.9361369586056202,1.4008216208596938,1.105424160422722,1.5996830411961103,-0.2688913505455693,-0.19410028147334082,Markup
-0.0333321522446104,-0.03384092914362936,1.3140398631402002,1.5996830411961103,-0.2688913505455693,-0.19410028147334082,Markup
-0.0333321522446104,-0.4003619728885755,1.4862941076705651,1.2426075056371433,-0.2688913505455693,-0.19410028147334082,Markup
1.4019857521310597,0.11274443191289754,1.5589678151627213,1.5996830411961103,3.7189742175456435,-0.19410028147334082,Markup
-0.9719264506473861,0.12267958922328737,1.6787654597347519,0.7516286442435632,-0.2688913505455693,-0.19410028147334082,Markup
-0.7463610466763944,0.3652654071589872,1.5352002908737485,0.32760144576728967,-0.2688913505455693,-0.19410028147334082,Markup
-0.0333321522446104,0.005547887490283967,1.3922087134981234,0.32760144576728967,-0.2688913505455693,-0.19410028147334082,Markup
0.9266633190859166,-0.04971220869144912,1.3353930491360213,0.8929710437356543,-0.2688913505455693,-0.19410028147334082,Markup
1.6250523074734775,0.014420431416445521,1.2423723001894742,1.5996830411961103,3.7189742175456435,-0.19410028147334082,Markup
-1.423514273463816,-0.6820527441984007,1.1341662036624975,0.8168635978552977,-0.2688913505455693,-0.19410028147334082,Markup
-0.2694848843747952,1.0804315408617229,1.1219636105282358,0.6863936906318286,-0.2688913505455693,-0.19410028147334082,Markup
-0.7440683492666492,-0.4123759780150073,1.0331357317596381,0.2949839689614226,-0.2688913505455693,-0.19410028147334082,Markup
0.9235464506724975,0.05388466078851919,0.8922651903723393,0.8168635978552977,-0.2688913505455693,-0.19410028147334082,Markup
-0.2694848843747952,-0.010028989461948638,0.48784759022698254,0.6863936906318286,-0.2688913505455693,-0.19410028147334082,Markup
-1.454804546288688,-0.09278206600698356,0.14583036038043445,-0.16427010446518775,-0.2688913505455693,-0.19410028147334082,Markup
1.657676264058091,-0.15985833677814004,0.04309155622885479,0.7147567139412784,-0.2688913505455693,-0.19410028147334082,Markup
-0.7417903486351647,-0.9242446738658907,-0.01663028451507258,0.1458755035631723,-0.2688913505455693,-0.19410028147334082,Markup
-0.0333321522446104,-0.7910161938235362,-0.2031520090814786,-0.09642575270898392,-0.2688913505455693,-0.19410028147334082,Markup
0.6820042790623594,-0.20299636217285996,-0.22002299492047322,0.32760144576728967,-0.2688913505455693,-0.19410028147334082,Markup
-0.7417903486351647,-0.07758337416233722,-0.1269824238006524,-0.3084393519471207,-0.2688913505455693,-0.19410028147334082,Markup
2.112677141676299,1.2898994863776119,-0.008867980093666444,1.5996830411961103,-0.2688913505455693,-0.19410028147334082,Distribusi
-1.8869083138702178,0.7721794150541892,0.007959726061191268,-0.09642575270898392,-0.2688913505455693,-0.19410028147334082,Distribusi
0.6796967421871818,0.13444857693340856,0.10056259963936767,0.5396150450054265,-0.2688913505455693,-0.19410028147334082,Distribusi
-1.2103234050340328,-0.2530821718061925,0.016423835108079862,-0.5204529511852575,-0.2688913505455693,-0.19410028147334082,Distribusi
1.6412054028603407,-0.30196363466038306,0.17648693544853297,0.9636422434817,-0.2688913505455693,-0.19410028147334082,Distribusi
0.9022824817187883,0.29401279007985326,0.10853126076920291,1.5996830411961103,3.7189742175456435,-0.19410028147334082,Distribusi
-0.7262442440121806,-0.4906686321897794,0.23420187474040696,0.8727792723796414,-0.2688913505455693,-0.19410028147334082,Distribusi
0.19983130479532096,-0.2568430085251973,0.31778101785663915,1.1150805286517975,-0.2688913505455693,-0.19410028147334082,Distribusi
0.19909577338509768,-0.6072098793917494,0.6535833460538929,1.3573817849239542,-0.2688913505455693,-0.19410028147334082,Distribusi
-0.49672619265101225,0.37016889939801345,0.6530673885713875,0.8727792723796414,-0.2688913505455693,-0.19410028147334082,Distribusi
1.3656485899949777,0.9220587056177199,0.660026844954115,1.2426075056371433,3.7189742175456435,-0.19410028147334082,Markup
-0.4909697449441014,1.4642797043391689,0.6919079715188545,0.6304780161074851,-0.2688913505455693,-0.19410028147334082,Markup
0.4271656754092581,1.596802467136621,0.7740198855746625,0.8287244985119765,-0.2688913505455693,-0.19410028147334082,Markup
-0.0333321522446104,1.4633622187960968,0.8140554440232988,0.8287244985119765,-0.2688913505455693,-0.19410028147334082,Markup
-0.7197885412938427,0.5258918087495071,0.7952848993892707,0.12480582910472389,-0.2688913505455693,-0.19410028147334082,Markup
-0.7262442440121806,1.1741782276041721,0.5620812029314907,-0.3176573345226919,-0.2688913505455693,-0.19410028147334082,Markup
-1.898639808564053,0.9605718052079621,0.17169183570368268,-1.497559104195801,-0.2688913505455693,-0.19410028147334082,Akumulasi
-0.5117714537031643,0.591855926545624,-0.3352176547966504,-1.7925345466140783,-0.2688913505455693,-0.19410028147334082,Akumulasi
1.8929332706212105,0.7603802679102307,-0.6176957026482277,-0.6126327769409692,-0.2688913505455693,-0.19410028147334082,Akumulasi
0.6706135715574796,-0.18015910232729535,-0.7498959982811015,-0.17016961331355318,-0.2688913505455693,-0.19410028147334082,Akumulasi
0.19909577338509768,-0.646658017935848,-0.6835011364298144,-0.022681892104414646,-0.2688913505455693,-0.19410028147334082,Akumulasi
1.1251529487714025,-0.28511678078598823,-0.29314152086379675,0.7147567139412784,-0.2688913505455693,-0.19410028147334082,Akumulasi
0.6509989848261521,0.3309328275644491,0.2609244205658459,1.1572198775686944,-0.2688913505455693,-0.19410028147334082,Akumulasi
0.4186902552683803,0.955296952269351,0.5562418412344374,1.1926169306588879,-0.2688913505455693,-0.19410028147334082,Akumulasi
-1.8303968455279758,0.5340769090289312,0.6133155468425526,0.03404415451448479,-0.2688913505455693,-0.19410028147334082,Akumulasi
-0.9543278075523309,0.6606378611864561,0.5724926769819979,-0.48783547437939023,-0.2688913505455693,-0.19410028147334082,Akumulasi
-0.0333321522446104,-0.39412281732661114,0.34186338469969796,-0.48783547437939023,-0.2688913505455693,-0.19410028147334082,Akumulasi
0.19983130479532096,-0.8360747627255731,0.04534000890816955,-0.3573655671559215,-0.2688913505455693,-0.19410028147334082,Akumulasi
-0.26576007787431843,-0.477841914156491,-0.33360793723331816,-0.48783547437939023,-0.2688913505455693,-0.19410028147334082,Akumulasi
0.19983130479532096,-0.26787304410745777,-0.4406741636854749,-0.3573655671559215,-0.2688913505455693,-0.19410028147334082,Akumulasi
0.19909577338509768,-0.4294437779154036,-0.3419366902634224,-0.22689565993245261,-0.2688913505455693,-0.19410028147334082,Akumulasi
-0.49672619265101225,-0.42238834061759617,-0.3090623242631408,-0.48783547437939023,-0.2688913505455693,-0.19410028147334082,Akumulasi
-0.4996590663244731,-0.7595531609239378,-0.3422951483355394,-0.7487752888263278,-0.2688913505455693,-0.19410028147334082,Akumulasi
0.20131642235609173,-0.5525232894587091,-0.31770105370655494,-0.6183053816028591,-0.2688913505455693,-0.19410028147334082,Akumulasi
0.9022824817187883,0.19687772446226376,-0.2515575288717394,-0.09642575270898392,-0.2688913505455693,-0.19410028147334082,Akumulasi
-0.4952735467563239,0.09291931669134963,-0.29287506583289763,-0.3573655671559215,-0.2688913505455693,-0.19410028147334082,Akumulasi
-0.26576007787431843,-0.7641582631126678,-0.35874775206049625,-0.48783547437939023,-0.2688913505455693,-0.19410028147334082,Akumulasi
-0.0333321522446104,-0.8981602855813788,-0.374909637853667,-0.48783547437939023,-0.2688913505455693,-0.19410028147334082,Akumulasi
-1.4323128944841903,0.5390057991253276,-0.5070245339182456,-1.6450468254049397,-0.2688913505455693,-0.19410028147334082,Akumulasi
-0.0333321522446104,-0.4711408341897431,-0.7468837550213079,-1.509849747629896,-0.2688913505455693,-0.19410028147334082,Akumulasi
0.9173730403311071,-0.4540388128997082,-0.8133604437833409,-0.944480149661531,-0.2688913505455693,-0.19410028147334082,Akumulasi
-1.20657502524808,-0.5855241483222183,-0.9307564410775861,-1.651192147121987,-0.2688913505455693,-0.19410028147334082,Akumulasi
0.6820042790623594,-0.33423893592862003,-0.9490805838349635,-1.2271649486457135,-0.2688913505455693,-0.19410028147334082,Akumulasi
-0.0333321522446104,-0.5997269265192404,-0.7514135951234168,-1.2271649486457135,-0.2688913505455693,-0.19410028147334082,Akumulasi
-0.9779430807653494,0.23814956111651223,-0.7192116044293457,-1.7925345466140783,-0.2688913505455693,-0.19410028147334082,Akumulasi
-0.0333321522446104,-0.2494798232251589,-0.8534846696853872,-1.2271649486457135,-0.2688913505455693,-0.19410028147334082,Akumulasi
-0.7509911044324453,0.4459481765122477,-0.8965228390691296,-1.7925345466140783,-0.2688913505455693,-0.19410028147334082,Akumulasi
0.20824047865577322,0.936545689677625,-1.0067225276569585,-1.6040780139579565,-0.2688913505455693,-0.19410028147334082,Akumulasi
2.6152828041959095,0.9664455684138218,-0.8474621816773654,0.4689438452593807,-0.2688913505455693,-0.19410028147334082,Akumulasi
-0.49818800350402653,0.0250427802836687,-0.5963558906325158,0.09203077994713776,-0.2688913505455693,-0.19410028147334082,Akumulasi
1.136186140209638,0.1351433242350573,-0.21096681487740704,1.0343134432277457,-0.2688913505455693,-0.19410028147334082,Akumulasi
1.1179124168900445,0.8779614510453495,0.38288423885620887,1.5996830411961103,3.7189742175456435,-0.19410028147334082,Markup
0.6467877162903185,0.014854875491081354,0.9991678815195478,1.5996830411961103,3.7189742175456435,-0.19410028147334082,Markup
-0.7072314122258724,0.851873150535251,1.1806200834050562,0.9212395236340728,-0.2688913505455693,-0.19410028147334082,Markup
-4.794171231989154,5.951822662264324,0.9416286663840623,-1.7925345466140783,-0.2688913505455693,5.151976042535246,Markup
-0.7604339853822832,2.403820840729769,0.4420884856833082,-0.8596747099662763,-0.2688913505455693,5.151976042535246,Markup
1.190582339858677,0.5192857878009769,-0.11041395540003816,-0.4356475114900027,-0.2688913505455693,-0.19410028147334082,Markup
-3.645079820118041,1.532811395787867,-1.1458230840428658,-1.7077291069188234,-0.2688913505455693,-0.19410028147334082,Markup
0.4730572114984662,1.0384509827377837,-2.085647483338699,-1.538118227528314,-0.2688913505455693,-0.19410028147334082,Markup
0.721067019338503,0.2389948271356622,-2.242322811046966,-1.2837019084425498,-0.2688913505455693,-0.19410028147334082,Markup
1.7090920604997348,0.09886946654392356,-2.0849867277777983,-0.6900638305757669,-0.2688913505455693,-0.19410028147334082,Markup
-1.2491680008356634,-0.11066000516562569,-2.266754539443303,-1.1140910290520405,-0.2688913505455693,-0.19410028147334082,Markup
-0.5278264638192266,-0.7952518369315279,-1.9657566237746156,-1.2837019084425498,-0.2688913505455693,-0.19410028147334082,Markup
-0.2822498969223752,-0.9850571769300188,-1.757346112163354,-1.3685073481378047,-0.2688913505455693,-0.19410028147334082,Markup
-0.28309368588737904,-0.5322989125812296,-1.7096735025646055,-1.4533127878330594,-0.2688913505455693,-0.19410028147334082,Markup
0.21727891042415012,-0.9287999558561936,-1.8759096274774996,-1.3685073481378047,-0.2688913505455693,-0.19410028147334082,Markup
1.9647601168975715,-0.8305883391116625,-1.6877628068714952,-0.6900638305757669,-0.2688913505455693,-0.19410028147334082,Markup
-0.0333321522446104,-0.562068552307122,-1.4224755140287357,-0.6900638305757669,-0.2688913505455693,-0.19410028147334082,Markup
1.6688380357828623,1.5077383250839573,-0.8482803202884058,-0.09642575270898392,-0.2688913505455693,-0.19410028147334082,Markup
-1.6970662392521119,-0.14517566560649928,-0.43643134216845897,-0.6900638305757669,-0.2688913505455693,-0.19410028147334082,Markup
0.20983501747359531,-0.9366043345143944,0.011655144384145175,-0.6052583908805123,-0.2688913505455693,-0.19410028147334082,Markup
-1.4875358185199643,-0.9157489698104423,0.07307742910846504,-1.1140910290520405,-0.2688913505455693,-0.19410028147334082,Markup
-0.7750736196065386,-0.3678932360540606,0.08303212602607934,-1.3685073481378047,-0.2688913505455693,-0.19410028147334082,Markup
2.2145216505403402,-0.5945527677047859,0.05761267199166406,0.03404415451448479,-0.2688913505455693,-0.19410028147334082,Markup
-1.002801263094849,-0.4501283408640402,-0.0122787989165333,-0.09642575270898392,-0.2688913505455693,-0.19410028147334082,Markup
-1.50692520073697,-0.3111113014955916,-0.3013338213448216,-1.1140910290520405,-0.2688913505455693,-0.19410028147334082,Markup
-0.0333321522446104,-0.6445558136243436,-0.33676067218802297,-1.1140910290520405,-0.2688913505455693,-0.19410028147334082,Markup
0.46788997309292696,-0.6351286261922334,-0.3453808012939401,-0.7748692702710217,-0.2688913505455693,-0.19410028147334082,Markup
-0.7800853862778965,0.19244291143770015,-0.731457920642788,-1.2837019084425498,-0.2688913505455693,-0.19410028147334082,Markup
2.481331753032456,0.2533766811334827,-0.6869590865162005,0.41240688546254445,-0.2688913505455693,-0.19410028147334082,Markup
-0.7628336613992438,0.04542717981998251,-0.4504749409627922,-0.09642575270898392,-0.2688913505455693,-0.19410028147334082,Markup
1.1946620548323506,-0.4038153065444609,-0.12606718225530994,0.7516286442435632,-0.2688913505455693,-0.19410028147334082,Markup
0.20824047865577322,-1.1198552498934236,0.1362013002057572,0.9212395236340728,-0.2688913505455693,-0.19410028147334082,Markup
-1.4780312193939842,-0.9636165738863841,0.33689936374200286,-0.09642575270898392,-0.2688913505455693,-0.19410028147334082,Markup
0.21226668917078834,-0.8132378537311679,0.20543509826649084,0.07318512668152567,-0.2688913505455693,-0.19410028147334082,Markup
-0.5228979490859287,-0.8476894135374217,0.135433258836733,-0.2660366320994933,-0.2688913505455693,-0.19410028147334082,Markup
-1.2654333633586214,-0.5173770716081204,-0.16980933373267548,-1.1140910290520405,-0.2688913505455693,-0.19410028147334082,Markup
-0.5345542775821478,0.6701054076855291,-0.5635725773372245,-1.4533127878330594,-0.2688913505455693,-0.19410028147334082,Akumulasi
-0.2856597290412481,0.008319480498283176,-0.7140970272226379,-1.59299233556642,-0.2688913505455693,-0.19410028147334082,Akumulasi
-0.2865268341161487,0.11118726185042349,-0.9880161174378035,-1.7925345466140783,-0.2688913505455693,-0.19410028147334082,Akumulasi
-0.0333321522446104,-0.5184027519564546,-1.183964273830817,-1.7925345466140783,-0.2688913505455693,-0.19410028147334082,Akumulasi
-2.065874288096143,0.11894120698339972,-1.4696626618096165,-1.5315947321671406,-0.2688913505455693,5.151976042535246,Akumulasi
2.056870753418312,-0.48103715121942087,-1.4973201284530542,-0.48783547437939023,-0.2688913505455693,-0.19410028147334082,Akumulasi
0.47480338171827274,-0.4973057997480847,-1.3581861365275705,-0.22689565993245261,-0.2688913505455693,-0.19410028147334082,Akumulasi
-2.0519527666177035,-0.07797434744235675,-1.4325829224453555,-1.2706549177202031,-0.2688913505455693,-0.19410028147334082,Akumulasi
0.48553863947805026,-0.4956393353715399,-1.5055434986850527,-1.0097151032732654,-0.2688913505455693,-0.19410028147334082,Akumulasi
-0.2909533145684528,-1.0609535029167454,-1.3203734356216357,-1.1401850104967344,-0.2688913505455693,-0.19410028147334082,Akumulasi
0.48371804020885023,-1.0958671820755854,-1.3489541018977504,-0.8792451960497967,-0.2688913505455693,-0.19410028147334082,Akumulasi
-1.8303968455279758,-0.18124340595757887,-1.66485165598505,-1.7925345466140783,-0.2688913505455693,-0.19410028147334082,Akumulasi
0.22980946355759552,0.14802249671161288,-1.5807193119919272,-1.6620646393906096,-0.2688913505455693,-0.19410028147334082,Akumulasi
-0.29553732101549185,-0.42251947401005535,-1.6216896499341136,-1.7925345466140783,-0.2688913505455693,-0.19410028147334082,Akumulasi
1.545517542568625,-0.3258601968218625,-1.4184954646048133,-1.0097151032732654,-0.2688913505455693,-0.19410028147334082,Akumulasi
0.22428901007923202,-0.3532906319002755,-1.2502594919609646,-0.8792451960497967,-0.2688913505455693,-0.19410028147334082,Akumulasi
2.277179596262569,0.7276575822746665,-0.6335813550569558,0.4689438452593807,-0.2688913505455693,-0.19410028147334082,Distribusi
-0.0333321522446104,-0.29511270444013554,-0.04328799037487399,0.4689438452593807,-0.2688913505455693,-0.19410028147334082,Distribusi
-0.7800853862778965,-0.905028577791466,0.4844699833390732,0.41240688546254445,-0.2688913505455693,-0.19410028147334082,Distribusi
-0.2847985427723203,-1.072202961941736,0.721303482240339,0.7516286442435632,-0.2688913505455693,-0.19410028147334082,Distribusi
-0.0333321522446104,-0.6502185348392603,0.9033130080444756,0.7516286442435632,-0.2688913505455693,-0.19410028147334082,Distribusi
0.21899542455201912,-0.21305874457873503,0.7755841433201426,0.9636422434817,-0.2688913505455693,-0.19410028147334082,Distribusi
0.21813423828309955,0.6216083463679822,0.6658483426404939,0.845856910571624,-0.2688913505455693,-0.19410028147334082,Distribusi
-0.0333321522446104,1.727384779446033,0.6652811394624975,0.7069942022986921,-0.2688913505455693,-0.19410028147334082,Distribusi
1.4703342237680017,0.9910369488567453,0.7895287530047921,1.5996830411961103,3.7189742175456435,-0.19410028147334082,Markup
0.9490632134169681,0.957623243751628,1.0944324211794498,1.4639943376837028,3.7189742175456435,-0.19410028147334082,Markup
0.2090351254679554,-0.26517202581676985,1.4071491794751179,1.5996830411961103,-0.2688913505455693,-0.19410028147334082,Markup
1.657676264058091,2.2797037750619533,1.794408969172083,1.5996830411961103,3.7189742175456435,-0.19410028147334082,Markup
0.675126044145944,1.0222421889816937,2.2757739391353944,1.5996830411961103,3.7189742175456435,-0.19410028147334082,Markup
-0.0333321522446104,0.12128201846512333,2.5298774324469995,1.4163199283415056,-0.2688913505455693,-0.19410028147334082,Markup
0.2005715062462393,0.2441650792487885,2.6846863608995886,1.338743226749173,-0.2688913505455693,-0.19410028147334082,Markup
-0.0333321522446104,0.45974901543699426,2.7378482375146453,1.338743226749173,-0.2688913505455693,-0.19410028147334082,Markup
0.43299476183525226,-0.2265851041650967,2.6065389916221315,1.5127031030471312,-0.2688913505455693,-0.19410028147334082,Markup
-0.2650291724478113,-0.5388811057399462,2.3380036224537677,1.4211452734166266,-0.2688913505455693,-0.19410028147334082,Markup
0.19909577338509768,-0.06763768807357723,2.1522526038003553,1.5027625386872479,-0.2688913505455693,-0.19410028147334082,Markup
0.19836486795859873,-0.046207714463459164,1.9684488521729577,1.5996830411961103,-0.2688913505455693,-0.19410028147334082,Markup
0.19763854501123818,0.0322519043851379,1.8917236223306102,1.4902566673957818,3.7189742175456435,-0.19410028147334082,Markup
-0.9543278075523309,-0.5807359963771948,1.646381919067712,0.9636422434817,-0.2688913505455693,-0.19410028147334082,Markup
0.899321675915115,0.21391199303978686,1.5112059631395345,1.3876694419579736,-0.2688913505455693,-0.19410028147334082,Markup
-0.9543278075523309,-0.3705280764403199,1.2342180685064474,0.9636422434817,-0.2688913505455693,-0.19410028147334082,Markup
0.43299476183525226,0.3289150754345026,0.9758478675731012,1.1619775459947956,-0.2688913505455693,-0.19410028147334082,Markup
1.1251529487714025,0.09510036570424228,0.8196165560250797,1.4902566673957818,3.7189742175456435,-0.19410028147334082,Markup
-0.7176632893153647,-0.2756440504439923,0.7321510413713593,1.0525511721944671,-0.2688913505455693,-0.19410028147334082,Markup
1.3481613307169789,-0.6790111115412808,0.6612524457887747,1.5996830411961103,3.7189742175456435,-0.19410028147334082,Markup
0.19267905151188497,0.6708524486637713,0.7983209810004178,1.1619775459947956,3.7189742175456435,-0.19410028147334082,Markup
0.19198788575115625,0.8928165137855024,0.9265038525734863,1.236231156787876,-0.2688913505455693,-0.19410028147334082,Markup
-0.48259832556545174,-0.37843468194451324,0.8490806676592405,0.9212395236340728,-0.2688913505455693,-0.19410028147334082,Markup
0.6447014590248757,-0.37400567463522744,1.0019671170958322,1.2912996241224568,-0.2688913505455693,-0.19410028147334082,Markup
0.4145684703974397,-0.5097200089846405,1.031754626674726,1.452195319986972,-0.2688913505455693,-0.19410028147334082,Markup
-0.0333321522446104,-0.40453252139461005,1.0288104852772577,1.1926169306588879,-0.2688913505455693,-0.19410028147334082,Markup
0.8570563966933631,0.6703022581080008,1.0984303782232265,1.5996830411961103,3.7189742175456435,-0.19410028147334082,Markup
-0.25327141321362134,0.9437957629942612,1.208342074898923,0.845856910571624,-0.2688913505455693,-0.19410028147334082,Markup
0.18726560950574028,0.04303462350709227,1.2613239782184371,0.9714945990090382,-0.2688913505455693,-0.19410028147334082,Markup
-0.0333321522446104,-0.7678399545548351,1.2413019282998472,0.9714945990090382,-0.2688913505455693,-0.19410028147334082,Markup
1.2863034135694391,0.6886081248880199,1.3728585626687455,1.3735352020087646,3.7189742175456435,-0.19410028147334082,Markup
-0.24940151419363632,0.48399908706330197,1.359967712367777,0.9829162070488036,-0.2688913505455693,-0.19410028147334082,Markup
2.133716448479438,1.7669893795596308,1.6238893014962508,1.1958476140758498,3.7189742175456435,-0.19410028147334082,Markup
-2.559491663945794,4.1245952761674705,1.5385849658511712,0.2266425889872245,-0.2688913505455693,-0.19410028147334082,Markup
1.7105649465629067,-0.18278020694445102,1.6742876773271718,0.8168635978552977,-0.2688913505455693,-0.19410028147334082,Markup
-0.8851200415465511,-0.41317090105060506,1.4938662297858307,0.4689438452593807,-0.2688913505455693,-0.19410028147334082,Markup
-0.6796448928114361,-0.37358099275140194,1.2923924485262,0.2080040308124433,-0.2688913505455693,-0.19410028147334082,Markup
-0.0333321522446104,-0.8345113855523181,0.818955454961076,0.132778138359272,-0.2688913505455693,-0.19410028147334082,Markup
-0.9027085820336164,-0.8477591788865101,0.6057639329539679,-0.2339480873499374,-0.2688913505455693,-0.19410028147334082,Markup
0.4065463696934115,-0.11449315974420893,0.23779428287878182,-0.2506174612458107,-0.2688913505455693,-0.19410028147334082,Markup
-1.1265020695238046,-0.3666802050590446,-0.11335760423174926,-0.7645898230352332,-0.2688913505455693,-0.19410028147334082,Markup
0.1885945116849644,-0.3399145201301606,-0.33932943578690483,-0.8879431898646946,-0.2688913505455693,-0.19410028147334082,Markup
0.4091882827380861,-0.7892921542026938,-0.5335977601215162,-0.7397773641902265,-0.2688913505455693,-0.19410028147334082,Markup
1.5062426745384583,1.036365778171704,-0.4163773937193834,-0.03360690849027682,-0.2688913505455693,-0.19410028147334082,Markup
-0.46420731262249704,-0.018986552349458802,-0.392759617914727,-0.28488228536510557,-0.2688913505455693,-0.19410028147334082,Markup
0.40007756790019927,-0.5829270269671073,-0.16782783790654454,-0.03360690849027682,-0.2688913505455693,-0.19410028147334082,Markup
-0.8950824730003754,-0.8263858732999577,-0.036251712832587164,-0.5361576622399343,-0.2688913505455693,-0.19410028147334082,Markup
-0.25131928959555205,-1.1218022008053572,0.002376599677978906,-0.6617953506773487,-0.2688913505455693,-0.19410028147334082,Markup
-2.001038003347168,0.021600269151268947,-0.3769165597634292,-1.7925345466140783,-0.2688913505455693,-0.19410028147334082,Markup
0.8652001943970723,-0.5329373051966713,-0.6016900274652589,-1.0010171094583675,-0.2688913505455693,-0.19410028147334082,Markup
-0.4771854801037518,-0.7730103493639647,-0.8895414460608446,-1.2271649486457135,-0.2688913505455693,-0.19410028147334082,Markup
0.6364828697973668,-1.0289420837570011,-0.9912907138500824,-0.8879431898646946,-0.2688913505455693,-0.19410028147334082,Markup
-0.4758525872272988,-0.6961063144293721,-1.03260944443863,-0.978402325539633,-0.2688913505455693,-0.19410028147334082,Markup
-0.25592928947910376,-0.3046069177461762,-0.908869263322292,-1.1140910290520405,-0.2688913505455693,-0.19410028147334082,Markup
-0.0333321522446104,-0.5853372775527521,-0.8481316771768056,-0.9848636923735572,-0.2688913505455693,-0.19410028147334082,Markup
0.4132111957833798,0.08704212295670972,-0.7082392966819482,-0.6052583908805123,-0.2688913505455693,-0.19410028147334082,Markup
-0.25525881617418517,-0.3223095589017777,-0.7089043447514113,-0.7748692702710217,-0.2688913505455693,-0.19410028147334082,Markup
1.9700420828658542,0.2202221384738829,-0.43450054956468465,0.7516286442435632,-0.2688913505455693,-0.19410028147334082,Markup
1.2668970081898188,0.822733785308105,-0.019319605653393964,1.1756558427198367,3.7189742175456435,-0.19410028147334082,Distribusi
2.0961375710102454,0.11026401639017293,0.6435362683570117,1.5996830411961103,3.7189742175456435,-0.19410028147334082,Distribusi
-1.6890546786405225,0.011111872947174568,1.0152864359478577,0.7242720507934811,-0.2688913505455693,-0.19410028147334082,Distribusi
-1.3036709871518182,0.3154149787563217,1.2858110336058126,0.06771380799150893,-0.2688913505455693,-0.19410028147334082,Distribusi
1.2592933288890413,-0.1844109105942415,1.4304617341123707,0.7242720507934811,-0.2688913505455693,-0.19410028147334082,Distribusi
0.39011412605779494,0.09706379220816941,1.4905870321086563,0.9431247983941382,-0.2688913505455693,-0.19410028147334082,Distribusi
0.38769443303892553,1.2996410378736816,1.2710710983174378,1.1619775459947956,-0.2688913505455693,-0.19410028147334082,Distribusi
-0.0333321522446104,0.763603524604062,1.3153207781273668,0.8243190211252103,-0.2688913505455693,-0.19410028147334082,Distribusi
-0.45196654102085226,-0.3516333363910058,1.4669481556494122,0.6304780161074851,-0.2688913505455693,-0.19410028147334082,Distribusi
0.38769443303892553,-0.09103474285200845,1.4710769370192283,0.8243190211252103,-0.2688913505455693,-0.19410028147334082,Distribusi
-0.24264934663272722,-0.004158630019658949,1.31992205604952,0.7273985186163476,-0.2688913505455693,-0.19410028147334082,Distribusi
0.5964084667692158,0.20635922705836632,1.2081909066486747,1.001056408053136,-0.2688913505455693,-0.19410028147334082,Distribusi
-0.8658705977205194,-0.9275903893361122,0.9908405898342053,0.5717383176172655,-0.2688913505455693,-0.19410028147334082,Distribusi
1.0192343109642132,0.21202856406613874,0.9720018203914279,1.085710679406688,-0.2688913505455693,-0.19410028147334082,Distribusi
-0.6559771023118032,0.027989100664500065,0.8095390494962325,0.7773272623330343,-0.2688913505455693,-0.19410028147334082,Distribusi
0.38530223653162327,-0.5982108070232026,0.7156427108114415,0.9829162070488036,-0.2688913505455693,-0.19410028147334082,Distribusi
-0.8658705977205194,-0.815895587997708,0.4422134986670185,0.5054193031928236,-0.2688913505455693,-0.19410028147334082,Distribusi
0.38769443303892553,-0.5839193554219556,0.35045744483955593,0.7242720507934811,-0.2688913505455693,-0.19410028147334082,Distribusi
-1.7078697073495615,1.1193470150006564,-0.07743692091132617,-0.20949967230265684,-0.2688913505455693,-0.19410028147334082,Distribusi
1.0375930283457682,-0.3396423542063254,-0.23463226270521675,-0.09642575270898392,-0.2688913505455693,-0.19410028147334082,Distribusi
0.8111337781235015,-0.07008735192253518,-0.31675803225182414,0.28048731260325943,-0.2688913505455693,-0.19410028147334082,Distribusi
-0.8682290635717239,-1.072894751666671,-0.2944795507675445,-0.47333881802122707,-0.2688913505455693,-0.19410028147334082,Distribusi
1.4444832258995854,0.012963563727218854,-0.23453841806249606,0.845856910571624,-0.2688913505455693,-0.19410028147334082,Distribusi
-0.24029746804409532,0.028379189357196605,-0.0031710878585846634,0.6574003779155024,-0.2688913505455693,-0.19410028147334082,Distribusi
1.004409431200711,-0.653003925731654,0.23484165872746512,1.5996830411961103,-0.2688913505455693,-0.19410028147334082,Distribusi
-0.23799785342410387,-0.1521879911200268,0.34589237462628014,1.4112265085399887,-0.2688913505455693,-0.19410028147334082,Distribusi
0.3771394490067367,0.39258878682922527,0.6349044010198547,1.13710791558563,3.7189742175456435,-0.19410028147334082,Distribusi
-0.4415296726026005,0.3201865274404114,0.671221880235634,0.8287244985119765,-0.2688913505455693,-0.19410028147334082,Distribusi
2.634733255889178,9.369760960776206,1.0089026742489522,1.200598619100794,3.7189742175456435,-0.19410028147334082,Markup
-2.410095133683896,0.7542866755167388,0.9484883110664747,0.003345352814845184,-0.2688913505455693,-0.19410028147334082,Markup
-0.8519949569625842,0.29049448822546975,0.8222034109114771,-0.3957390692804712,-0.2688913505455693,-0.19410028147334082,Markup
-1.0681587312420513,0.0043471787734082395,0.549331793324992,-0.8945945968996165,-0.2688913505455693,-0.19410028147334082,Markup
-0.8729863109297172,0.9129319260801082,0.21711605716531127,-1.2936790189949328,-0.2688913505455693,-0.19410028147334082,Akumulasi
-1.9443317828542976,1.4797281192500602,-0.6634194348906479,-1.7925345466140783,-0.2688913505455693,5.151976042535246,Akumulasi
0.40264212245727293,0.570570849148264,-1.168813274900197,-1.3079320340697655,-0.2688913505455693,-0.19410028147334082,Akumulasi
0.6167824279726042,-0.6014044590942544,-1.4750720872139664,-1.065630777797609,-0.2688913505455693,-0.19410028147334082,Akumulasi
1.040715259192972,-0.4621270474401747,-1.5497789638457167,-0.6617953506773487,-0.2688913505455693,-0.19410028147334082,Akumulasi
-0.0333321522446104,-0.46216635309846543,-1.4910729194978412,-0.6617953506773487,-0.2688913505455693,-0.19410028147334082,Akumulasi
-0.6685015696982102,-0.26426041106416076,-1.2901018876733492,-0.904096606949505,-0.2688913505455693,-0.19410028147334082,Akumulasi
-1.1011532018767505,-0.35367580586078906,-1.2245438118111565,-1.3079320340697655,-0.2688913505455693,-0.19410028147334082,Akumulasi
0.833487288045009,0.4781222028347836,-1.1289964002795163,-0.9848636923735572,-0.2688913505455693,-0.19410028147334082,Akumulasi
0.395037919991541,-1.0078287026099173,-1.16670608719385,-0.8233295215254529,-0.2688913505455693,-0.19410028147334082,Akumulasi
-0.6721730692210639,-1.335789428949386,-1.2208925353782556,-1.065630777797609,-0.2688913505455693,-0.19410028147334082,Akumulasi
0.8259057769054491,-1.4269653188869003,-1.102417939608969,-0.7425624361014007,-0.2688913505455693,-0.19410028147334082,Akumulasi
-0.8826653214044695,-1.0848292678305207,-0.8872545243514114,-1.065630777797609,-0.2688913505455693,-0.19410028147334082,Akumulasi
-0.6777605991071549,-1.2397291722520132,-0.866698951704321,-1.3079320340697655,-0.2688913505455693,-0.19410028147334082,Akumulasi
0.6167824279726042,-1.5908984295969852,-0.823314219961473,-1.065630777797609,-0.2688913505455693,-0.19410028147334082,Akumulasi
0.18147733004291264,-1.4899308985935638,-0.6812139683723831,-0.9848636923735572,-0.2688913505455693,-0.19410028147334082,Akumulasi
0.395037919991541,-1.1353580561355863,-0.516361293227789,-0.7748692702710217,-0.2688913505455693,-0.19410028147334082,Akumulasi
-0.6721730692210639,-0.966618640907177,-0.38801752028221814,-0.5713362150024104,-0.2688913505455693,-0.19410028147334082,Akumulasi
-0.24814163453212523,-0.9712579587342846,-0.22090330700017616,-0.5590008783194641,-0.2688913505455693,-0.19410028147334082,Akumulasi
-0.0333321522446104,-1.6443399020842058,-0.1828537337217229,-0.09642575270898392,-0.2688913505455693,-0.19410028147334082,Akumulasi
-0.0333321522446104,-1.2297750856725669,-0.20577623084641858,0.1458755035631723,-0.2688913505455693,-0.19410028147334082,Akumulasi
-1.7568327937561403,0.4636379727431855,-0.5418739209159108,-1.7925345466140783,-0.2688913505455693,-0.19410028147334082,Akumulasi
-0.9157231992460213,1.5413368051759337,-0.8637012287985605,-1.1757677124667711,-0.2688913505455693,5.151976042535246,Markdown
0.4132111957833798,-0.007624968019600059,-1.087023138821232,-0.6617953506773487,-0.2688913505455693,-0.19410028147334082,Markdown
1.298227831332822,0.4941634820184541,-1.1344264276914844,0.1862590462751986,-0.2688913505455693,-0.19410028147334082,Markdown
-2.431190663104961,0.9039723622575095,-1.4376058083609269,-1.3685073481378047,-0.2688913505455693,-0.19410028147334082,Markdown
-0.48397222823616004,0.7921008022608528,-1.5648926830833962,-1.1867814059336872,-0.2688913505455693,-0.19410028147334082,Markdown
0.4200810934453476,1.0271273320163739,-1.5598682529133518,-0.944480149661531,-0.2688913505455693,-0.19410028147334082,Markdown
-1.1599323422234762,1.6357750249830154,-1.7041108452782285,-1.550233290341922,-0.2688913505455693,-0.19410028147334082,Markdown
0.8819430331543716,1.1337108659878135,-1.9266108732113834,-1.065630777797609,-0.2688913505455693,-0.19410028147334082,Markdown
1.5487462740508735,0.5612920102053569,-1.6642715050344303,-0.21757638084506203,-0.2688913505455693,-0.19410028147334082,Markdown
-0.25459236973595867,0.6652644617930864,-1.3317834960034065,-0.28488228536510557,-0.2688913505455693,-0.19410028147334082,Markdown
0.1885945116849644,-0.14037105664266988,-1.0675777260988748,-0.09642575270898392,-0.2688913505455693,-0.19410028147334082,Markdown
-0.25459236973595867,0.5692567512603761,-0.692741658440045,-0.22689565993245261,-0.2688913505455693,-0.19410028147334082,Markdown
-0.6991121440333266,-0.8172418895016701,-0.4898188051108211,-0.6183053816028591,-0.2688913505455693,-0.19410028147334082,Markdown
-0.25728246356563544,-0.27171347526488665,-0.5220977483409316,-0.7487752888263278,-0.2688913505455693,-0.19410028147334082,Markdown
2.4376318010200086,-0.03892823800127798,-0.24684718771012543,0.6863936906318286,-0.2688913505455693,-0.19410028147334082,Markdown
1.922764814780647,2.372473347207817,0.1860462837608211,1.001056408053136,3.7189742175456435,-0.19410028147334082,Distribusi
-0.0333321522446104,-0.41396723259431073,0.6417620161562034,1.001056408053136,-0.2688913505455693,-0.19410028147334082,Distribusi
-1.9388404046054182,1.9751922161506303,0.9803556956777751,0.10311645833867428,-0.2688913505455693,-0.19410028147334082,Distribusi
0.18401195520263497,-0.42503926192942676,1.3741117100059288,0.20288756386250337,-0.2688913505455693,-0.19410028147334082,Distribusi
-0.4667418723894201,-0.026726511903756408,1.3102869630423475,0.003345352814845184,-0.2688913505455693,-0.19410028147334082,Distribusi
2.1465392212647902,-0.49726989732838156,1.1651845232678777,1.001056408053136,-0.2688913505455693,-0.19410028147334082,Distribusi
0.17839098690658411,0.33005040693689314,1.060149212177925,1.100827513576965,-0.2688913505455693,-0.19410028147334082,Distribusi
1.0222502607155295,0.26604990202103873,1.4006322920840228,1.5996830411961103,-0.2688913505455693,-0.19410028147334082,Distribusi
-0.2414667636135897,-0.843510827401326,1.5967630931139918,1.4999119356722812,-0.2688913505455693,-0.19410028147334082,Distribusi
0.5928405312507289,-0.48925806709530995,1.9060258943124722,1.5996830411961103,3.7189742175456435,-0.19410028147334082,Distribusi
-0.6542280996430734,-0.6603361499239321,1.8519038307648577,1.3089215336695228,-0.2688913505455693,-0.19410028147334082,Distribusi
0.38411630341895453,-0.5890200532259834,1.7731816280320893,1.4999119356722812,-0.2688913505455693,-0.19410028147334082,Distribusi
0.5893127978225824,-0.20712647306394136,1.6420357199863045,1.5996830411961103,3.7189742175456435,-0.19410028147334082,Distribusi
-0.6507594071995063,-1.0744463819146317,1.529746083976778,1.2714039197951243,-0.2688913505455693,-0.19410028147334082,Distribusi
-1.48617036906806,-0.4627262569273559,1.161353631720379,0.4689438452593807,-0.2688913505455693,-0.19410028147334082,Distribusi
0.17839098690658411,-0.9294497143263911,0.9158818982640471,0.5820177648530537,-0.2688913505455693,-0.19410028147334082,Distribusi
0.17778433034741759,-0.9756790467836493,0.6259669083666314,0.6950916844467265,-0.2688913505455693,-0.19410028147334082,Distribusi
-0.4543587375281382,-1.2982237384075115,0.17923117859181478,0.4689438452593807,-0.2688913505455693,-0.19410028147334082,Distribusi
-0.24505529139581306,-0.9832043123405931,-0.2049488658519375,0.31297981823362514,-0.2688913505455693,-0.19410028147334082,Distribusi
0.3913344323353274,-0.6257363941191737,-0.24990038973844053,0.2119576643646697,-0.2688913505455693,-0.19410028147334082,Distribusi
-0.4555651174286664,-0.7329229911255741,-0.3024531907363297,-0.09642575270898392,-0.2688913505455693,-0.19410028147334082,Distribusi
0.8160010169152488,-0.314178928824123,-0.2948864129663366,0.5203410814383229,-0.2688913505455693,-0.19410028147334082,Distribusi
-0.24324569191588302,1.085364562449136,-0.3171339471775339,0.3661493729014963,-0.2688913505455693,-0.19410028147334082,Distribusi
-1.296411908095202,0.006714923558887087,-0.4368198552156986,-0.5590008783194641,-0.2688913505455693,-0.19410028147334082,Distribusi
0.18085288387346532,-0.2310211426681425,-0.6085475989211382,-0.8502518833334702,-0.2688913505455693,-0.19410028147334082,Distribusi
-1.3147174118031835,0.839556479571895,-0.7813671627986117,-1.7925345466140783,-0.2688913505455693,5.151976042535246,Markdown
-0.6853644745863628,0.8138406613545256,-1.135146791431805,-1.7925345466140783,-0.2688913505455693,5.151976042535246,Markdown
0.1859525275905612,1.22814643836031,-1.4007656863317337,-1.3685073481378047,-0.2688913505455693,-0.19410028147334082,Markdown
1.2784717484904229,0.4016498888796081,-1.3573708262537991,-0.5204529511852575,-0.2688913505455693,-0.19410028147334082,Markdown
-0.0333321522446104,-0.29680946933340346,-1.3218981984205314,-0.5204529511852575,-0.2688913505455693,-0.19410028147334082,Markdown
-1.1073795636821928,-0.13711806161838633,-1.241248625657189,-1.2271649486457135,-0.2688913505455693,-0.19410028147334082,Markdown
0.8386163971591564,0.48407936668391294,-0.962980418694277,-0.6617953506773487,-0.2688913505455693,-0.19410028147334082,Markdown
-1.9722703739450795,0.7080814693077546,-0.897488289820263,-1.7925345466140783,-0.2688913505455693,5.151976042535246,Markdown
-0.0333321522446104,0.5118516723746301,-1.0371755125835138,-1.7925345466140783,-0.2688913505455693,-0.19410028147334082,Markdown
-0.25459236973595867,0.9544402571850863,-1.2533193498676416,-1.509849747629896,-0.2688913505455693,5.151976042535246,Markdown
0.6324478395440977,2.8954131328419805,-1.2402495154116773,-1.0858225491536222,-0.2688913505455693,-0.19410028147334082,Markdown
0.1866071087243924,-0.9753267175292203,-1.3192504140861065,-0.944480149661531,-0.2688913505455693,-0.19410028147334082,Markdown
0.8438065670960759,0.24087673499843765,-1.0439220419222424,-0.3791105516931662,-0.2688913505455693,-0.19410028147334082,Markdown
2.7838310286966688,1.2763068518385385,-0.4748718671874673,1.4583406417040192,-0.2688913505455693,-0.19410028147334082,Distribusi
-1.0769532914035063,0.444010997853637,0.024307003644454612,0.7516286442435632,-0.2688913505455693,-0.19410028147334082,Distribusi
-0.24505529139581306,0.1235834271987271,0.39296629810839356,0.7147567139412784,-0.2688913505455693,-0.19410028147334082,Distribusi
1.0283343092052177,0.13466706498007397,0.8766808494782329,1.452195319986972,-0.2688913505455693,-0.19410028147334082,Distribusi
0.17598504214351463,0.47315880726525106,1.252348056810885,1.2082733195257038,-0.2688913505455693,-0.19410028147334082,Distribusi
-0.6595048357399496,0.013678545427552488,1.113069999230896,0.8168635978552977,-0.2688913505455693,-0.19410028147334082,Distribusi
0.38769443303892553,-0.7039706961556799,1.1807272347173572,1.077803412302235,-0.2688913505455693,-0.19410028147334082,Distribusi
-0.24264934663272722,-0.6690179680079311,1.2089849149056155,0.9473335050787665,-0.2688913505455693,-0.19410028147334082,Distribusi
-0.45315923158716387,-1.1212868138458614,1.0155720943399231,0.6863936906318286,-0.2688913505455693,-0.19410028147334082,Distribusi
0.17778433034741759,-0.9152551363904146,0.8228901943170663,0.8168635978552977,-0.2688913505455693,-0.19410028147334082,Distribusi
0.38769443303892553,-1.1592601568790657,0.8140070711707432,1.077803412302235,-0.2688913505455693,-0.19410028147334082,Distribusi
0.17598504214351463,-0.9041469102565963,0.7670182389171628,1.2082733195257038,-0.2688913505455693,-0.19410028147334082,Distribusi
0.5928405312507289,0.08728194136617926,0.779782298222284,1.5996830411961103,-0.2688913505455693,-0.19410028147334082,Distribusi
0.17363316355488273,-0.7496433817899097,0.9063167428615547,1.4785324130600324,3.7189742175456435,-0.19410028147334082,Distribusi
0.5858245908194035,0.49492113058279336,1.000131927806187,1.5996830411961103,3.7189742175456435,-0.19410028147334082,Distribusi
0.1713335489348831,-0.0685487812458007,1.0555320524245946,1.493676241577042,3.7189742175456435,-0.19410028147334082,Distribusi
0.7830628884713698,0.1036749683887688,1.1618598729047103,1.4001408301484521,3.7189742175456435,-0.19410028147334082,Distribusi
0.5722540320673233,2.206135684024081,1.2671927073998996,1.5996830411961103,3.7189742175456435,-0.19410028147334082,Distribusi
-0.4337650458566661,-0.6877765942179144,1.3055841251775313,1.3940940964803417,-0.2688913505455693,-0.19410028147334082,Distribusi
-0.8385742552458999,1.1794207054167234,1.1977816215727723,0.7147567139412784,-0.2688913505455693,-0.19410028147334082,Distribusi
-0.0333321522446104,-0.057566757345095226,1.1592316030281156,0.7147567139412784,-0.2688913505455693,-0.19410028147334082,Distribusi
-1.0510069094907155,-0.02662979797866515,0.8558520374943416,-0.022681892104414646,-0.2688913505455693,-0.19410028147334082,Distribusi
0.5858245908194035,-0.35514143745350407,0.5234599438774571,0.4197812715230013,-0.2688913505455693,-0.19410028147334082,Distribusi
-0.0333321522446104,-0.3841870797495271,0.2879047636850022,0.3661493729014963,-0.2688913505455693,-0.19410028147334082,Distribusi
-0.0333321522446104,0.11558826646916927,0.1775197992728918,0.3661493729014963,-0.2688913505455693,-0.19410028147334082,Distribusi
-0.6473292557830908,-0.8767323106283874,-0.02052645763395539,-0.09642575270898392,-0.2688913505455693,-0.19410028147334082,Distribusi
-0.0333321522446104,-0.7589743705471039,-0.05720840599049377,-0.09642575270898392,-0.2688913505455693,-0.19410028147334082,Distribusi
-0.8588744763299622,0.11392114168494592,-0.27671330070354294,-0.944480149661531,-0.2688913505455693,-0.19410028147334082,Distribusi
-0.24205638007639285,0.378188535398984,-0.5326121437460155,-1.1140910290520405,-0.2688913505455693,-0.19410028147334082,Akumulasi
-0.24264934663272722,-0.3788613047533069,-0.8030980186332735,-1.2837019084425498,-0.2688913505455693,-0.19410028147334082,Akumulasi
-0.6630727712584364,-0.7435873768914706,-1.037571544511707,-1.7925345466140783,-0.2688913505455693,-0.19410028147334082,Akumulasi
0.6018372652089895,-0.3008585159237527,-1.1988144335387618,-1.2837019084425498,-0.2688913505455693,-0.19410028147334082,Akumulasi
1.8558897047968679,0.849906093110434,-1.0226967090897778,0.24279600607203486,-0.2688913505455693,-0.19410028147334082,Akumulasi
-0.0333321522446104,0.08638568890243649,-0.8103181005934655,0.24279600607203486,-0.2688913505455693,-0.19410028147334082,Akumulasi
0.989996353652857,0.3537497757464703,-0.43726642194454207,1.090850403024582,-0.2688913505455693,-0.19410028147334082,Distribusi
-0.8407803979938444,-0.19286175039656622,-0.05736751484450746,0.41240688546254445,-0.2688913505455693,-0.19410028147334082,Distribusi
0.17076660793438464,-0.20148298059620703,0.286186007947617,0.5820177648530537,-0.2688913505455693,-0.19410028147334082,Distribusi
0.7808076535522706,-0.5509919039592339,0.47639024584448014,1.2604612824150916,-0.2688913505455693,-0.19410028147334082,Distribusi
-0.0333321522446104,-0.022859411106980546,0.6518504749042,0.9829162070488036,-0.2688913505455693,-0.19410028147334082,Distribusi
0.7719099507566792,0.4704206932904023,0.7385865266521667,1.1926169306588879,-0.2688913505455693,-0.19410028147334082,Distribusi
-1.626405718182295,10.432149364226808,0.7677973059397629,0.10710730255962758,-0.2688913505455693,-0.19410028147334082,Distribusi
1.1878775564507191,0.8132618519458377,0.8611791573220879,0.9212395236340728,-0.2688913505455693,-0.19410028147334082,Distribusi
-0.4337650458566661,-0.6465644644222285,0.8166213270256046,0.6498621166092575,-0.2688913505455693,-0.19410028147334082,Distribusi
-0.4359532037452552,-0.45421859136707066,0.72870623111594,0.3784847095844425,-0.2688913505455693,-0.19410028147334082,Distribusi
0.169084475295548,-0.9980312321861974,0.5461862660752043,0.5141734130968502,-0.2688913505455693,-0.19410028147334082,Distribusi
-0.2351942136819189,-1.1398223377108003,0.5527774523014874,0.3784847095844425,-0.2688913505455693,-0.19410028147334082,Distribusi
0.37150110283570636,-1.2452646266407656,0.4284748601155677,0.6498621166092575,-0.2688913505455693,-0.19410028147334082,Distribusi
-0.0333321522446104,-1.1099855657435957,0.33321780399317824,0.6498621166092575,-0.2688913505455693,-0.19410028147334082,Distribusi
-0.6372637294955775,-0.6504186767461174,0.22393808119146508,0.24279600607203486,-0.2688913505455693,-0.19410028147334082,Distribusi
-0.23630640134824304,-0.8702141643391565,0.05718822833446709,0.10710730255962758,-0.2688913505455693,-0.19410028147334082,Distribusi
-0.0333321522446104,-0.013444263525615098,-0.10186333062472464,-0.022681892104414646,-0.2688913505455693,-0.19410028147334082,Distribusi
-0.44040205514305086,-1.3300765904786942,-0.33960348498601434,-0.6052583908805123,-0.2688913505455693,-0.19410028147334082,Distribusi
0.3759992501143765,-0.920728878450813,-0.4691588227994636,-0.7324665504233943,-0.2688913505455693,-0.19410028147334082,Distribusi
0.5772727021030545,-1.116699351656639,-0.4473550735612105,-0.20949967230265684,-0.2688913505455693,-0.19410028147334082,Distribusi
-0.638918336556536,-0.994394611139519,-0.42588141360529885,-0.8879431898646946,-0.2688913505455693,-0.19410028147334082,Distribusi
-0.0333321522446104,-0.9902785951808611,-0.4330412658996288,-0.8879431898646946,-0.2688913505455693,-0.19410028147334082,Distribusi
0.17020279920460576,-1.1873270995904974,-0.35384207908307413,-0.6617953506773487,-0.2688913505455693,-0.19410028147334082,Distribusi
0.5755905950662794,-1.1836268452686238,-0.23869931481818382,0.016648166884689015,-0.2688913505455693,-0.19410028147334082,Distribusi
-0.6372637294955775,0.1654993773403942,-0.27473183622699476,-0.6617953506773487,-0.2688913505455693,-0.19410028147334082,Distribusi
-0.23630640134824304,-1.194701279099286,-0.21720800415001545,-0.8879431898646946,-0.2688913505455693,-0.19410028147334082,Distribusi
-0.0333321522446104,-0.5379603781879396,-0.21720800415001545,-0.8879431898646946,-0.2688913505455693,-0.19410028147334082,Distribusi
0.17020279920460576,-0.1463729141144554,-0.1811913023963963,-0.09642575270898392,-0.2688913505455693,-0.19410028147334082,Distribusi
-0.43928065045186754,-0.5933101825176854,-0.28946961669871685,-0.6617953506773487,-0.2688913505455693,-0.19410028147334082,Distribusi
0.17076660793438464,-0.8316636583802697,-0.30394582405491305,-0.28488228536510557,-0.2688913505455693,-0.19410028147334082,Distribusi
-0.2368671036938347,-0.28864082056195656,-0.3040293867295364,-0.6617953506773487,-0.2688913505455693,-0.19410028147334082,Distribusi
1.1912604088293763,0.32218634801934853,-0.1812230919950485,1.5996830411961103,-0.2688913505455693,-0.19410028147334082,Distribusi
-0.43485614365941966,0.39360409479659386,-0.11623620536687021,0.3661493729014963,-0.2688913505455693,-0.19410028147334082,Distribusi
0.5722540320673233,0.03959540273974866,0.07145352292797467,1.2912996241224568,-0.2688913505455693,-0.19410028147334082,Distribusi
-0.23354859905063413,0.2998258203864028,0.18677419902532785,0.7516286442435632,-0.2688913505455693,-0.19410028147334082,Distribusi
-0.2340941479520191,-0.02373284485533383,0.3019679573336071,0.4689438452593807,-0.2688913505455693,-0.19410028147334082,Distribusi
-0.0333321522446104,1.126019703863977,0.24405964051131324,0.4689438452593807,-0.2688913505455693,-0.19410028147334082,Distribusi
-0.0333321522446104,-0.35481368355654563,0.2293301586929361,0.4689438452593807,-0.2688913505455693,-0.19410028147334082,Distribusi
-0.4359532037452552,0.31990065097743237,0.09963633551352825,-0.4356475114900027,-0.2688913505455693,-0.19410028147334082,Distribusi
0.37150110283570636,2.1573564682575754,0.06360973626399657,-0.2506174612458107,-0.2688913505455693,-0.19410028147334082,Distribusi
1.5771520537579689,1.6591013623082913,0.20698558557812108,1.5996830411961103,3.7189742175456435,-0.19410028147334082,Distribusi
-1.0183542434828217,0.48288959578118,0.24253940318770512,0.016648166884689015,-0.2688913505455693,-0.19410028147334082,Distribusi
-0.8320275714816571,0.3138635164947369,0.19936506060531947,-0.8879431898646946,-0.2688913505455693,-0.19410028147334082,Distribusi
-0.0333321522446104,0.41936469239001717,0.2353066416050704,-0.8879431898646946,-0.2688913505455693,-0.19410028147334082,Akumulasi
-0.0333321522446104,-0.39541881541561064,0.19214019057056916,-0.8879431898646946,-0.2688913505455693,-0.19410028147334082,Akumulasi
0.5722540320673233,-0.10886810294098272,-0.02326736039261548,-0.20949967230265684,-0.2688913505455693,-0.19410028147334082,Akumulasi
0.36710074136743703,-0.02254971877670582,-0.05206041488512442,0.24279600607203486,-0.2688913505455693,-0.19410028147334082,Akumulasi
-0.8298689352134527,-0.36400409011249285,-0.04494145600636631,-0.6617953506773487,-0.2688913505455693,-0.19410028147334082,Akumulasi
0.9732204765069934,-0.30237225492703934,0.05501603958579666,0.4689438452593807,-0.2688913505455693,-0.19410028147334082,Akumulasi
-0.6291244899099865,-0.6605920583535282,0.09771309708917895,-0.20949967230265684,-0.2688913505455693,-0.19410028147334082,Akumulasi
1.5683994222036122,0.22738036769336498,0.21841056828836586,1.5996830411961103,-0.2688913505455693,-0.19410028147334082,Akumulasi
-0.0333321522446104,0.1956252937179143,0.32477442865851924,1.338743226749173,-0.2688913505455693,-0.19410028147334082,Akumulasi
-0.0333321522446104,-0.020540972934567612,0.5302675480485205,1.1150805286517975,-0.2688913505455693,-0.19410028147334082,Akumulasi
-0.42524519705641045,0.12780022939714847,0.5723408472964928,0.6304780161074851,-0.2688913505455693,-0.19410028147334082,Akumulasi
-0.42734098873989496,-0.2974468762917099,0.6499492398608873,0.1458755035631723,-0.2688913505455693,-0.19410028147334082,Akumulasi
-0.0333321522446104,-0.45365601903498126,0.4932262591620253,0.1458755035631723,-0.2688913505455693,-0.19410028147334082,Akumulasi
-0.42945931581782465,0.23973359801909208,0.29434798375452054,-0.33872700898114033,-0.2688913505455693,-0.19410028147334082,Akumulasi
-0.6307347394712441,0.043958544118395566,0.03198117320620396,-1.065630777797609,-0.2688913505455693,-0.19410028147334082,Akumulasi
0.9704778262924251,-0.1663098478461872,-0.08152524157683667,0.1458755035631723,-0.2688913505455693,-0.19410028147334082,Akumulasi
-0.0333321522446104,-0.14451118250280798,-0.12403838447502834,0.1458755035631723,-0.2688913505455693,-0.19410028147334082,Akumulasi
-0.8255864793910388,-0.34913639124289003,-0.19483244164512376,-0.8233295215254529,-0.2688913505455693,-0.19410028147334082,Akumulasi
0.567317188173469,-0.4133435017944452,-0.18066138988077557,-0.09642575270898392,-0.2688913505455693,-0.19410028147334082,Akumulasi
-0.6291244899099865,-0.5548117164245361,-0.17357300040104356,-0.8233295215254529,-0.2688913505455693,-0.19410028147334082,Akumulasi
0.36710074136743703,-0.4856729422983339,-0.2654965717470742,-0.33872700898114033,-0.2688913505455693,-0.19410028147334082,Akumulasi
-0.4316005437290275,-0.16523689737882524,-0.3997671937578432,-1.0097151032732654,-0.2688913505455693,-0.19410028147334082,Akumulasi
-0.23354859905063413,2.0188599916071754,-0.42101127997943916,-1.065630777797609,-0.2688913505455693,-0.19410028147334082,Akumulasi
0.36819183917020704,-0.6457528696730606,-0.47054586423136135,-0.5810282652532965,-0.2688913505455693,-0.19410028147334082,Akumulasi
-0.0333321522446104,-0.6793122996758914,-0.46334880998386585,-0.5810282652532965,-0.2688913505455693,-0.19410028147334082,Akumulasi
-0.0333321522446104,-0.6248658059848993,-0.4775731827920546,-0.5810282652532965,-0.2688913505455693,-0.19410028147334082,Akumulasi
-0.6323537166724015,-0.414750207626542,-0.5200938145340801,-1.3079320340697655,-0.2688913505455693,-0.19410028147334082,Akumulasi
0.16797837350570383,-0.03467288371544835,-0.4568142080599357,-1.065630777797609,-0.2688913505455693,-0.19410028147334082,Akumulasi
-0.43485614365941966,0.5358515401588945,-0.4927236924740051,-1.1564937488996678,-0.2688913505455693,-0.19410028147334082,Akumulasi
-0.0333321522446104,-0.26626459417449916,-0.5287402096285039,-1.0097151032732654,-0.2688913505455693,-0.19410028147334082,Akumulasi
-0.2351942136819189,0.15107566705474415,-0.6003656897527752,-1.2706549177202031,-0.2688913505455693,-0.19410028147334082,Akumulasi
-0.23574877978476877,0.22516135676359011,-0.6222739268253061,-1.065630777797609,-0.2688913505455693,-0.19410028147334082,Akumulasi
0.1696420968590141,1.3740709653194974,-0.6512968296275922,-0.8233295215254529,-0.2688913505455693,-0.19410028147334082,Akumulasi
-0.8429986624052439,1.5022071919267417,-0.7233525186521012,-1.7925345466140783,-0.2688913505455693,-0.19410028147334082,Akumulasi
-0.0333321522446104,-0.8871911068475842,-0.816774998759763,-1.7925345466140783,-0.2688913505455693,-0.19410028147334082,Akumulasi
0.5806649512938701,-0.8897444860221041,-0.7818249684181017,-0.8233295215254529,-0.2688913505455693,-0.19410028147334082,Akumulasi
0.5755905950662794,-0.25926254063699866,-0.6534774560706759,-0.09642575270898392,-0.2688913505455693,-0.19410028147334082,Akumulasi
-0.23464267799493277,-0.6532552242167374,-0.6035488048372032,-0.22689565993245261,-0.2688913505455693,-0.19410028147334082,Akumulasi
-0.43705627511922746,-0.5898399545242246,-0.46064561565294876,-0.7487752888263278,-0.2688913505455693,-0.19410028147334082,Akumulasi
-0.6422548995555002,-0.19243260802751438,-0.4035617432086844,-1.5315947321671406,-0.2688913505455693,-0.19410028147334082,Akumulasi
-0.44266355460359735,0.27970909862401483,-0.4614913250865887,-1.7925345466140783,-0.2688913505455693,5.151976042535246,Akumulasi
-0.6507594071995063,0.5420816360081143,-0.6853165496626263,-1.7925345466140783,-0.2688913505455693,5.151976042535246,Akumulasi
-0.44842878562273897,1.5785323605821189,-0.9316958058557304,-1.7925345466140783,-0.2688913505455693,5.151976042535246,Akumulasi
2.053910126073182,0.7394389580994064,-0.8890068641081236,0.09203077994713776,-0.2688913505455693,-0.19410028147334082,Akumulasi
0.9815390932735448,0.7566588651785476,-0.6507428612667258,1.200598619100794,-0.2688913505455693,-0.19410028147334082,Distribusi
-0.0333321522446104,0.9904230222386733,-0.3546196418516766,1.200598619100794,-0.2688913505455693,-0.19410028147334082,Distribusi
-1.0344143862747455,-0.04909064099797434,-0.10175197496831809,0.20288756386250337,-0.2688913505455693,-0.19410028147334082,Distribusi
-0.43928065045186754,-0.5299722085146489,0.17315016274389067,-0.19619685823281302,-0.2688913505455693,-0.19410028147334082,Distribusi
0.17076660793438464,-0.7423755305683858,0.16604880075900647,0.003345352814845184,-0.2688913505455693,-0.19410028147334082,Distribusi
-1.0510069094907155,-0.03889765476810479,-0.09438895977143284,-0.9943657024234456,-0.2688913505455693,-0.19410028147334082,Distribusi
-0.0333321522446104,0.24941068978092215,-0.362626314038405,-0.9943657024234456,-0.2688913505455693,-0.19410028147334082,Distribusi
0.9985957528620795,-0.08569424145593385,-0.3844119413719956,0.003345352814845184,-0.2688913505455693,-0.19410028147334082,Distribusi
0.17020279920460576,-0.2345147440124184,-0.31916541844622154,0.20288756386250337,-0.2688913505455693,-0.19410028147334082,Distribusi
0.1696420968590141,-1.0537462059231484,-0.2900764589062309,0.4024297749101616,-0.2688913505455693,-0.19410028147334082,Distribusi
-1.2478319174855688,-0.24563288251787216,-0.24660751546246631,-0.7948234913757874,-0.2688913505455693,-0.19410028147334082,Distribusi
-0.8565684921844744,-0.5004294603633574,-0.26850566196653286,-1.59299233556642,-0.2688913505455693,-0.19410028147334082,Distribusi
-0.8658705977205194,0.4788706025484787,-0.5016064954668763,-1.7925345466140783,-0.2688913505455693,5.151976042535246,Akumulasi
1.8612874815312852,-0.20485662086752615,-0.5747216691038584,-0.1771928381330361,-0.2688913505455693,-0.19410028147334082,Akumulasi
-1.0595111553729943,-0.5717940286552301,-0.8012875977763705,-0.9848636923735572,-0.2688913505455693,-0.19410028147334082,Akumulasi
-0.6577359863515402,0.07618690208576095,-0.9408135912869062,-1.4694662049178697,-0.2688913505455693,-0.19410028147334082,Akumulasi
0.8063220064404966,-0.46810869004064926,-0.8900171875009041,-0.8233295215254529,-0.2688913505455693,-0.19410028147334082,Akumulasi
-1.278622052378996,-0.22732802696912466,-0.8760147558752043,-1.7925345466140783,-0.2688913505455693,-0.19410028147334082,Akumulasi
-0.24444863483663837,-0.4401428407717932,-1.1618017160208,-1.7925345466140783,-0.2688913505455693,5.151976042535246,Akumulasi
1.2370066826625894,-0.4086095858563506,-1.0971540206715322,-0.8673842953931178,-0.2688913505455693,-0.19410028147334082,Akumulasi
-0.8658705977205194,0.0038490665699313794,-0.9967399856499127,-1.4841511295404246,-0.2688913505455693,-0.19410028147334082,Akumulasi
-1.296411908095202,0.13650472013079126,-1.146935405816962,-1.7925345466140783,-0.2688913505455693,5.151976042535246,Akumulasi
2.1085182089361467,-0.16926825609721266,-0.9342711472976302,-0.1771928381330361,-0.2688913505455693,-0.19410028147334082,Akumulasi
0.38293707049334824,-0.04730103244109548,-0.661692093299533,0.1458755035631723,-0.2688913505455693,-0.19410028147334082,Akumulasi
1.2084597425523156,0.6116228706638459,-0.4254718722305396,1.1150805286517975,-0.2688913505455693,-0.19410028147334082,Distribusi
-0.6439370065922752,-0.0838283628267825,-0.17448165176942093,0.6304780161074851,-0.2688913505455693,-0.19410028147334082,Distribusi
0.17190364838106315,-0.8926260911165728,0.2755056501666218,0.7920121869555892,-0.2688913505455693,-0.19410028147334082,Distribusi
-0.0333321522446104,-0.42418511403611714,0.46747398138916496,0.7920121869555892,-0.2688913505455693,-0.19410028147334082,Distribusi
-1.4659920605010728,-0.2605409118695924,0.4535693683876008,-0.33872700898114033,-0.2688913505455693,-0.19410028147334082,Distribusi
0.38411630341895453,-1.2058086566413624,0.3137665567136177,0.17138089896024158,-0.2688913505455693,-0.19410028147334082,Distribusi
0.38176448113351813,-0.658787284709347,0.26203517681203575,0.6574003779155024,-0.2688913505455693,-0.19410028147334082,Distribusi
0.9985957528620795,0.8190212775171813,0.26156774599598215,1.5996830411961103,-0.2688913505455693,-0.19410028147334082,Distribusi
0.17020279920460576,-0.27360334682890486,0.2534326899410077,1.5996830411961103,3.7189742175456435,-0.19410028147334082,Distribusi
-0.0333321522446104,0.012447090838641383,0.5186530674640131,1.5996830411961103,-0.2688913505455693,-0.19410028147334082,Distribusi
-1.6571261450736552,-0.24427844806486024,0.5111861562487283,0.17138089896024158,-0.2688913505455693,-0.19410028147334082,Distribusi
-0.8635254190008674,1.592336133585431,0.3342452501505298,-0.542770172157693,-0.2688913505455693,-0.19410028147334082,Distribusi
0.8063220064404966,-0.5561272724045113,0.12781419303596486,0.17138089896024158,-0.2688913505455693,-0.19410028147334082,Distribusi
0.38176448113351813,-0.049070098063511244,-0.10815673156197918,0.5284564345192088,-0.2688913505455693,-0.19410028147334082,Distribusi
-0.0333321522446104,-0.42869329719945026,-0.3509259476182484,0.5284564345192088,-0.2688913505455693,-0.19410028147334082,Distribusi
-0.44610331428728633,-0.6743576703153573,-0.358252008185812,0.17138089896024158,-0.2688913505455693,-0.19410028147334082,Distribusi
-0.0333321522446104,0.43778945329884056,-0.27727125302243943,0.17138089896024158,-0.2688913505455693,-0.19410028147334082,Distribusi
0.17421616444445387,-0.021689576007933694,-0.3357528204564346,-0.09642575270898392,-0.2688913505455693,-0.19410028147334082,Distribusi
0.5875637951538526,4.2383779396232635,-0.31363068294748936,0.4689438452593807,-0.2688913505455693,-0.19410028147334082,Distribusi
-0.23856795287028393,0.4875651964025747,-0.2989270946161361,0.1862590462751986,-0.2688913505455693,-0.19410028147334082,Distribusi
-0.23914123722957845,-0.22931714868034545,-0.20368283263968387,-0.09642575270898392,-0.2688913505455693,-0.19410028147334082,Distribusi
-0.23971773326594834,0.8840963796709045,-0.1523422416195161,-0.3791105516931662,-0.2688913505455693,-0.19410028147334082,Distribusi
-0.8611934154425664,0.4279660680875464,-0.2111076490540355,-1.509849747629896,-0.2688913505455693,-0.19410028147334082,Akumulasi
0.17598504214351463,0.6089039985530357,-0.3361644587312825,-0.8233295215254529,-0.2688913505455693,-0.19410028147334082,Akumulasi
-0.6595048357399496,-0.6735910442039871,-0.5495653885891948,-1.550233290341922,-0.2688913505455693,-0.19410028147334082,Akumulasi
-0.0333321522446104,0.18748328453642663,-0.7191507297858594,-1.1564937488996678,-0.2688913505455693,-0.19410028147334082,Akumulasi
-0.4543587375281382,0.3428633658758211,-0.8893886903201813,-1.5805209473759414,-0.2688913505455693,-0.19410028147334082,Akumulasi
-0.24505529139581306,-0.5377563226043289,-0.9278767012950252,-1.7925345466140783,-0.2688913505455693,-0.19410028147334082,Akumulasi
3.1516672321048738,0.9797756168169688,-0.6546639092277755,1.3876694419579736,-0.2688913505455693,-0.19410028147334082,Distribusi
1.3914125078999353,4.0643964774413845,-0.13758055662047602,1.5996830411961103,3.7189742175456435,-0.19410028147334082,Distribusi
-0.23300600705387411,0.4546663633233983,0.2970665214622928,1.4454913326592838,-0.2688913505455693,-0.19410028147334082,Distribusi
0.36710074136743703,-0.4814062295145399,0.8028633437613181,1.5996830411961103,3.7189742175456435,-0.19410028147334082,Distribusi
0.36493623923980667,-0.34441962791796826,1.4090047519378812,1.5996830411961103,3.7189742175456435,-0.19410028147334082,Distribusi
0.16473142954199674,-0.05990102077224951,1.6103084025849632,1.5996830411961103,3.7189742175456435,-0.19410028147334082,Distribusi
-0.0333321522446104,-0.5617524214430526,1.6063821307894364,1.4740453527586959,-0.2688913505455693,-0.19410028147334082,Distribusi
0.3617330082091052,-0.5818282282075716,1.6597176104513207,1.4827100209267936,3.7189742175456435,-0.19410028147334082,Distribusi
0.16314692088769878,-0.46819728544175765,1.6762185757615762,1.4866091216024375,-0.2688913505455693,-0.19410028147334082,Distribusi
-0.0333321522446104,-0.2952508240653355,1.6422254517867023,1.3808302935954528,-0.2688913505455693,-0.19410028147334082,Distribusi
0.16262437016128553,-1.2073664105468076,1.6233408875696138,1.4902566673957818,-0.2688913505455693,-0.19410028147334082,Distribusi
-0.619642383740246,-1.0981732609999921,1.5330089486789678,1.1619775459947956,-0.2688913505455693,-0.19410028147334082,Distribusi
0.951689938993601,-0.6097983669384329,1.4848459093945685,1.5996830411961103,3.7189742175456435,-0.19410028147334082,Distribusi
0.7442895092289242,0.043791050584208,1.4859670590266434,1.5080014847688081,3.7189742175456435,-0.19410028147334082,Distribusi
-0.0333321522446104,-0.7068998202144032,1.4576925525554818,1.4211452734166266,-0.2688913505455693,-0.19410028147334082,Distribusi
0.3514179909648845,-0.4747819246110779,1.4507208186700151,1.5996830411961103,-0.2688913505455693,-0.19410028147334082,Distribusi
-0.60745931399488,-0.646783322697239,1.44380920213414,1.2517632886001937,-0.2688913505455693,-0.19410028147334082,Distribusi
0.15954651902402922,-0.9346580627930463,1.3172107264827755,1.338743226749173,-0.2688913505455693,-0.19410028147334082,Distribusi
0.9285432057791188,-0.22702338451494616,1.1694913152278164,1.5996830411961103,3.7189742175456435,-0.19410028147334082,Distribusi
0.15656385915904336,0.20864719745661203,1.036937992797641,1.5148776015008556,3.7189742175456435,-0.19410028147334082,Distribusi
-0.22273999909452977,-0.7664190482327392,0.9358162561670545,1.3484076643212817,-0.2688913505455693,-0.19410028147334082,Distribusi
0.34645987056269706,1.1142306924868919,1.0088324546499114,1.5996830411961103,-0.2688913505455693,-0.19410028147334082,Distribusi
-0.6000987093570538,0.15972099837977727,0.9852472186215157,1.1926169306588879,-0.2688913505455693,-0.19410028147334082,Distribusi
-0.41410554978785885,-0.06260800190968717,0.7972228139803265,0.6745327899751499,-0.2688913505455693,-0.19410028147334082,Distribusi
-0.0333321522446104,-0.333971005194562,0.5963988190597466,0.6304780161074851,-0.2688913505455693,-0.19410028147334082,Distribusi
-0.2247078728280336,0.8056786107099084,0.4101200668586948,0.41240688546254445,-0.2688913505455693,-0.19410028147334082,Distribusi
-0.6089544368119378,0.5510780132394035,0.1080384447073427,-0.28488228536510557,-0.2688913505455693,-0.19410028147334082,Distribusi
-0.2267170667449168,-0.06627140217242349,-0.11810400293134411,-0.47333881802122707,-0.2688913505455693,-0.19410028147334082,Distribusi
-1.1966950852648968,0.3688641015256813,-0.40577142063021493,-1.435459011055111,-0.2688913505455693,-0.19410028147334082,Akumulasi
1.5427031937365279,0.22246344236658513,-0.5287661727773072,-0.007156868819242208,-0.2688913505455693,-0.19410028147334082,Akumulasi
0.7381825328299154,0.1472384294925944,-0.5351603991793901,0.7069942022986921,-0.2688913505455693,-0.19410028147334082,Akumulasi
-0.7968518664893582,0.8236069812949147,-0.5620770782395628,-0.007156868819242208,-0.2688913505455693,-0.19410028147334082,Akumulasi
1.1239398753671945,0.7767315590611651,-0.4047161527410358,1.0640697378576593,-0.2688913505455693,-0.19410028147334082,Distribusi
-0.0333321522446104,0.6284950423775111,-0.05691149935133947,0.9212395236340728,-0.2688913505455693,-0.19410028147334082,Distribusi
-0.982812209262879,-0.41926015996481536,-0.029645572989003294,0.07318512668152567,-0.2688913505455693,-0.19410028147334082,Distribusi
0.3514179909648845,0.2835133567584408,-0.05691149935133947,0.41240688546254445,-0.2688913505455693,-0.19410028147334082,Distribusi
0.5407950095056511,0.3545212971416825,0.06561511152639372,0.9212395236340728,-0.2688913505455693,-0.19410028147334082,Distribusi
0.7262518933700046,0.1705101138216002,0.11298300092844771,1.5996830411961103,-0.2688913505455693,-0.19410028147334082,Distribusi
-0.5972070432493419,-0.3354535987913048,0.1333555554382097,1.090850403024582,-0.2688913505455693,-0.19410028147334082,Distribusi
0.9137070820049784,1.784069697877801,0.39828909257305245,0.9714945990090382,3.7189742175456435,-0.19410028147334082,Markup
0.7146846236398376,1.1112873190468993,0.6827186885819774,1.3573817849239542,-0.2688913505455693,-0.19410028147334082,Markup
-0.5887064167517788,-0.7180198925452494,0.838226816238668,0.9939299005157195,-0.2688913505455693,-0.19410028147334082,Markup
1.08585244154706,-0.4817552057989057,0.9854289336398301,1.5996830411961103,3.7189742175456435,-0.19410028147334082,Markup
-0.400811715459664,-0.2463026882194961,1.1591403771229025,1.3657370006574765,-0.2688913505455693,-0.19410028147334082,Markup
-0.7719752843209804,-0.4404543115146583,1.1169421176204588,0.8978449195802094,-0.2688913505455693,-0.19410028147334082,Markup
-0.4063936835085006,-0.6653128056160342,0.9199053083126875,0.6638988790415756,-0.2688913505455693,-0.19410028147334082,Markup
-0.22081218385941181,-0.9439655786830188,0.7635042520465191,0.5469258587722589,-0.2688913505455693,-0.19410028147334082,Markup
0.5305427387601211,-0.8788441232915875,0.4996154597350624,0.8978449195802094,-0.2688913505455693,-0.19410028147334082,Markup
0.899321675915115,-0.6257353124811071,0.35007382960979355,1.4692131339726417,-0.2688913505455693,-0.19410028147334082,Markup
-0.9543278075523309,0.9554335269633798,0.2622995155581646,0.6745327899751499,-0.2688913505455693,-0.19410028147334082,Distribusi
-0.4063936835085006,-0.7068294920796142,0.21515691564466774,0.24279600607203486,-0.2688913505455693,-0.19410028147334082,Distribusi
-0.5957722470890229,-0.8440403994278397,0.10798260160371845,-0.2660366320994933,-0.2688913505455693,-0.19410028147334082,Distribusi
0.34451221916368524,-0.3788064749011018,0.0011045063665600268,0.07318512668152567,-0.2688913505455693,-0.19410028147334082,Distribusi
1.094417629764853,-0.14636353780090408,-0.11902665535309224,1.090850403024582,-0.2688913505455693,-0.19410028147334082,Distribusi
1.2625411316054467,0.9239950666559626,0.0004820832539279468,1.2912996241224568,3.7189742175456435,-0.19410028147334082,Distribusi
0.1485929154704931,0.4924212645483099,0.20551011556201754,0.8168635978552977,-0.2688913505455693,-0.19410028147334082,Distribusi
-1.1221940107364994,1.3460997515801734,0.39024005595565275,-0.33872700898114033,-0.2688913505455693,-0.19410028147334082,Distribusi
2.3612565515554698,0.6084255523389025,0.8045654503835986,1.236231156787876,-0.2688913505455693,-0.19410028147334082,Distribusi
-1.28213982045847,1.4083349398948897,0.9013008424325705,0.3433061568219665,-0.2688913505455693,-0.19410028147334082,Distribusi
-0.0333321522446104,-0.4604657194067741,0.8471119733330528,0.3433061568219665,-0.2688913505455693,-0.19410028147334082,Distribusi
0.14814482417070854,-0.5586851165445026,0.813145201613653,0.4689438452593807,-0.2688913505455693,-0.19410028147334082,Distribusi
-0.3953943263213599,-0.3027969313218545,0.877534209232672,0.21766846838455195,-0.2688913505455693,-0.19410028147334082,Distribusi
-0.0333321522446104,0.23040812708667868,0.640987083611572,0.21766846838455195,-0.2688913505455693,-0.19410028147334082,Distribusi
-0.2152572199597139,0.24762029409383834,0.5553107947069665,0.09203077994713776,-0.2688913505455693,-0.19410028147334082,Distribusi
-0.21570752953326874,-0.32855378547591674,0.42368790598038847,-0.03360690849027682,-0.2688913505455693,-0.19410028147334082,Distribusi
-0.21616007389378808,-0.36674254680937524,0.23342623317952188,-0.1592445969276912,-0.2688913505455693,-0.19410028147334082,Distribusi
0.1499505652295668,-0.9662463596608296,0.10883734697834792,-0.09642575270898392,-0.2688913505455693,-0.19410028147334082,Distribusi
-0.0333321522446104,-0.09490660787584207,0.004209505811816835,-0.09642575270898392,-0.2688913505455693,-0.19410028147334082,Distribusi
-1.6787834470871932,-0.12120198158937238,-0.21762087602996605,-1.2706549177202031,-0.2688913505455693,-0.19410028147334082,Distribusi
0.3406762356976054,-0.12408651500036072,-0.4068972153254134,-1.0097151032732654,-0.2688913505455693,-0.19410028147334082,Distribusi
-2.824228077419529,1.8776665104997365,-0.8779290380912252,-1.7925345466140783,-0.2688913505455693,5.151976042535246,Markdown
2.4806717362594135,-0.2948566942436727,-1.1389096426129461,-0.5325680139988652,-0.2688913505455693,-0.19410028147334082,Markdown
-0.22033634621571832,-0.41725689914197245,-1.4066292230334658,-0.6294885165077279,-0.2688913505455693,-0.19410028147334082,Markdown
-2.6580525948518634,3.357785378595164,-1.678084555118676,-1.1288398011729543,-0.2688913505455693,5.151976042535246,Markdown
0.355478678492165,-0.0863603584175316,-1.9191185833183082,-0.9813520799638157,-0.2688913505455693,-0.19410028147334082,Markdown
-0.4201019812452314,0.4711909936110063,-1.7999014392430799,-1.1288398011729543,-0.2688913505455693,-0.19410028147334082,Markdown
-0.0333321522446104,0.8434688467458168,-2.061962417055024,-1.0825355166072945,-0.2688913505455693,-0.19410028147334082,Markdown
-1.0053592290865327,0.47540170060156633,-2.317088930078949,-1.4694662049178697,-0.2688913505455693,-0.19410028147334082,Markdown
2.9217341214700068,1.3455310776511549,-1.9424453244045943,-0.22053127421423463,-0.2688913505455693,-0.19410028147334082,Markdown
1.6713384694046396,0.4388953188844469,-1.4379970239676065,0.5820177648530537,-0.2688913505455693,-0.19410028147334082,Markdown
-1.3292054360946757,-0.08925598106829213,-1.0134167230502151,0.03404415451448479,-0.2688913505455693,-0.19410028147334082,Markdown
-1.1639662047962949,-0.18311753068609926,-0.7211655777212984,-0.48783547437939023,-0.2688913505455693,-0.19410028147334082,Markdown
1.306297891839344,-0.36484521601880165,-0.1523422416195161,0.3397165085808974,-0.2688913505455693,-0.19410028147334082,Markdown
-0.0333321522446104,-0.05204529031853601,0.0087809451579162,0.4024297749101616,-0.2688913505455693,-0.19410028147334082,Markdown
-1.9129151222603715,-0.28175279094116257,-0.28024209075271694,-0.5952812803281292,-0.2688913505455693,-0.19410028147334082,Markdown
2.2812119029789835,-0.5508957565116074,-0.14560374779876906,0.6019719859578198,-0.2688913505455693,-0.19410028147334082,Markdown
-0.40734054018683447,-1.0135807854876369,0.11757919726612402,0.4024297749101616,-0.2688913505455693,-0.19410028147334082,Markdown
-0.7851653402509164,-0.7865656456319943,0.111340332072224,0.003345352814845184,-0.2688913505455693,-0.19410028147334082,Markdown
-2.5019803004921175,-0.06414123684797639,-0.22011925665907042,-1.2625005485187362,-0.2688913505455693,-0.19410028147334082,Markdown
1.1455422865492773,0.39198146113718085,-0.14555136930035673,-0.4955101748043003,-0.2688913505455693,-0.19410028147334082,Markdown
0.1600527622557042,-0.3348416463582577,-0.4782618898988403,-0.3957390692804712,-0.2688913505455693,-0.19410028147334082,Markdown
-0.4190894947818733,-0.9813824978317361,-0.7101331787322188,-0.5952812803281292,-0.2688913505455693,-0.19410028147334082,Markdown
0.7422431364355806,-0.8734371008505806,-0.7584573728929507,-0.19619685823281302,-0.2688913505455693,-0.19410028147334082,Markdown
1.1179124168900445,-0.0973055204967134,-0.4243647814824705,0.4024297749101616,-0.2688913505455693,-0.19410028147334082,Markdown
-2.1114761949902445,-0.30403641139761645,-0.4652493526827396,-0.6950523858519583,-0.2688913505455693,-0.19410028147334082,Markdown
-0.8109538137181531,-0.49404920094996635,-0.628752529883784,-1.0941368079472746,-0.2688913505455693,-0.19410028147334082,Markdown
0.35962599402002426,0.3839944385415938,-0.6969525629866985,-0.8945945968996165,-0.2688913505455693,-0.19410028147334082,Markdown
-1.0105158714040003,0.5116478438619166,-1.010326350788197,-1.3934501245187618,-0.2688913505455693,-0.19410028147334082,Markdown
-0.0333321522446104,-0.42521391895175503,-1.3875710609292449,-1.3934501245187618,-0.2688913505455693,-0.19410028147334082,Markdown
-1.221713642964253,0.4429748260211707,-1.529799089540794,-1.7925345466140783,-0.2688913505455693,5.151976042535246,Markdown
-1.2411953067465447,2.0027484137487916,-1.7349506676192537,-1.1939079134711037,-0.2688913505455693,5.151976042535246,Markdown
2.0133248595503246,8.759707606991439,-1.8277012648835813,-0.5287672099789099,-0.2688913505455693,-0.19410028147334082,Markdown
0.16580204349759814,-0.8503295439489481,-1.7148107216432085,-0.46225313962969056,-0.2688913505455693,-0.19410028147334082,Markdown
0.5624601854207657,-0.7915319463422785,-1.5383481493823747,-0.05873444617775973,-0.2688913505455693,-0.19410028147334082,Markdown
0.7546855207459587,-0.6881014641052456,-1.1785292823437905,0.289053518633083,-0.2688913505455693,-0.19410028147334082,Markdown
0.16158756316442557,-1.2138370983598754,-0.5483486532299474,0.3661493729014963,-0.2688913505455693,-0.19410028147334082,Markdown
-1.1997646444549204,-1.1167231676083054,-0.33343277167816265,-0.05698136215305142,-0.2688913505455693,-0.19410028147334082,Markdown
1.5469284895702522,-1.1991407937821073,-0.0059406440582157214,0.5741288867418674,-0.2688913505455693,-0.19410028147334082,Markdown
-1.7737963827473926,-0.8399345552759431,-0.040753644639013056,-0.13587014326491642,-0.2688913505455693,-0.19410028147334082,Markdown
-0.42945931581782465,-1.0937773823995434,-0.1872647888757395,-0.293647705488646,-0.2688913505455693,-0.19410028147334082,Markdown
-0.4316005437290275,-0.5427552178577786,-0.3972569419406609,-0.4514252677123758,-0.2688913505455693,-0.19410028147334082,Markdown
-0.0333321522446104,-1.0393669357798943,-0.4537202289919491,-0.4514252677123758,-0.2688913505455693,-0.19410028147334082,Markdown
-1.2346308330807692,-0.3253268150263103,-0.8342006448465991,-0.9247579543835648,-0.2688913505455693,-0.19410028147334082,Markdown
3.0196921194936968,-0.6027609756825802,-0.6030138670388933,0.3586278261436024,-0.2688913505455693,-0.19410028147334082,Markdown
1.334725054578534,0.6435764407087887,-0.2438234692488203,1.316998242211928,-0.2688913505455693,-0.19410028147334082,Distribusi
-0.0333321522446104,-0.6740210710835761,0.1428558308029611,1.077803412302235,-0.2688913505455693,-0.19410028147334082,Distribusi
-0.0333321522446104,-0.6466944379330812,0.5428293055643473,1.077803412302235,-0.2688913505455693,-0.19410028147334082,Distribusi
-0.8008285316677108,-0.6535729223885842,0.991007842596914,0.7298836597063185,-0.2688913505455693,-0.19410028147334082,Distribusi
1.905606069455867,-0.4867302838339507,1.2261776430452132,1.5996830411961103,-0.2688913505455693,-0.19410028147334082,Distribusi
1.2891231476844245,0.6582527793234547,1.3668396339570466,1.4583406417040192,3.7189742175456435,-0.19410028147334082,Markup
-0.4045142803283313,-0.7638412246075289,1.4222316314744665,1.2426075056371433,-0.2688913505455693,-0.19410028147334082,Markup
0.15319861338733468,-0.06534634187192531,1.5689114989140769,1.2426075056371433,-0.2688913505455693,-0.19410028147334082,Markup
0.7109067611353733,-0.5790098735037235,1.9135567375551286,1.5996830411961103,-0.2688913505455693,-0.19410028147334082,Markup
-1.3227260696754208,-0.31181712931917976,1.8603286829586854,0.9748008539679177,-0.2688913505455693,-0.19410028147334082,Markup
0.9040680058294132,-0.9872491195148123,1.7454478421016697,1.4211452734166266,-0.2688913505455693,-0.19410028147334082,Markup
0.7071668670982865,-0.15715372454829696,1.773913380964371,1.5996830411961103,3.7189742175456435,-0.19410028147334082,Markup
0.1499505652295668,-0.4264941465639434,1.7528041967041557,1.36839547839087,3.7189742175456435,-0.19410028147334082,Markup
0.1494957694045591,-0.43067064225383267,1.6996464935719462,1.2388088297269413,-0.2688913505455693,-0.19410028147334082,Markup
-0.21570752953326874,-0.5686789112332749,1.7530567848961773,1.1666339874331078,-0.2688913505455693,-0.19410028147334082,Markup
-0.0333321522446104,-0.42332736310439895,1.6575206749634723,1.1666339874331078,-0.2688913505455693,-0.19410028147334082,Markup
-0.21616007389378808,-0.9975441840551449,1.4218947815656542,1.0944591451392738,-0.2688913505455693,-0.19410028147334082,Markup
-0.7664630221413027,-0.9762800953838078,1.0822175973167527,0.8057597759639386,-0.2688913505455693,-0.19410028147334082,Markup
-1.1440806812589475,0.3249340943642404,0.5589837630958003,0.3181786191344836,-0.2688913505455693,-0.19410028147334082,Markup
2.2221674117742998,-0.27084078684746016,0.4041762680182076,1.085710679406688,-0.2688913505455693,-0.19410028147334082,Markup
0.14904322504404796,-0.44604352963627836,0.3168031994044324,1.1619775459947956,-0.2688913505455693,-0.19410028147334082,Markup
-0.2152572199597139,-1.014428143162957,0.236530619246055,1.0525511721944671,-0.2688913505455693,-0.19410028147334082,Markup
0.5137939796213646,-0.7606785251331252,0.32084601403175955,1.3808302935954528,-0.2688913505455693,-0.19410028147334082,Markup
-0.7574565003981012,-1.1455808641348777,0.4571018312818456,0.845856910571624,-0.2688913505455693,-0.19410028147334082,Markup
1.6121191425979806,0.997258483436091,0.520782128590421,1.5996830411961103,3.7189742175456435,-0.19410028147334082,Markup
0.1455019555821402,0.5087885627951145,0.6237969232877087,1.1756558427198367,3.7189742175456435,-0.19410028147334082,Markup
-0.5685354386219776,0.3039922312614528,0.6809413101991237,0.6498621166092575,-0.2688913505455693,-0.19410028147334082,Markup
-0.57245156022962,-0.8184708731099224,0.6082918873022479,0.24279600607203486,-0.2688913505455693,-0.19410028147334082,Markup
0.6907921959088886,0.77198097728706,0.7435936753435258,0.7855508201216651,-0.2688913505455693,-0.19410028147334082,Markup
0.6837447569974122,0.09813413704879956,0.6764125952435875,1.3283056341712953,-0.2688913505455693,-0.19410028147334082,Markup
-1.276121470250211,-0.10700229194804706,0.48139040781250325,0.3784847095844425,-0.2688913505455693,-0.19410028147334082,Markup
-2.380968136362338,1.9560915315155136,0.1389089566051547,-1.3854684360768557,-0.2688913505455693,-0.19410028147334082,Akumulasi
0.899321675915115,0.47407379056926724,-0.022849298359656146,-0.7070249185148179,-0.2688913505455693,-0.19410028147334082,Akumulasi
0.7034643720015694,-0.29488109375656524,-0.20413941892346008,-0.16427010446518775,-0.2688913505455693,-0.19410028147334082,Akumulasi
0.8785447341986814,-0.2372614703810811,-0.39819662947442475,0.5141734130968502,-0.2688913505455693,-0.19410028147334082,Akumulasi
-0.5737697005914395,-0.43327785157188964,-0.4692476615020545,0.10710730255962758,-0.2688913505455693,-0.19410028147334082,Akumulasi
0.3296218005860274,-0.6417861553677804,-0.17173026162873492,0.3784847095844425,-0.2688913505455693,-0.19410028147334082,Akumulasi
0.6890173813300725,-0.21397785955796614,0.04765542562717074,0.9212395236340728,-0.2688913505455693,-0.19410028147334082,Akumulasi
-0.7486685835515801,-0.37879924441237584,0.04726235810770789,0.3784847095844425,-0.2688913505455693,-0.19410028147334082,Akumulasi
0.14725523114906033,-0.8043878252028149,0.014965311685341985,0.3661493729014963,-0.2688913505455693,-0.19410028147334082,Akumulasi
0.6872512455511671,-0.5549659553369126,0.14337301443312067,0.9829162070488036,-0.2688913505455693,-0.19410028147334082,Akumulasi
0.3234700386736398,-0.24918046543058978,0.2521134639763507,1.2912996241224568,-0.2688913505455693,-0.19410028147334082,Akumulasi
0.32175051004269944,0.010936679011288211,0.31573950400814943,1.452195319986972,-0.2688913505455693,-0.19410028147334082,Akumulasi
-0.0333321522446104,0.6493810093215691,0.45576383067272647,1.1926169306588879,-0.2688913505455693,-0.19410028147334082,Akumulasi
-0.7400914081162487,-0.13181800310593575,0.5516946054470339,0.6498621166092575,-0.2688913505455693,-0.19410028147334082,Akumulasi
-0.0333321522446104,-0.40272395844136755,0.5516946054470339,0.6498621166092575,-0.2688913505455693,-0.19410028147334082,Akumulasi
-0.0333321522446104,-0.7322033671555295,0.4810589056681124,0.6498621166092575,-0.2688913505455693,-0.19410028147334082,Akumulasi
-0.9253376295402278,0.04094449595807181,0.2442848138794662,-0.02858140095278008,-0.2688913505455693,-0.19410028147334082,Akumulasi
1.050192148117414,-0.606343227477132,0.14821661421613003,0.7855508201216651,-0.2688913505455693,-0.19410028147334082,Akumulasi
-0.9231830269380673,-0.11631989217119336,0.08444124110162642,0.10710730255962758,-0.2688913505455693,-0.19410028147334082,Akumulasi
0.6872512455511671,2.93349366038482,0.0523185428864529,0.6498621166092575,-0.2688913505455693,-0.19410028147334082,Distribusi
-0.39013434316286066,0.4142336087041419,-0.10127673413623182,0.2119576643646697,-0.2688913505455693,-0.19410028147334082,Distribusi
-0.750409061486633,-0.21527498134828202,-0.1714754975259249,-0.6052583908805123,-0.2688913505455693,-0.19410028147334082,Distribusi
0.8718232829472511,-0.405034013602219,-0.2734016952721519,0.003345352814845184,-0.2688913505455693,-0.19410028147334082,Distribusi
-0.3910003678980953,-0.5674467608627245,-0.25427465470963045,-0.3957390692804712,-0.2688913505455693,-0.19410028147334082,Distribusi
0.3260807864120626,-0.8111107940736896,-0.31786171322764994,0.003345352814845184,-0.2688913505455693,-0.19410028147334082,Distribusi
-0.2121662600713528,-0.6503004233586829,-0.33689287407261165,-0.4356475114900027,-0.2688913505455693,-0.19410028147334082,Distribusi
0.5044755296869147,-0.01172574621871902,-0.1714290519478052,0.24279600607203486,-0.2688913505455693,-0.19410028147334082,Distribusi
0.5005783725714638,0.27743498200588207,-0.1014996194744227,0.9212395236340728,-0.2688913505455693,-0.19410028147334082,Distribusi
0.32004747569120473,0.4051911657413075,0.06347723969243649,1.3735352020087646,-0.2688913505455693,-0.19410028147334082,Distribusi
-0.38502500391343014,0.3265828718281251,0.1648856900652534,0.9212395236340728,-0.2688913505455693,-0.19410028147334082,Distribusi
0.4967372896591123,0.8550514772696164,0.3612561880356062,1.5996830411961103,-0.2688913505455693,-0.19410028147334082,Distribusi
0.8438065670960759,0.10759422415109621,0.5888049464766995,1.5996830411961103,3.7189742175456435,-0.19410028147334082,Distribusi
1.873670616392559,2.2045682800739863,0.9473516765257561,1.5996830411961103,3.7189742175456435,-0.19410028147334082,Markup
-0.8782822947287597,1.9845919782460701,1.134162048568721,1.0525511721944671,-0.2688913505455693,-0.19410028147334082,Markup
1.1633211353941906,0.05917352589936427,1.5012657135812173,1.5996830411961103,3.7189742175456435,-0.19410028147334082,Markup
-1.0426424594311612,0.7937128869274285,1.6794281128592614,0.9829162070488036,-0.2688913505455693,-0.19410028147334082,Markup
0.3077773497212066,1.889353527627981,1.7362834463237642,1.1885051517645724,-0.2688913505455693,-0.19410028147334082,Markup
-1.0519448585757374,0.08746554865065749,1.4459424556753115,0.5717383176172655,-0.2688913505455693,-0.19410028147334082,Markup
-0.37762959348113867,0.2213596329269769,1.2121775267768344,0.3661493729014963,-0.2688913505455693,-0.19410028147334082,Markup
-2.281772249709476,1.4112991301102602,0.5891091393812407,-0.9701787677510022,-0.2688913505455693,-0.19410028147334082,Markup
1.5722777068874996,-0.5048662842451921,0.27079101495078417,-0.04502851653004171,-0.2688913505455693,-0.19410028147334082,Markup
-0.3825248177641302,0.06837773598715914,-0.1585552016090374,-0.2506174612458107,-0.2688913505455693,-0.19410028147334082,Markup
-0.38418763998088495,-0.5231419034746131,-0.44414384546705743,-0.6617953506773487,-0.2688913505455693,-0.19410028147334082,Markup
0.1429349588190738,-0.5907013946345763,-0.6733046704237837,-0.5487214310836758,-0.2688913505455693,-0.19410028147334082,Markup
-1.2642571330854835,0.07082601087757898,-0.6981124051287488,-1.3402388682393864,-0.2688913505455693,-0.19410028147334082,Markup
0.6820042790623594,0.16119096373035977,-0.8775394724928972,-0.7324665504233943,-0.2688913505455693,-0.19410028147334082,Markup
0.14378239685303637,-0.7131699631671532,-0.9702233448074655,-0.6264597508043259,-0.2688913505455693,-0.19410028147334082,Markup
0.4967372896591123,-0.8226933028937187,-0.9389640560839019,-0.3084393519471207,-0.2688913505455693,-0.19410028147334082,Markup
-0.9104708715852967,-0.9416689090844003,-1.0136976426115,-0.8384733500424627,-0.2688913505455693,-0.19410028147334082,Markup
0.8543745034736724,-1.19584692155369,-0.8337487386030948,-0.3084393519471207,-0.2688913505455693,-0.19410028147334082,Markup
0.8438065670960759,-0.43329458381876873,-0.6414270096714487,0.22159464614822127,-0.2688913505455693,-0.19410028147334082,Markup
-1.0735154805921603,-0.5045311963148562,-0.5550391241456282,-0.4144461515661891,-0.2688913505455693,-0.19410028147334082,Markup
1.7251321060994964,-0.3584649609843688,-0.28875250368422023,0.6456218446244948,-0.2688913505455693,-0.19410028147334082,Markup
0.13841528930461786,-0.5297418458879327,0.08950455760348887,0.7516286442435632,-0.2688913505455693,-0.19410028147334082,Markup
-0.5473762389279937,-0.9817727588918083,0.3319816138251797,0.43360824538635806,-0.2688913505455693,-0.19410028147334082,Markup
-1.2411953067465447,0.4578361171655229,0.2829260905526537,-0.15491226284364226,-0.2688913505455693,-0.19410028147334082,Markup
1.0192343109642132,-0.5760121177937856,0.5074044698206025,0.5469258587722589,-0.2688913505455693,-0.19410028147334082,Markup
0.31258170890383546,0.38902714919082926,0.48250836750210746,0.7808718993108923,-0.2688913505455693,-0.19410028147334082,Markup
0.310965288991926,-0.9086643355265289,0.4573227069083677,1.014817939849526,-0.2688913505455693,-0.19410028147334082,Markup
-1.0614203256113688,-0.6997613898427434,0.3136297575945823,0.31297981823362514,-0.2688913505455693,-0.19410028147334082,Markup
-0.7284232128542132,-0.3687745922762304,0.3261691092082884,-0.15491226284364226,-0.2688913505455693,-0.19410028147334082,Markup
-1.085898615453434,1.5153213002629093,0.06531774415645919,-0.8567503844595434,-0.2688913505455693,-0.19410028147334082,Akumulasi
-0.7452128519993759,0.9322507068885643,-0.3328604175506582,-1.3246424655368108,-0.2688913505455693,-0.19410028147334082,Akumulasi
1.2246131330537453,-0.48895654438357994,-0.6442154725371683,-0.5058313236515929,-0.2688913505455693,-0.19410028147334082,Akumulasi
-0.38671178018042557,-0.39431484465237865,-0.8867772600151198,-0.7397773641902265,-0.2688913505455693,-0.19410028147334082,Akumulasi
0.8543745034736724,-0.300966514091218,-0.9113128918276978,-0.4356475114900027,-0.2688913505455693,-0.19410028147334082,Akumulasi
-0.38418763998088495,-0.2914022971143452,-0.8179178375825243,-0.7070249185148179,-0.2688913505455693,-0.19410028147334082,Akumulasi
-1.9722703739450795,1.996568757029029,-0.8127162377864615,-1.7925345466140783,-0.2688913505455693,5.151976042535246,Markdown
-0.7574565003981012,0.7392636339789946,-1.0881684157136242,-1.6897400742561939,-0.2688913505455693,5.151976042535246,Markdown
-0.21616007389378808,1.5227777825608422,-1.3027535955571117,-1.0036467354954297,-0.2688913505455693,-0.19410028147334082,Markdown
0.6997987176520819,0.22750892889096097,-1.5372247638408765,-0.6880916110479702,-0.2688913505455693,-0.19410028147334082,Markdown
-0.0333321522446104,-0.22779552762354352,-1.7590470211318934,-0.6880916110479702,-0.2688913505455693,-0.19410028147334082,Markdown
-0.3962861050752401,-0.38785832775717366,-1.6820353668599013,-0.8458691732717,-0.2688913505455693,-0.19410028147334082,Markdown
0.5137939796213646,-0.2065268998386069,-1.440085938638378,-0.5810282652532965,-0.2688913505455693,-0.19410028147334082,Markdown
-1.3005497615132213,-0.1859204824784636,-1.3239584715149362,-1.1463978632216614,-0.2688913505455693,-0.19410028147334082,Markdown
-0.5859295454292411,0.33092210806593775,-1.4097824160143646,-1.3886991194938176,-0.2688913505455693,-0.19410028147334082,Markdown
1.0802142320065442,-0.369085418470792,-1.3432431068494488,-0.904096606949505,-0.2688913505455693,-0.19410028147334082,Markdown
-1.6787834470871932,0.505545843493247,-1.386552011327595,-1.6270605179404105,-0.2688913505455693,-0.19410028147334082,Markdown
-0.0333321522446104,-0.4057893138345795,-1.494765642820666,-1.6270605179404105,-0.2688913505455693,-0.19410028147334082,Markdown
2.3977223693798333,1.9526517083822466,-1.2079259747704216,-0.1511389396091482,-0.2688913505455693,-0.19410028147334082,Markdown
-1.3005497615132213,-0.4421717464132705,-1.004050037406081,-0.9171235562114489,-0.2688913505455693,-0.19410028147334082,Markdown
-0.0333321522446104,-0.5055612012305002,-0.9925933693762202,-0.9171235562114489,-0.2688913505455693,-0.19410028147334082,Markdown
-0.0333321522446104,-0.018471936874941367,-0.7736014230309686,-0.9171235562114489,-0.2688913505455693,-0.19410028147334082,Markdown
-1.8753234628600597,0.19258172365981083,-0.7042551849720816,-1.7925345466140783,-0.2688913505455693,5.151976042535246,Markdown
3.3672671904300664,0.9525974971079245,-0.6332481446616381,0.057765955827842705,-0.2688913505455693,-0.19410028147334082,Markdown
-0.0333321522446104,0.25929260501114804,-0.347594576229367,0.24279600607203486,-0.2688913505455693,-0.19410028147334082,Markdown
0.327842614542731,0.1818893571863263,-0.03507435922222011,0.6304780161074851,-0.2688913505455693,-0.19410028147334082,Markdown
-1.291277437542966,-0.3711111995372403,0.06927393304774385,0.04491664678310715,-0.2688913505455693,-0.19410028147334082,Markdown
1.9777749858963196,-0.43072507370847823,0.6222548611197569,1.5996830411961103,-0.2688913505455693,-0.19410028147334082,Markdown
-0.0333321522446104,-0.4447691427205935,0.6990967403443353,1.5996830411961103,-0.2688913505455693,-0.19410028147334082,Markdown
0.5005783725714638,-0.9635179614885908,0.8602040653800188,1.5996830411961103,3.7189742175456435,-0.19410028147334082,Markdown
-1.800230291923694,-0.7868330199359512,0.7757102915880557,0.3433061568219665,-0.2688913505455693,-0.19410028147334082,Markdown
-0.93848758743648,-0.07349919109662646,0.7629571792912424,-0.28488228536510557,-0.2688913505455693,-0.19410028147334082,Markdown
0.3332332827037439,-0.4843293794646804,0.5230231346051489,-0.03360690849027682,-0.2688913505455693,-0.19410028147334082,Markdown
-1.4923351705538772,0.4753780633870735,0.0815539858888239,-1.0387084159895918,-0.2688913505455693,-0.19410028147334082,Akumulasi
-0.7775710656245859,0.12379988815594162,-0.5359098792809184,-1.5412591697392495,-0.2688913505455693,-0.19410028147334082,Akumulasi
-0.9731236372524908,0.510598484450134,-0.9535731900581554,-1.3079320340697655,-0.2688913505455693,5.151976042535246,Markdown
