Date,Close,Return,RVOL,TrendDiff,PricePosition,Breakout,Breakdown,Label
2021-01-04,129.41000366210938,0.0,1.0,0.0,0.3868616228004228,0,0,Akumulasi
2021-01-05,131.00999450683594,0.01236373386484213,0.8106087643608995,0.0,0.6204369806302438,0,0,Akumulasi
2021-01-06,126.5999984741211,-0.0336615236823381,1.1747465249758366,0.0,0.03042892372825017,0,1,Akumulasi
2021-01-07,130.9199981689453,0.03412322074954277,0.8668595601948449,0.0,0.6279389775349786,0,0,Akumulasi
2021-01-08,132.0500030517578,0.008631262592551314,0.8608359125016863,0.0,0.7842328030044816,0,0,Akumulasi
2021-01-11,128.97999572753906,-0.023248824333729434,0.8469172948400796,0.0006444334542541032,0.35961234673946424,0,0,Akumulasi
2021-01-12,128.8000030517578,-0.0013955084644402538,0.8014396979405992,-0.001630367587351217,0.3347171057699512,0,0,Akumulasi
2021-01-13,130.88999938964844,0.016226679257536736,0.795159614050181,0.0038164587120556558,0.6237897707067265,0,0,Akumulasi
2021-01-14,128.91000366210938,-0.015127173479807188,0.8268923346518186,0.0015108379751958127,0.34993156763407623,0,0,Akumulasi
2021-01-15,127.13999938964844,-0.013730542410815172,1.020484116490742,-0.004070406999863183,0.1051178123591913,0,0,Akumulasi
2021-01-19,127.83000183105469,0.005427107477730786,0.8429414597752742,-0.0047000328974530995,0.20055379037219398,0,0,Akumulasi
2021-01-20,132.02999877929688,0.0328561127128284,0.9714225008956974,-0.0014473406607919074,0.7814659616251131,0,0,Akumulasi
2021-01-21,136.8699951171875,0.03665830782882318,1.1087087159134692,0.003421937539559876,0.7893150595282176,1,0,Akumulasi
2021-01-22,139.07000732421875,0.016073736286376095,1.0519675093926162,0.01405182417451369,0.9420936698722941,0,0,Akumulasi
2021-01-25,142.9199981689453,0.027683832904034755,1.4065083185162177,0.03178729589964339,0.8840193332373713,1,0,Markup
2021-01-26,143.16000366210938,0.0016792995818566414,0.8847711028991443,0.04931045011207227,0.8968469925055773,0,0,Markup
2021-01-27,142.05999755859375,-0.007683752971338942,1.2469784264720105,0.05986850756352463,0.8380545736203987,0,0,Markup
2021-01-28,137.08999633789062,-0.03498522670784365,1.2445495022102173,0.058328538675800394,0.5724211442298165,0,0,Markup
2021-01-29,131.9600067138672,-0.037420597863168426,1.505606129997295,0.048115680056751646,0.29823675753570955,0,0,Markup
2021-02-01,134.13999938964844,0.01652010127968695,0.9055164585852864,0.03448742619553805,0.4147516042729505,0,0,Markup
2021-02-02,134.99000549316406,0.0063367087176327,0.7286700800562326,0.020071835728131794,0.46018218391531085,0,0,Markup
2021-02-03,133.94000244140625,-0.007778376242906226,0.7888713727299604,0.006789382544519632,0.4040622959870851,0,0,Markup
2021-02-04,137.38999938964844,0.025757778746879012,0.7625914908504168,0.003185226812416138,0.5776193772437247,0,0,Markup
2021-02-05,136.75999450683594,-0.004585522131241526,0.6963768875935402,0.008150411914841714,0.5430606811129962,0,0,Markup
2021-02-08,136.91000366210938,0.0010968789214593766,0.6663068655198823,0.010446389924673546,0.5512893805331956,0,0,Markup
2021-02-09,136.00999450683594,-0.006573728224378961,0.7254961077236162,0.009326113356552715,0.5019196950585115,0,0,Markup
2021-02-10,135.38999938964844,-0.004558452630158305,0.6964924229443769,0.009011391425467028,0.4655647267120535,0,0,Markup
2021-02-11,135.1300048828125,-0.0019203376025409558,0.6201043662273875,0.0040963854064778055,0.45123995567803693,0,0,Markup
2021-02-12,135.3699951171875,0.0017759951580194056,0.5887566126106866,-0.00033871842104063227,0.4644625625694632,0,0,Markup
2021-02-16,133.19000244140625,-0.016103957704172722,0.8009172504057327,-0.00802657447750741,0.3443527328794648,0,0,Markup
2021-02-17,130.83999633789062,-0.017644012767020212,0.9698445723999024,-0.016710580622673846,0.13845188728418353,0,0,Markup
2021-02-18,129.7100067138672,-0.008636423537534132,0.9628864992420465,-0.024216822858314908,0.13009072424042614,0,0,Markup
2021-02-19,129.8699951171875,0.0012334314627955312,0.8858490970217603,-0.029448811066499315,0.13913984582402675,0,0,Markup
2021-02-22,126.0,-0.029798993321709433,1.0556459050806142,-0.03862248062916598,0.020523425845134627,0,1,Markup
2021-02-23,125.86000061035156,-0.0011111062670511318,1.6072933807262804,-0.0434326129823884,0.288305679849332,0,0,Markup
2021-02-24,125.3499984741211,-0.004052138358153767,1.120435638361313,-0.0452780384502827,0.2686220803068011,0,0,Markup
2021-02-25,120.98999786376953,-0.0347826139882379,1.489861393665484,-0.050855921915519645,0.11016939837713768,0,0,Markup
2021-02-26,121.26000213623047,0.002231624739467808,1.6362939781525057,-0.058235087207427816,0.14725510198489467,0,0,Markup
2021-03-01,127.79000091552734,0.05385121774911972,1.1928015266412277,-0.05401444271462313,0.4822985570309803,0,0,Markup
2021-03-02,125.12000274658203,-0.02089363917220921,1.0508859231544634,-0.05188569106149351,0.3453053596775065,0,0,Markup
2021-03-03,122.05999755859375,-0.024456562666370862,1.14347300940281,-0.05223152556303629,0.1883015461556709,0,0,Markup
2021-03-04,120.12999725341797,-0.015811898605432195,1.7262081131345297,-0.04850778914447863,0.08927641730936502,0,0,Markup
2021-03-05,121.41999816894531,0.01073837463598748,1.4413120550839524,-0.04235853396382086,0.18956166866949178,0,0,Markup
2021-03-08,116.36000061035156,-0.04167351041756073,1.3955666595054688,-0.05260768504448799,0.006922080560329061,0,1,Markdown
2021-03-09,121.08999633789062,0.04064967087253768,1.140887631960423,-0.053053647642649755,0.22519593667076127,0,0,Markdown
2021-03-10,119.9800033569336,-0.009166677797724065,0.9709783693491445,-0.0503347377917765,0.181424596235163,0,0,Markdown
2021-03-11,121.95999908447266,0.016502714386902317,0.8821655103352716,-0.042335466181854686,0.28493557547297144,0,0,Markdown
2021-03-12,121.02999877929688,-0.007625453527034254,0.746783570661428,-0.037549390208246394,0.24343438430193914,0,0,Markdown
2021-03-15,123.98999786376953,0.0244567389434609,0.772656348087104,-0.020853466521840378,0.39292932212043274,0,0,Markdown
2021-03-16,125.56999969482422,0.012742978129499427,0.9497461548406224,-0.010604186197944065,0.5846345634876574,0,0,Markdown
2021-03-17,124.76000213623047,-0.006450565903976302,0.9172874719372526,-0.0004290997813839499,0.5896550726239053,0,0,Markdown
2021-03-18,120.52999877929688,-0.033905124114334995,0.9836536050754477,0.0009751664031337144,0.2979308566753221,0,0,Markdown
2021-03-19,119.98999786376953,-0.004480220036475302,1.4480405102813299,0.0033126071496618306,0.27979261151705204,0,0,Akumulasi
2021-03-22,123.38999938964844,0.028335707862409354,0.8706544898389295,0.0034019030504211555,0.5739407737095135,0,0,Akumulasi
2021-03-23,122.54000091552734,-0.006888714468965329,0.7613137818527728,-0.00019220204932882912,0.5059952637995354,0,0,Akumulasi
2021-03-24,120.08999633789062,-0.019993508726392273,0.7123908843289496,-0.0056925123329137186,0.31015160598422525,0,0,Akumulasi
2021-03-25,120.58999633789062,0.0041635441356262515,0.8115020262982625,-0.005431116333395597,0.3501196247387497,0,0,Akumulasi
2021-03-26,121.20999908447266,0.005141411107143501,0.795325234793171,-0.003410401299744042,0.39968018754524426,0,0,Akumulasi
2021-03-29,121.38999938964844,0.0014850285169158983,0.6936929196529648,-0.004076941271734963,0.41406869869141577,0,0,Akumulasi
2021-03-30,119.9000015258789,-0.012274469653688724,0.7406176962122226,-0.006285064081409303,0.3351500204767089,0,0,Akumulasi
2021-03-31,122.1500015258789,0.018765637792876655,1.0205240617778446,-0.0029282487846446032,0.5395096538500717,0,0,Akumulasi
2021-04-01,123.0,0.006958644809685222,0.6777553671846216,-0.00013985580923197416,0.6167120434230959,0,0,Akumulasi
2021-04-05,125.9000015258789,0.02357724817787732,0.8243932282941318,0.005723869141150375,0.8801090428056764,0,0,Akumulasi
2021-04-06,126.20999908447266,0.002462252222689809,0.7721785228147507,0.009557237335657984,0.8801895492684199,0,0,Akumulasi
2021-04-07,127.9000015258789,0.013390400551981152,0.8221548716547479,0.019803603700370927,0.9977928644089491,1,0,Akumulasi
2021-04-08,130.36000061035156,0.019233769000189582,0.8851978990889778,0.028841085653247018,0.9973981975305374,1,0,Akumulasi
2021-04-09,133.0,0.020251606146730827,1.0610319080731472,0.040420464493271246,0.9971795975465404,1,0,Akumulasi
2021-04-12,131.24000549316406,-0.013233041404781432,0.9077036557064744,0.04474356016280497,0.8730614440977079,0,0,Akumulasi
2021-04-13,134.42999267578125,0.024306515156183428,0.9066914897923753,0.05355331782414142,0.9854423454492602,1,0,Akumulasi
2021-04-14,132.02999877929688,-0.017853113347054084,0.8787432661985761,0.057437984194487535,0.8159850475206357,0,0,Akumulasi
2021-04-15,134.5,0.018707878842231906,0.9105038408764682,0.05993188101138693,0.9690210645038388,0,0,Akumulasi
2021-04-16,134.16000366210938,-0.002527853813313219,0.881725000734577,0.05604640565825537,0.9479556152629494,0,0,Akumulasi
2021-04-19,134.83999633789062,0.005068520104500429,1.0274064760890407,0.055541320978836586,0.9620707489667476,0,0,Akumulasi
2021-04-20,133.11000061035156,-0.012829989428388311,1.0431008244543285,0.049443802304277334,0.8548291280887151,0,0,Akumulasi
2021-04-21,133.5,0.002929902996470446,0.7686945370089534,0.04724732788467636,0.8782244149805261,0,0,Akumulasi
2021-04-22,131.94000244140625,-0.011685374970739737,0.9462995576646974,0.03843880731333569,0.7846432674132826,0,0,Akumulasi
2021-04-23,134.32000732421875,0.01803853902359487,0.8902327688618686,0.03317099786626994,0.9274150217165453,0,0,Akumulasi
2021-04-26,134.72000122070312,0.002977917470767144,0.7690435850101957,0.02761488196512584,0.9514098591742678,0,0,Akumulasi
2021-04-27,134.38999938964844,-0.002449538509980198,0.765332875480117,0.024460111592543785,0.9316137063666778,0,0,Akumulasi
2021-04-28,133.5800018310547,-0.0060272160300057775,1.2334888242078597,0.019243674777507297,0.8643951793677364,0,0,Akumulasi
2021-04-29,133.47999572753906,-0.0007486607437100501,1.697746876716977,0.01720012197146532,0.7537716551955462,0,0,Akumulasi
2021-04-30,131.4600067138672,-0.015133271488823707,1.210507081785202,0.009621675204723384,0.5992858890610345,0,0,Akumulasi
2021-05-03,132.5399932861328,0.008215324183090233,0.8342540353730569,0.003805084663690455,0.6202840716510306,0,0,Akumulasi
2021-05-04,127.8499984741211,-0.035385506636376296,1.4802681328668503,-0.006674589455563016,0.22715819631768444,0,0,Akumulasi
2021-05-05,128.10000610351562,0.0019554762016296134,0.9036339086927521,-0.015010084339893605,0.13500556937886343,0,0,Akumulasi
2021-05-06,129.74000549316406,0.01280249267375666,0.8453323073280967,-0.02041892359126022,0.29315385758575885,0,0,Akumulasi
2021-05-07,130.2100067138672,0.003622639130594907,0.8674808878230523,-0.021274340797347455,0.33847697720306824,0,0,Akumulasi
2021-05-10,126.8499984741211,-0.025804531652698692,0.9691992093766407,-0.02825284089295239,0.014464934984675012,0,0,Akumulasi
2021-05-11,125.91000366210938,-0.007410286348592199,1.362029030528198,-0.028055931307347712,0.2195807464103192,0,1,Akumulasi
2021-05-12,122.7699966430664,-0.02493850311901713,1.1950849636101586,-0.03274389714272067,0.035087475443863744,0,0,Akumulasi
2021-05-13,124.97000122070312,0.017919724996269926,1.1180122058904136,-0.03651028763283884,0.18353575414622897,0,0,Akumulasi
2021-05-14,127.44999694824219,0.019844728361323005,0.8665192461987046,-0.03826200645184578,0.35087681365341766,0,0,Akumulasi
2021-05-17,126.2699966430664,-0.009258535374112142,0.7937553796206739,-0.03598704565652561,0.27125470015773584,0,0,Akumulasi
2021-05-18,124.8499984741211,-0.011245729046459818,0.6887912886136073,-0.034552412997772695,0.17543840682670883,0,0,Akumulasi
2021-05-19,124.69000244140625,-0.0012815060846637083,0.9942174850211719,-0.02829369270672768,0.1646424585377104,0,0,Akumulasi
2021-05-20,127.30999755859375,0.021012070461853494,0.8285124239780716,-0.022925029151225854,0.3414301658491584,0,0,Akumulasi
2021-05-21,125.43000030517578,-0.014767082628783457,0.8545032725709982,-0.022689382783980118,0.21457481333218018,0,0,Akumulasi
2021-05-24,127.0999984741211,0.01331418452429367,0.6813012828694672,-0.018491594564930023,0.32726019414276947,0,0,Akumulasi
2021-05-25,126.9000015258789,-0.0015735401309459052,0.7750779025434754,-0.012410753407615379,0.31376513008059764,0,0,Akumulasi
2021-05-26,126.8499984741211,-0.0003940350760958111,0.6262071867739619,-0.00641777764946786,0.3103911066632072,0,0,Akumulasi
2021-05-27,125.27999877929688,-0.012376820762394547,1.081149202042682,-0.006407010392505045,0.25634491554743133,0,0,Akumulasi
2021-05-28,124.61000061035156,-0.005348005870638883,0.833105277542972,-0.005016409345251259,0.19966151844221028,0,0,Akumulasi
2021-06-01,124.27999877929688,-0.002648277260559384,0.7936591844497147,-0.006227699822921507,0.21969670697692853,0,0,Akumulasi
2021-06-02,125.05999755859375,0.006276140867059743,0.7290700107757514,-0.00804475429543762,0.3118756128499066,0,0,Akumulasi
2021-06-03,123.54000091552734,-0.012154139395007202,0.9420436271000484,-0.011503653916783707,0.14317443973452063,0,0,Akumulasi
2021-06-04,125.88999938964844,0.019022166559055975,0.9306469077646908,-0.00902147055323165,0.40399573905253194,0,0,Akumulasi
2021-06-07,125.9000015258789,7.945139629006448e-05,0.8840733093968559,-0.005266906771587326,0.5006865414844786,0,0,Akumulasi
2021-06-08,126.73999786376953,0.006671932706195927,0.9336436033966579,-0.001305835972305665,0.7230262495116455,0,0,Akumulasi
2021-06-09,127.12999725341797,0.003077161087438496,0.7461488873863911,0.0015041688632373214,0.7858280156961416,0,0,Akumulasi
2021-06-10,126.11000061035156,-0.008023257021182562,0.959652841273495,0.004260122273087794,0.5803565103187449,0,0,Akumulasi
2021-06-11,127.3499984741211,0.009832668763525065,0.747912520517065,0.005629799186540239,0.8017844589402783,0,0,Akumulasi
2021-06-14,130.47999572753906,0.024577913552578545,1.3401200537035411,0.01168622774879033,0.9921878104411542,1,0,Markup
2021-06-15,129.63999938964844,-0.006437740384699686,0.8746727102331868,0.014929858117323034,0.8759682128500993,0,0,Markup
2021-06-16,130.14999389648438,0.003933928642679829,1.2549805738739193,0.01757796003808349,0.9078448809890282,0,0,Markup
2021-06-17,131.7899932861328,0.012600841079968284,1.318345369338759,0.02368433734989753,0.9193196074508848,1,0,Markup
2021-06-18,130.4600067138672,-0.010091711359132227,1.4532766694868762,0.027311469348836905,0.7781321601459141,0,0,Markup
2021-06-21,132.3000030517578,0.014103911108376721,1.0623305213945184,0.027398767266215977,0.9734607382042101,0,0,Markup
2021-06-22,133.97999572753906,0.012698357044814257,0.9895450429064495,0.0314276286749723,0.9908670263280193,1,0,Markup
2021-06-23,133.6999969482422,-0.002089855114387973,0.803027794412818,0.0342334216204813,0.9445925095640068,0,0,Markup
2021-06-24,133.41000366210938,-0.0021689849869261923,0.9089873610130134,0.03411482394548049,0.8931367941568527,0,0,Markup
2021-06-25,133.11000061035156,-0.00224872980678148,0.9514115282925629,0.03508656858210156,0.8670722419346178,0,0,Markup
2021-06-28,134.77999877929688,0.012546000760933262,0.8400386131064785,0.0348518846925202,0.9612210301820542,1,0,Markup
2021-06-29,136.3300018310547,0.011500245331623304,0.8749267716185937,0.03367015981447324,0.9880236853721869,1,0,Markup
2021-06-30,136.9600067138672,0.0046211756352296796,0.8550721307531254,0.033953464613529,0.9684876228088874,1,0,Markup
2021-07-01,137.27000427246094,0.002263416642797056,0.7209931572287855,0.03442757453751369,0.9896755651854432,0,0,Markup
2021-07-02,139.9600067138672,0.01959643299833358,1.0804583321657872,0.0392978597829434,0.9973636591324919,1,0,Markup
2021-07-06,142.02000427246094,0.01471847284778427,1.4455675311532459,0.04389772999731309,0.9343410700131398,1,0,Markup
2021-07-07,144.57000732421875,0.01795523852305836,1.373866513571914,0.0492682392576969,0.983113872455828,1,0,Markup
2021-07-08,143.24000549316406,-0.009199707848613237,1.339838642692457,0.05232533275906226,0.9129290679575846,0,0,Markup
2021-07-09,145.11000061035156,0.013054977977341231,1.2450182996531514,0.05652460931921087,0.97237885357686,1,0,Markup
2021-07-12,144.5,-0.004203711720665804,0.937673817512473,0.056539505816040725,0.9054542024471918,0,0,Markup
2021-07-13,145.63999938964844,0.007889269132515198,1.236121734582576,0.05597827646560882,0.9042101408305921,0,0,Markup
2021-07-14,149.14999389648438,0.024100484218248397,1.4985495535252757,0.055150927551577925,0.9801035805025786,1,0,Markup
2021-07-15,148.47999572753906,-0.004492109932034749,1.2488814230053087,0.055733996484020575,0.9268876977716582,0,0,Markup
2021-07-16,146.38999938964844,-0.014075945568625792,1.092457860315456,0.05204628599150895,0.8263587409256414,0,0,Markup
2021-07-19,142.4499969482422,-0.026914423511397723,1.4123039896221745,0.04462158456515439,0.636844372778429,0,0,Markup
2021-07-20,146.14999389648438,0.025974005107115117,1.1097971824052166,0.04021010462008959,0.7905329118211584,0,0,Markup
2021-07-21,145.39999389648438,-0.005131714206784155,0.863700209701553,0.030707521243219776,0.7324022425712166,0,0,Markup
2021-07-22,146.8000030517578,0.009628674099327439,0.8820067797723562,0.023591322108512915,0.8138454628409926,0,0,Markup
2021-07-23,148.55999755859375,0.011989063148829748,0.8135554543903873,0.021201500526900705,0.9162302363647338,0,0,Markup
2021-07-26,148.99000549316406,0.002894506876931713,0.8240165089751625,0.024662765625559,0.9393396470223814,0,0,Markup
2021-07-27,146.77000427246094,-0.014900336524955593,1.1641458071560384,0.021263613322735925,0.7936104161507277,0,0,Markup
2021-07-28,144.97999572753906,-0.012196010716187922,1.282168985860168,0.017629842332825937,0.6474717460698454,0,0,Markup
2021-07-29,145.63999938964844,0.0045523774421245555,0.6134336113193023,0.012987282300662782,0.6938202999679608,0,0,Markup
2021-07-30,145.86000061035156,0.001510582406104799,0.7547681703344241,0.0062872401062035125,0.662040866151148,0,0,Markup
2021-08-02,145.52000427246094,-0.002330977214232255,0.679571941006282,-0.00039091156715960663,0.5488419907433018,0,0,Markup
2021-08-03,147.36000061035156,0.012644284523559701,0.7169905181078934,-0.001410203836522438,0.717041921593063,0,0,Markup
2021-08-04,146.9499969482422,-0.00278232668574363,0.6410448721061558,0.0004719727995959826,0.6730972718991383,0,0,Markup
2021-08-05,147.05999755859375,0.0007485580989179397,0.5460286100223342,0.0011066551817493562,0.6470586080250589,0,0,Markup
2021-08-06,146.13999938964844,-0.006255937605185613,0.6546159258736972,0.0011369941562306479,0.5366146744456555,0,0,Markup
2021-08-09,146.08999633789062,-0.0003421585600564825,0.6014700559931733,0.0013718319975016236,0.5306119084472858,0,0,Markup
2021-08-10,145.60000610351562,-0.00335403002709167,0.8657640564003267,-0.0010169453874912253,0.4717895643094621,0,0,Markup
2021-08-11,145.86000061035156,0.00178567648308392,0.6397795274904926,-0.0013836414854064348,0.5030013829991848,0,0,Markup
2021-08-12,148.88999938964844,0.020773335846824503,0.9758645568157395,0.000976961556259849,0.8848036740754038,0,0,Markup
2021-08-13,149.10000610351562,0.0014104823341263284,0.8203629631164812,0.0040919250481147845,0.9105397794208394,0,0,Markup
2021-08-16,151.1199951171875,0.013547880154139325,1.4453144184301094,0.007975947308527454,0.9919066762864557,1,0,Distribusi
2021-08-17,150.19000244140625,-0.006154001494375949,1.2942057128640299,0.012830971600260213,0.8369813639087879,0,0,Distribusi
2021-08-18,146.36000061035156,-0.025501043803157875,1.2018068171345249,0.013180065118659056,0.4179439364673397,0,0,Distribusi
2021-08-19,146.6999969482422,0.002323014050784167,1.202582695080028,0.010238675743579837,0.4551426630094541,0,0,Distribusi
2021-08-20,148.19000244140625,0.010156820205591055,0.843704076260205,0.009128984722843726,0.6181629685525352,0,0,Distribusi
2021-08-23,149.7100067138672,0.010257131030562805,0.8451260469242436,0.006966507458544306,0.7844654164698105,0,0,Distribusi
2021-08-24,149.6199951171875,-0.0006012396810035625,0.7112368081846432,0.00521897455328939,0.7746173198953588,0,0,Distribusi
2021-08-25,148.36000061035156,-0.008421297606974743,0.9027851586247636,0.006778925659030093,0.5614272727455972,0,0,Distribusi
2021-08-26,147.5399932861328,-0.005527145597501004,0.7483566004543372,0.007269103063526633,0.45310386670617425,0,0,Distribusi
2021-08-27,148.60000610351562,0.007184579541948732,0.8691062374380224,0.006890110378513547,0.5710320732422622,0,0,Distribusi
2021-08-30,153.1199951171875,0.03041715227469921,1.3863134832793875,0.008911199570865138,0.9588420300457084,1,0,Distribusi
2021-08-31,151.8300018310547,-0.008424721311841354,1.2962687241889466,0.010370636301733124,0.8153500947945327,0,0,Distribusi
2021-09-01,152.50999450683594,0.004478644981759983,1.1829786770220772,0.014065164416392408,0.7643127645355313,0,0,Distribusi
2021-09-02,153.64999389648438,0.007474915944589711,1.0287663411256127,0.020025635675321268,0.8730913765966771,0,0,Distribusi
2021-09-03,154.3000030517578,0.0042304535053308,0.8340472044398684,0.02487161065244453,0.9351151762405415,0,0,Distribusi
2021-09-07,156.69000244140625,0.01548930228372547,1.1591832548377141,0.026011187817383194,0.9553297562060608,1,0,Distribusi
2021-09-08,155.11000061035156,-0.010083616098260806,1.0445028309010322,0.02712928931882267,0.8315051079894623,0,0,Distribusi
2021-09-09,154.07000732421875,-0.006704875778740793,0.7993540522591641,0.026402189085665505,0.7500008968727839,0,0,Distribusi
2021-09-10,148.97000122070312,-0.03310187486902216,1.8755615974006576,0.02016753864384942,0.3503137260998351,0,0,Distribusi
2021-09-13,149.5500030517578,0.003893413615506436,1.3252445047854007,0.01371599803688015,0.39576843462215944,0,0,Distribusi
2021-09-14,148.1199951171875,-0.009562072252685905,1.4089655007050224,0.0033486195186142958,0.28369879902755074,0,0,Akumulasi
2021-09-15,149.02999877929688,0.006143692223250508,1.079827966692858,-0.004339258510684792,0.35501573114863094,0,0,Akumulasi
2021-09-16,148.7899932861328,-0.0016104508832446296,0.8927187447369935,-0.012148121301516813,0.33620651512306887,0,0,Akumulasi
2021-09-17,146.05999755859375,-0.018347979371765355,1.657432037575443,-0.01580055909739972,0.026087221891983696,0,0,Akumulasi
2021-09-20,142.94000244140625,-0.02136105141269684,1.5150433005269386,-0.022871345362226982,0.1044402244446141,0,1,Markdown
2021-09-21,143.42999267578125,0.003427943374884501,0.9215792943247844,-0.027076011863421668,0.13508378502175739,0,0,Markdown
2021-09-22,145.85000610351562,0.016872436389261614,0.9130871244035093,-0.03009485382208058,0.2864293075807314,0,0,Markdown
2021-09-23,146.8300018310547,0.0067192025130498045,0.7721660472235995,-0.03221565240710671,0.34771738300633637,0,0,Markdown
2021-09-24,146.9199981689453,0.0006129288072487249,0.6350292970419867,-0.030867346284035098,0.3533456752423849,0,0,Markdown
2021-09-27,145.3699951171875,-0.010549980064493591,0.8710219034391766,-0.02657410243644795,0.25640984044583554,0,0,Markdown
2021-09-28,141.91000366210938,-0.0238012765446467,1.2666561860063426,-0.024953628464550466,0.040025001908542635,0,0,Markdown
2021-09-29,142.8300018310547,0.006482969101571312,0.8731617862210805,-0.02606519172172972,0.09756088251011527,0,0,Markdown
2021-09-30,141.5,-0.009311781936598096,1.0370374424446764,-0.02964293536153418,0.014383731582563555,0,0,Markdown
2021-10-01,142.64999389648438,0.00812716534617941,1.0871582620902212,-0.03181381406471698,0.19504101799276657,0,0,Markdown
2021-10-04,139.13999938964844,-0.02460564077824645,1.1037749638125893,-0.03530261315079269,0.04581335253204428,0,0,Markdown
2021-10-05,141.11000061035156,0.014158410445197056,0.908479415345386,-0.0312515016178859,0.15130516783051923,0,0,Markdown
2021-10-06,142.0,0.00630713192402288,0.9303943530884866,-0.028024786710281007,0.209080520920112,0,0,Markdown
2021-10-07,143.2899932861328,0.009084459761498742,0.6884548889673879,-0.021934968452345688,0.2916903838549342,0,0,Markdown
2021-10-08,142.89999389648438,-0.00272174895611621,0.6869039260493575,-0.019534852898729763,0.35209062912654704,0,0,Markdown
2021-10-11,142.80999755859375,-0.0006297854565047167,0.7703615627443156,-0.012151991422336658,0.3546868909151814,0,0,Markdown
2021-10-12,141.50999450683594,-0.009103025516294383,0.8922938210926203,-0.009326124551185873,0.2900618411364453,0,0,Markdown
2021-10-13,140.91000366210938,-0.004239918507647045,0.964922661821147,-0.008041843341948435,0.24672898529023793,0,0,Markdown
2021-10-14,143.75999450683594,0.02022561046524851,0.8554511483601785,-0.0056430217846054,0.5203780707400149,0,0,Markdown
2021-10-15,144.83999633789062,0.007512533892058082,0.8641259517156176,-0.0025083050724565136,0.7141298092153165,0,0,Markdown
2021-10-18,146.5500030517578,0.01180617755525204,1.1154788836400897,0.0014549330669298545,0.9000001658564579,0,0,Markdown
2021-10-19,148.75999450683594,0.01508011879261173,0.9950882606361034,0.009695482618512854,0.9623849640648316,1,0,Markdown
2021-10-20,149.25999450683594,0.003361118704377386,0.7701212141905065,0.020115822429528012,0.9573165787868195,1,0,Markdown
2021-10-21,149.47999572753906,0.0014739463272126496,0.8115263939311181,0.027127709310725636,0.9764804553181817,0,0,Markdown
2021-10-22,148.69000244140625,-0.005284943194491021,0.7752299372617413,0.0318448786543439,0.8748957443183055,0,0,Markdown
2021-10-25,148.63999938964844,-0.0003362906109138919,0.6782230658903565,0.03357455049037896,0.8706973311826662,0,0,Markdown
2021-10-26,149.32000732421875,0.004574865025313457,0.8412945486286759,0.03169952151146614,0.8790779655420636,0,0,Markdown
2021-10-27,148.85000610351562,-0.0031476104851951847,0.7850354991460389,0.028988585548697793,0.841687232257853,0,0,Markdown
2021-10-28,152.57000732421875,0.02499160946030532,1.3898492215264497,0.029321960808578174,0.9597321415770426,1,0,Markup
2021-10-29,149.8000030517578,-0.0181556278395828,1.6995352954313798,0.02832008412416822,0.7738257384130444,0,0,Markup
2021-11-01,148.9600067138672,-0.005607452074619768,1.0311466898697241,0.025304334698745178,0.715541176555494,0,0,Markup
2021-11-02,150.02000427246094,0.007115987586049588,0.9633951113015298,0.023144208412338038,0.7871626184489031,0,0,Markup
2021-11-03,151.49000549316406,0.009798701365408391,0.7752706972806966,0.023433207361975728,0.8797428397292084,0,0,Markup
2021-11-04,150.9600067138672,-0.003498572579567205,0.8597591135318753,0.018589356076084654,0.8418044909113549,0,0,Markup
2021-11-05,151.27999877929688,0.0021197141706292832,0.9275070207078472,0.017705179562657235,0.8647101485683828,0,0,Markup
2021-11-08,150.44000244140625,-0.005552593499925207,0.7847916652551725,0.017083110588868657,0.8045815684329869,0,0,Markup
2021-11-09,150.80999755859375,0.0024594197765426262,0.8194913092683941,0.014966109851310541,0.8310665422953498,0,0,Markup
2021-11-10,147.9199981689453,-0.01916318172822462,0.9500035304278799,0.007792378636041791,0.5497428515343846,0,0,Markup
2021-11-11,147.8699951171875,-0.0003380411869712274,0.6103698260550205,0.002266840955020516,0.47052887510194125,0,0,Markup
2021-11-12,149.99000549316406,0.014336988205730705,0.9527880556539685,-0.001183302588547859,0.6823182396743976,0,0,Markup
2021-11-15,150.0,6.663448543164918e-05,0.9021367306218668,-0.0029214438486161783,0.5310649785677042,0,0,Markup
2021-11-16,151.0,0.006666666666666599,0.9145728612192535,-0.0034130286349332135,0.6789940928574815,0,0,Markup
2021-11-17,153.49000549316406,0.016490102603735624,1.3392593906277028,0.002605286776500922,0.8242147671035289,1,0,Distribusi
2021-11-18,157.8699951171875,0.02853599235957094,1.9652930275421527,0.013099790629587844,0.9347468670306707,1,0,Markup
2021-11-19,160.5500030517578,0.016976043690765552,1.6057827320890365,0.023101883938274066,0.9678301710425585,1,0,Markup
2021-11-22,161.02000427246094,0.002927444483147079,1.5377525188723977,0.033455158836065355,0.7573875425272645,0,0,Markup
2021-11-23,161.41000366210938,0.0024220555167078217,1.228993932122462,0.04302268176406689,0.7776052473166591,0,0,Markup
2021-11-24,161.94000244140625,0.003283555958565998,0.8813477603304947,0.04960792405449424,0.8050805694401707,0,0,Markup
2021-11-26,156.80999755859375,-0.031678429081589354,0.9909927716959058,0.0467713160170121,0.5391393217311652,0,0,Markup
2021-11-29,160.24000549316406,0.02187365594013646,1.1700635123355871,0.04281295294154717,0.7003297975153803,0,0,Markup
2021-11-30,165.3000030517578,0.031577617231232535,2.153473368989039,0.042838980324362924,0.9780464396440398,0,0,Markup
2021-12-01,164.77000427246094,-0.003206284147078464,1.7895148511402335,0.04221361077915332,0.7576688429267979,0,0,Markup
2021-12-02,163.75999450683594,-0.006129815739731703,1.5350166639640381,0.040446776800054644,0.7134090076307295,0,0,Markup
2021-12-03,161.83999633789062,-0.011724464053185835,1.2833986705504714,0.0432597796498996,0.6292723927003903,0,0,Markup
2021-12-06,165.32000732421875,0.021502787105003085,1.142818870645506,0.04506499901273214,0.7817706341288585,0,0,Markup
2021-12-07,171.17999267578125,0.035446316791349686,1.2370555494196425,0.045648390764316156,0.9834021139432373,1,0,Markup
2021-12-08,175.0800018310547,0.02278308985945654,1.1659919794942935,0.05062495420366997,0.969100964067923,1,0,Markup
2021-12-09,174.55999755859375,-0.0029700951966102895,1.06236314322016,0.0553577992553436,0.9251792920485925,0,0,Markup
2021-12-10,179.4499969482422,0.028013287454401015,1.0861454611217258,0.06679236596240042,0.9944009989639214,1,0,Markup
2021-12-13,175.74000549316406,-0.020674235264256824,1.3839870091978141,0.07113619222817436,0.8051235826640842,0,0,Markup
2021-12-14,174.3300018310547,-0.008023236702153325,1.2148632134451798,0.06705181798451855,0.7621225672731402,0,0,Markup
2021-12-15,179.3000030517578,0.02850915601733095,1.107705271271509,0.06304528218550216,0.9091200421797234,0,0,Markup
2021-12-16,172.25999450683594,-0.039263850669816525,1.23723160471672,0.054323859761653305,0.6605911363651866,0,0,Markup
2021-12-17,171.13999938964844,-0.006501771466984829,1.5726605317954203,0.04025029833637783,0.5735349758979859,0,0,Markup
2021-12-20,169.75,-0.00812200183829448,0.8684794772339933,0.030286456240475646,0.519596320127802,0,0,Markup
2021-12-21,172.99000549316406,0.01908692484927288,0.7445909899622678,0.02504759784125707,0.6453241026655211,0,0,Markup
2021-12-22,175.63999938964844,0.01531876878626437,0.7535453463154648,0.01642978882216632,0.7481566000320926,0,0,Markup
2021-12-23,176.27999877929688,0.0036438134358485197,0.5593201124243523,0.0168715188538143,0.7729916517799253,0,0,Markup
2021-12-27,180.3300018310547,0.022974830268908786,0.6135332213184279,0.020616696315151537,0.9260171427747161,0,0,Markup
2021-12-28,179.2899932861328,-0.00576725189575622,0.6506890113114585,0.026044641468481494,0.8832712131959353,0,0,Markup
2021-12-29,179.3800048828125,0.0005020447322792165,0.5372748199278962,0.02925435704931793,0.8869708264267405,0,0,Markup
2021-12-30,178.1999969482422,-0.006578257901939555,0.5364049899403311,0.02822355331077805,0.8384707094615147,0,0,Markup
2021-12-31,177.57000732421875,-0.0035352953693170708,0.5942768353065319,0.025633093503285416,0.7965195531715262,0,0,Markup
2022-01-03,182.00999450683594,0.025004150472947684,0.9754103709238411,0.02165365111263583,0.9532252639523532,0,0,Markup
2022-01-04,179.6999969482422,-0.012691597320536152,0.9306337223718348,0.017950277765919127,0.7906972617957471,0,0,Markup
2022-01-05,174.9199981689453,-0.02659988236212174,0.8967772210906033,0.01181432046039157,0.4819117257123481,0,0,Markup
2022-01-06,172.0,-0.016693335236175,0.9280701128506785,0.00566266595811882,0.29328130097969735,0,0,Markup
2022-01-07,172.1699981689453,0.0009883614473564784,0.8393602577717498,0.0002129069892496205,0.3042630978701761,0,0,Markup
2022-01-10,172.19000244140625,0.00011618907285648739,1.0378495826947562,-0.008895684019791792,0.3055553638896911,0,0,Markup
2022-01-11,175.0800018310547,0.016783781570778755,0.768941658051564,-0.013967727222399853,0.49224788244814915,0,0,Markup
2022-01-12,175.52999877929688,0.0025702361408266317,0.7809434236946298,-0.013610257586013802,0.5213174607711999,0,0,Markup
2022-01-13,172.19000244140625,-0.019028065636177538,0.9041885881684397,-0.011394787843764421,0.3055553638896911,0,0,Markup
2022-01-14,173.07000732421875,0.005110661887074208,0.8940536907022898,-0.010597150130065411,0.36240324022643733,0,0,Markup
2022-01-18,169.8000030517578,-0.018894112983626976,1.0732440095094569,-0.01294435368979432,0.15116259584799166,0,0,Markup
2022-01-19,166.22999572753906,-0.021024777738847034,1.1272052591261392,-0.022054054524753466,0.017058428596047795,0,1,Markup
2022-01-20,164.50999450683594,-0.010347117036099251,1.0866983065869165,-0.03229035415252746,0.017590706784138675,0,1,Markup
2022-01-21,162.41000366210938,-0.01276512622240289,1.434103185727948,-0.03984655814364844,0.005329487093237562,0,1,Markdown
2022-01-24,161.6199951171875,-0.00486428500159064,1.7961004067920971,-0.04899372263307773,0.24504238041385676,0,1,Markdown
2022-01-25,159.77999877929688,-0.011384707297859231,1.253183799096494,-0.0549504860006093,0.17988671540040535,0,0,Markdown
2022-01-26,159.69000244140625,-0.0005632515870458432,1.1535840406418438,-0.057178286445623575,0.17669987685986718,0,0,Markdown
2022-01-27,159.22000122070312,-0.0029432100539642514,1.2593385804655504,-0.05780996292196058,0.16005677738111898,0,0,Markdown
2022-01-28,170.3300018310547,0.06977766942076213,1.749524676310997,-0.046311494201799835,0.5534703202021681,0,0,Markdown
2022-01-31,174.77999877929688,0.026125737688043937,1.095988230194181,-0.030033287015840477,0.711048085168233,0,0,Markdown
2022-02-01,174.61000061035156,-0.0009726408635577499,0.824945506876946,-0.010416446335282775,0.7050283211498987,0,0,Markdown
2022-02-02,175.83999633789062,0.007044245594408194,0.8181451571915832,0.009790397990689025,0.8299960100694823,0,0,Markdown
2022-02-03,172.89999389648438,-0.016719759455390393,0.8636691244380285,0.026563622084586475,0.8096085590419542,0,0,Markdown
2022-02-04,172.38999938964844,-0.0029496502304173777,0.8021076366521095,0.028880065189241768,0.7869219663478475,0,0,Markdown
2022-02-07,171.66000366210938,-0.004234559603942367,0.754863333017224,0.02534701025420033,0.7544488406236828,0,0,Markdown
2022-02-08,174.8300018310547,0.018466725511581794,0.7427866510391605,0.02480753682086785,0.8954630208471209,0,0,Markdown
2022-02-09,176.27999877929688,0.008293753549481586,0.7093139987846586,0.024964058515481145,0.9599646767111331,0,0,Markdown
2022-02-10,172.1199951171875,-0.02359884099680365,0.8969843451054966,0.025074905813410354,0.793621894801236,0,0,Markdown
2022-02-11,168.63999938964844,-0.020218427993619836,0.9672669652589228,0.021714374746031787,0.6350799261738668,0,0,Markdown
2022-02-14,168.8800048828125,0.0014231824835904128,0.8425025067933305,0.01968891379368028,0.6460141187266035,0,0,Markdown
2022-02-15,172.7899932861328,0.023152465006342826,0.6198468687559207,0.016372192096493352,0.8241457336211301,0,0,Markdown
2022-02-16,172.5500030517578,-0.0013889128057177347,0.6167469540398138,0.01006843121866346,0.813212236229723,0,0,Markdown
2022-02-17,168.8800048828125,-0.021269186346200564,0.7093557203452892,0.004943668526783358,0.6460141187266035,0,0,Markdown
2022-02-18,167.3000030517578,-0.009355766137921773,0.8613335655954824,0.0019174868089579533,0.5740322485340785,0,0,Markdown
2022-02-22,164.32000732421875,-0.017812287347162448,0.9850994772952134,-0.004246866969975905,0.37188012788473274,0,0,Markdown
2022-02-23,160.07000732421875,-0.02586416632525068,0.9863777620411812,-0.01930499406160584,0.11949026046115124,0,0,Markdown
2022-02-24,162.74000549316406,0.01668019020913314,1.5194163098962312,-0.03172178281864753,0.4357001278891116,0,0,Markdown
2022-02-25,164.85000610351562,0.012965469700934706,1.0063169573130804,-0.038053724619474844,0.5212985511265508,0,0,Markdown
2022-02-28,165.1199951171875,0.0016377858882354879,1.09068780790357,-0.03914389973529176,0.5322514550017271,0,0,Markdown
2022-03-01,163.1999969482422,-0.011627896231359958,0.9757434683893957,-0.037183211627660265,0.4543610434662035,0,0,Markdown
2022-03-02,166.55999755859375,0.02058823941900667,0.9354617208924885,-0.0272153120651824,0.590669418407861,0,0,Markdown
2022-03-03,166.22999572753906,-0.001981279033932526,0.9040847786994691,-0.020303603979714438,0.5772819168757916,0,0,Markdown
2022-03-04,163.1699981689453,-0.01840821534766368,0.9906299879189734,-0.019467219419350812,0.4531440541467395,0,0,Markdown
2022-03-07,159.3000030517578,-0.02371756548762427,1.1313187348925358,-0.02258554420611686,0.2961462417562282,0,0,Markdown
2022-03-08,157.44000244140625,-0.011676086470301161,1.491647716580758,-0.025326294795811784,0.2206898088596327,0,0,Markdown
2022-03-09,162.9499969482422,0.034997423916368176,1.030442334094434,-0.026187124867462,0.4442190531253598,0,0,Markdown
2022-03-10,158.52000427246094,-0.027186209013482565,1.1645674853713246,-0.030284696109476577,0.2776833670720731,0,0,Markdown
2022-03-11,154.72999572753906,-0.02390870831928371,1.0684102475168054,-0.0354232082363902,0.12792859400316617,0,0,Markdown
2022-03-14,150.6199951171875,-0.026562403695717718,1.1913995173133642,-0.04072510038499531,0.022374751814772404,0,1,Markdown
2022-03-15,155.08999633789062,0.029677342754030223,1.0148595375354028,-0.03954946183626888,0.21471567690222815,0,0,Markdown
2022-03-16,159.58999633789062,0.02901541109199557,1.0930470802130443,-0.039784430761114105,0.4083474278030486,0,0,Markdown
2022-03-17,160.6199951171875,0.006454030972694147,0.8017438831236111,-0.03363973892808343,0.48234709726167324,0,0,Markdown
2022-03-18,163.97999572753906,0.020918943546848645,1.2731881259807,-0.02070421506077102,0.6790605835520005,0,0,Markdown
2022-03-21,165.3800048828125,0.008537682593916074,0.9810538346577264,-0.0018111578059085579,0.8123339055041972,0,0,Markdown
2022-03-22,168.82000732421875,0.0208005946295855,0.838977703014015,0.013806218028616224,0.9689445605000967,0,0,Markdown
2022-03-23,170.2100067138672,0.008233617636201895,1.0049173599664285,0.023747204197827044,0.8921919521033644,1,0,Markdown
2022-03-24,174.07000732421875,0.02267787120671727,0.9484316579738972,0.036730326894576025,0.9970885155999581,1,0,Markdown
2022-03-25,174.72000122070312,0.003734094727035453,0.8526958502135995,0.04676845161485345,0.9777602175741549,1,0,Markdown
2022-03-28,175.60000610351562,0.005036657947940837,0.9590931035152459,0.05591296059792814,0.9949282217460753,1,0,Markdown
2022-03-29,178.9600067138672,0.019134399166084615,1.0579208549742665,0.0631907218116709,0.9982709161874652,1,0,Markdown
2022-03-30,177.77000427246094,-0.006649544014093012,0.9676751464938318,0.06874648070214347,0.9376483673196079,0,0,Markdown
2022-03-31,174.61000061035156,-0.017775797863323284,1.0618589871568802,0.06669087901073321,0.8305658783216053,0,0,Markdown
2022-04-01,174.30999755859375,-0.0017181321270783867,0.8135731304423915,0.06261437370292947,0.8203997276065207,0,0,Markdown
2022-04-04,178.44000244140625,0.023693448113463633,0.7982145174114511,0.05992333776028139,0.9603524775758842,0,0,Markdown
2022-04-05,175.05999755859375,-0.018941968373500706,0.790014334533914,0.04970408626733929,0.8458148458582799,0,0,Markdown
2022-04-06,171.8300018310547,-0.018450792714411857,0.9597662216794561,0.03986701355127542,0.7363605480341702,0,0,Markdown
2022-04-07,172.13999938964844,0.0018040944846089424,0.848912609253681,0.03274643532808216,0.7468653808467259,0,0,Markdown
2022-04-08,170.08999633789062,-0.01190892912179875,0.8472138959652469,0.023093174900434582,0.6773972875442031,0,0,Markdown
2022-04-11,165.75,-0.025515882364234077,0.8157863045862891,0.003651250521897527,0.5258295369063858,0,0,Markdown
2022-04-12,167.66000366210938,0.01152340067637625,0.902013362941768,-0.008693981469960442,0.5248509006631356,0,0,Markdown
2022-04-13,170.39999389648438,0.016342539511671417,0.8183732879817832,-0.013485245292164562,0.5809823246540565,0,0,Markdown
2022-04-14,165.2899932861328,-0.02998826756681583,0.8731060168123796,-0.022802918558936427,0.2785892734973749,0,0,Markdown
2022-04-18,165.07000732421875,-0.0013309091345490298,0.8261081380518414,-0.028956586867662407,0.12409711204543072,0,0,Markdown
2022-04-19,167.39999389648438,0.014115141872437453,0.8244047609990295,-0.027607486023453833,0.238777317667383,0,0,Markdown
2022-04-20,167.22999572753906,-0.0010155207595194948,0.8338155742551902,-0.027658092977321504,0.22817892364609108,0,0,Markdown
2022-04-21,166.4199981689453,-0.004843614060203949,1.0778595539404898,-0.031222159473045328,0.17768030159903425,0,0,Markdown
2022-04-22,161.7899932861328,-0.02782120498590701,1.0522904646187254,-0.03183709001695671,0.016012881080029018,0,1,Markdown
2022-04-25,162.8800048828125,0.006737200333224225,1.1793599243020243,-0.03104410866175526,0.20898342527087063,0,0,Markdown
2022-04-26,156.8000030517578,-0.03732810442527357,1.1703900253598458,-0.0381781213784345,0.003495056058885995,0,1,Markdown
2022-04-27,156.57000732421875,-0.001466809458308127,1.086185087427877,-0.0444452927817624,0.04911277966317303,0,1,Markdown
2022-04-28,163.63999938964844,0.04515546870218534,1.5697307204345399,-0.04373496541982585,0.357420782721056,0,0,Markdown
2022-04-29,157.64999389648438,-0.036604775821961866,1.5611795646344853,-0.04383739141943844,0.09822539825702509,0,0,Markdown
2022-05-02,157.9600067138672,0.0019664626031408172,1.4208801849501034,-0.04505626415076352,0.1859636088183938,0,0,Markdown
2022-05-03,159.47999572753906,0.009622619328101267,1.0199084866384955,-0.036324137540591835,0.24810194797990204,0,0,Markdown
2022-05-04,166.02000427246094,0.0410083315784322,1.216739486821901,-0.022195758972787184,0.6262278790658563,0,0,Markdown
2022-05-05,156.77000427246094,-0.05571617733980727,1.433620135416245,-0.026087798059478046,0.1742160596315712,0,0,Markdown
2022-05-06,157.27999877929688,0.0032531383104996703,1.2490217531130732,-0.022105039611576092,0.2166394217650904,0,0,Markdown
2022-05-09,152.05999755859375,-0.03318922470255159,1.3745756486245249,-0.02394485801779827,0.028442727364789495,0,1,Markdown
2022-05-10,154.50999450683594,0.01611204121779708,1.1786718153597682,-0.02670064844425864,0.15069810506182324,0,0,Markdown
2022-05-11,146.5,-0.05184127106082803,1.4120741863986062,-0.044599157497929864,0.026827465344396548,0,1,Markdown
2022-05-12,142.55999755859375,-0.026894214617107504,1.7121782123583127,-0.05409752772468071,0.11487916277582258,0,1,Markdown
2022-05-13,147.11000061035156,0.03191640803646689,1.0498137721143888,-0.06151563199244183,0.2538954672579351,0,0,Markdown
2022-05-16,145.5399932861328,-0.010672335787539122,0.7915349307709092,-0.06397939086441551,0.20592701234922445,0,0,Markdown
2022-05-17,149.24000549316406,0.02542264929033622,0.7121893593120475,-0.06528432040578021,0.31897353511176957,0,0,Markdown
2022-05-18,140.82000732421875,-0.056419176219683176,0.9791104097144029,-0.06465049929683926,0.06171721772518605,0,0,Markdown
2022-05-19,137.35000610351562,-0.024641393553644142,1.1883205357726387,-0.06258359133678137,0.023984658250825887,0,1,Markdown
2022-05-20,137.58999633789062,0.0017472895792529641,1.1730293414179027,-0.06763374757795458,0.1470326674187189,0,0,Markdown
2022-05-23,143.11000061035156,0.04011922682885327,0.995665004057676,-0.06475683113783684,0.31000890208784593,0,0,Markdown
2022-05-24,140.36000061035156,-0.019215987619813357,0.8775399585081752,-0.07144468536756693,0.22881609439817202,0,0,Markdown
2022-05-25,140.52000427246094,0.0011399519906925004,0.7779152538730288,-0.06687092594504129,0.2335401476953684,0,0,Markdown
2022-05-26,143.77999877929688,0.02319950475175747,0.7750040524513374,-0.052002380182622786,0.32979036844552245,0,0,Markdown
2022-05-27,149.63999938964844,0.04075671623385313,0.7920396353684697,-0.033205308656173986,0.5028048784883029,0,0,Markdown
2022-05-31,148.83999633789062,-0.005346184543042365,0.9106153025590599,-0.022479961417501013,0.47918506251283954,0,0,Markdown
2022-06-01,148.7100067138672,-0.0008733514325567349,0.656443534722738,-0.007580610840638448,0.4753471634055712,0,0,Markdown
2022-06-02,151.2100067138672,0.016811242600575316,0.6496202495047245,0.01200614157023806,0.5910392558637483,0,0,Markdown
2022-06-03,145.3800048828125,-0.03855566147871903,0.8105482749780056,0.018141014539261372,0.4759598733116802,0,0,Markdown
2022-06-06,146.13999938964844,0.005227641225136415,0.6688577853726595,0.017227947862376896,0.5607126415848396,0,0,Markdown
2022-06-07,148.7100067138672,0.017585926747997416,0.6528978370223217,0.018221112646903757,0.6672193471035498,0,0,Markdown
2022-06-08,147.9600067138672,-0.005043372780172639,0.5352921148687971,0.019485934181895002,0.6720669248992212,0,0,Markdown
2022-06-09,142.63999938964844,-0.0359557115626985,0.7152901203981956,0.009012129183730202,0.5243071729850108,0,0,Markdown
2022-06-10,137.1300048828125,-0.038628677302390724,0.9877978666792269,-0.0005048711083809466,0.23627826025919993,0,0,Markdown
2022-06-13,131.8800048828125,-0.03828483784046022,1.314362512601068,-0.015042310323688426,0.02167499385514375,0,1,Markdown
2022-06-14,132.75999450683594,0.006672653862921818,0.9127853500536764,-0.03292513256897641,0.06502422990105843,0,0,Markdown
2022-06-15,135.42999267578125,0.020111466401181888,0.9784906936323435,-0.045825222169343975,0.19655121352454671,0,0,Markdown
2022-06-16,130.05999755859375,-0.039651446559871295,1.1568490332227954,-0.05993239215003684,0.04493408475546964,0,1,Markdown
2022-06-17,131.55999755859375,0.011533138767930717,1.4404857291626232,-0.06587471242920041,0.1110133443752235,0,0,Markdown
2022-06-21,135.8699951171875,0.032760699593918474,0.894399706638707,-0.0596711175926871,0.30088097613177134,0,0,Markdown
2022-06-22,135.35000610351562,-0.003827107031419197,0.8309073276388981,-0.05341848625841211,0.27797398344254226,0,0,Markdown
2022-06-23,138.27000427246094,0.021573683319320303,0.8348438126975237,-0.04869164201599869,0.4066081948391711,0,0,Markdown
2022-06-24,141.66000366210938,0.024517243689154977,1.0291217737744673,-0.03263926720452392,0.5559472946920953,0,0,Markdown
2022-06-27,141.66000366210938,0.0,0.8204222899779984,-0.0175903729043081,0.5559472946920953,0,0,Markdown
2022-06-28,137.44000244140625,-0.029789645006425114,0.7950100831868097,-0.011087120988060665,0.37004425718641526,0,0,Markdown
2022-06-29,139.22999572753906,0.013023815878466127,0.8028723462857864,-0.0021471550828879777,0.4488985445677396,0,0,Markdown
2022-06-30,136.72000122070312,-0.01802768500939822,1.181797468517683,-7.893666389923408e-05,0.3454792685119977,0,0,Markdown
2022-07-01,138.92999267578125,0.016164360995803317,0.8491292617516156,0.00041083216193816733,0.47479589631642755,0,0,Markdown
2022-07-05,141.55999755859375,0.018930432746441683,0.8846866206733859,0.0016456216514053991,0.6010563212623112,0,0,Markdown
2022-07-06,142.9199981689453,0.009607238159132114,0.89192933309513,0.01073075355854963,0.6663467912959714,0,0,Markdown
2022-07-07,146.35000610351562,0.02399949607133145,0.7986166441941461,0.02189210087599131,0.8310135043567758,0,0,Markdown
2022-07-08,147.0399932861328,0.004714637197412497,0.7731158745562068,0.03716456741438307,0.9518771292502296,0,0,Markdown
2022-07-11,144.8699951171875,-0.014757877230874183,0.7591517001308944,0.04491647937809961,0.8552130458868064,0,0,Markdown
2022-07-12,145.86000061035156,0.006833751132270249,0.9406819849824388,0.0478269923297126,0.8665638408432347,0,0,Markdown
2022-07-13,145.49000549316406,-0.0025366455206311533,0.8905952631765952,0.046399651378988806,0.847501757000882,0,0,Markdown
2022-07-14,148.47000122070312,0.0204824772494705,0.9816895310922938,0.04356196763378823,0.9758917308261204,1,0,Markdown
2022-07-15,150.1699981689453,0.011450103955445545,0.9673414027673789,0.04254685505683556,0.9683775339231718,1,0,Markdown
2022-07-18,147.07000732421875,-0.020643210245224752,1.0506007306510536,0.03939729932414766,0.7931986222217235,0,0,Markdown
2022-07-19,151.0,0.026721917998667744,1.1075767913715617,0.03952129099101535,0.9687667219606164,0,0,Markdown
2022-07-20,153.0399932861328,0.013509889312137924,0.8746488921571438,0.043820261609072646,0.9659143840305084,1,0,Markdown
2022-07-21,155.35000610351562,0.015094177461599134,0.8831589187665062,0.04611662685225577,0.9899082022979173,1,0,Markdown
2022-07-22,154.08999633789062,-0.008110780277571505,0.9082657132942127,0.045817696644108605,0.9027097745074447,0,0,Markdown
2022-07-25,152.9499969482422,-0.0073982699509488326,0.7485719606342883,0.049828601256015244,0.8520656311113973,0,0,Markdown
2022-07-26,151.60000610351562,-0.0088263541788981,0.7779000633028632,0.04708632715324988,0.7920926780164247,0,0,Markdown
2022-07-27,156.7899932861328,0.034234742570348864,1.1002313446010181,0.04530259741218477,0.9770794312020248,1,0,Markdown
2022-07-28,157.35000610351562,0.0035717382573059453,1.1268923487661522,0.041615840371477,0.9878511376014483,1,0,Markdown
2022-07-29,162.50999450683594,0.03279306134837845,1.4067460912509724,0.04389308510984546,0.9599567276690878,1,0,Markup
2022-08-01,161.50999450683594,-0.00615346768692393,0.939528356194515,0.047430524721951084,0.9205988986245379,0,0,Markup
2022-08-02,160.00999450683594,-0.009287350944318873,0.8375928130350565,0.052147989456508836,0.8394674108172958,0,0,Markup
2022-08-03,166.1300048828125,0.038247675683253046,1.1468138569223314,0.0563798945186581,0.9812018213268848,1,0,Markup
2022-08-04,165.80999755859375,-0.0019262464022948844,0.7768828949948183,0.060696549484809965,0.9449539497549586,0,0,Markup
2022-08-05,165.35000610351562,-0.0027742082012610636,0.7983979375177607,0.05809227574022263,0.9266056721047262,0,0,Markup
2022-08-08,164.8699951171875,-0.0029029995077690662,0.8505250265538172,0.05561368759546627,0.8855584989486939,0,0,Markup
2022-08-09,164.9199981689453,0.0003032877615012364,0.9000384332683845,0.055460558636083984,0.8875049001556171,0,0,Markup
2022-08-10,169.24000549316406,0.026194563256017656,1.001051331797505,0.05146237425961909,0.9961674642099759,1,0,Markup
2022-08-11,168.49000549316406,-0.0044315763156265175,0.8276827325296033,0.0482120794474653,0.8970770226211939,0,0,Markup
2022-08-12,172.10000610351562,0.021425606817361276,0.9913048077177344,0.04946597790650679,0.9972519802875865,1,0,Markup
2022-08-15,173.19000244140625,0.006333505515595528,0.8041014574977206,0.051284774383199005,0.9924472439384048,1,0,Markup
2022-08-16,173.02999877929688,-0.0009238620004263787,0.8549824778721337,0.05414168859444596,0.9708651415294477,0,0,Markup
2022-08-17,174.5500030517578,0.00878462857992468,1.1929735415200295,0.05370294915259062,0.936883967551436,1,0,Markup
2022-08-18,174.14999389648438,-0.0022916594000563784,0.936192264635533,0.05456359398824375,0.9211045079956686,0,0,Markup
2022-08-19,171.52000427246094,-0.015101864577650947,1.054364767646101,0.048302063201212234,0.8173573453188606,0,0,Markup
2022-08-22,167.57000732421875,-0.023029365962279114,1.0227817679179396,0.0369170295761546,0.661538868995273,0,0,Markup
2022-08-23,167.22999572753906,-0.0020290719210975805,0.8028965730049639,0.025105508339052136,0.6281783326379207,0,0,Markup
2022-08-24,167.52999877929688,0.001793954789346408,0.813306680054232,0.01342670493224557,0.6034959066560356,0,0,Markup
2022-08-25,170.02999877929688,0.014922700520600518,0.7917151716167092,0.0046967961843135,0.632432590952497,0,0,Markup
2022-08-26,163.6199951171875,-0.03769925135640162,1.2424743021064126,-0.005037423021739622,0.24152499321112747,0,0,Akumulasi
2022-08-29,161.3800048828125,-0.013690198638440787,1.1486605423258942,-0.012366410510595512,0.10593227383817914,0,0,Akumulasi
2022-08-30,158.91000366210938,-0.015305497248539135,1.2036380347468363,-0.021948916898130742,0.06456879621932925,0,1,Markdown
2022-08-31,157.22000122070312,-0.010634965719336975,1.353713708437651,-0.03165597936814961,0.00420840895171848,0,1,Markdown
2022-09-01,157.9600067138672,0.004706815210650195,1.125760236102101,-0.04382474389505917,0.15316616384163534,0,0,Markdown
2022-09-02,155.80999755859375,-0.013611098150736467,1.149471143767686,-0.05046019142810209,0.05307260783980826,0,0,Markdown
2022-09-06,154.52999877929688,-0.008215126110989845,1.0900926333553724,-0.05575116101921768,0.03739967308405653,0,1,Markdown
2022-09-07,155.9600067138672,0.00925391798269981,1.2703641429400805,-0.0567588574812715,0.10425939678346798,0,0,Markdown
2022-09-08,154.4600067138672,-0.009617850316921195,1.220592538678634,-0.055879526218313984,0.0758420939712508,0,0,Markdown
2022-09-09,157.3699951171875,0.01883975318420772,0.9701787767402844,-0.05340437840909298,0.1998296632924395,0,0,Markdown
2022-09-12,163.42999267578125,0.038507960517385253,1.45841719852891,-0.04160759020540829,0.45803150578949764,0,0,Markdown
2022-09-13,153.83999633789062,-0.05867953721882391,1.6268762202158569,-0.03676574818095763,0.04942495107695708,0,0,Markdown
2022-09-14,155.30999755859375,0.009555390377639084,1.1428033208896327,-0.03230344719366635,0.11205814853100843,0,0,Markdown
2022-09-15,152.3699951171875,-0.018929898188280392,1.1671922601439713,-0.028234299052184244,0.04209144119070511,0,1,Markdown
2022-09-16,150.6999969482422,-0.010960151095764759,1.9665452169383957,-0.02945181370117111,0.09184079141177723,0,1,Markdown
2022-09-19,154.47999572753906,0.025082938658552933,0.9807172661559183,-0.03550954804076212,0.26940028539576966,0,0,Markdown
2022-09-20,156.89999389648438,0.01566544689199456,1.2668004442103,-0.028399787209746417,0.37610210736720723,0,0,Markdown
2022-09-21,153.72000122070312,-0.02026764053209118,1.1637551084677922,-0.026255510900723658,0.23589083914564266,0,0,Markdown
2022-09-22,152.74000549316406,-0.006375199842290069,0.973324817595318,-0.021198831261697464,0.19268116609939603,0,0,Markdown
2022-09-23,150.42999267578125,-0.015123823060790742,1.0521760086418113,-0.01539822895497428,0.09082878474013982,0,0,Markdown
2022-09-26,150.77000427246094,0.0022602646628622214,1.0147040078837377,-0.016102102171890356,0.15103897089114596,0,0,Markdown
2022-09-27,151.75999450683594,0.0065662280713738586,0.9124673152858458,-0.019682634992028242,0.2133416941385698,0,0,Markdown
2022-09-28,149.83999633789062,-0.012651543479456517,1.528313697119017,-0.021828069321050508,0.2574665536269485,0,0,Markdown
2022-09-29,142.47999572753906,-0.049119065604851575,1.3076677564901475,-0.030485952831183327,0.0763360013563367,0,1,Markdown
2022-09-30,138.1999969482422,-0.030039296095161427,1.242733063120989,-0.04022781930255171,0.007616031609988524,0,1,Markdown
2022-10-03,142.4499969482422,0.030752533240588242,1.116408707917018,-0.046953401583708684,0.17914926339135734,0,0,Markdown
2022-10-04,146.10000610351562,0.02562309044204225,0.8519079957871195,-0.05176853024766185,0.31652262602861897,0,0,Markdown
2022-10-05,146.39999389648438,0.0020533044519943644,0.7738231587546833,-0.05332120650463496,0.32781309959105054,0,0,Markdown
2022-10-06,145.42999267578125,-0.0066256916744750205,0.6714451936500015,-0.046571488125641124,0.2913057036417233,0,0,Markdown
2022-10-07,140.08999633789062,-0.03671867294799025,0.8361129373670882,-0.03855289841249621,0.09032723421874919,0,0,Markdown
2022-10-10,140.4199981689453,0.0023556416566585803,0.7396330136887753,-0.03384514006587562,0.11947469677735581,0,0,Markdown
2022-10-11,138.97999572753906,-0.01025496695758199,0.7782444303591067,-0.03861711030205795,0.061282332499476275,0,0,Markdown
2022-10-12,138.33999633789062,-0.004604974883602009,0.7179247672103687,-0.04402910028368206,0.030878565427575853,0,0,Markdown
2022-10-13,142.99000549316406,0.0336129050048255,1.1408591911894361,-0.04429943514513327,0.35371385744152106,0,0,Markdown
2022-10-14,138.3800048828125,-0.03224001981433555,0.9271407860531438,-0.04261014156524705,0.16454690432048327,0,0,Markdown
2022-10-17,142.41000366210938,0.02912269574429982,0.8903553806845262,-0.03590101447292883,0.32991403864347735,0,0,Markdown
2022-10-18,143.75,0.009409425626236034,1.0400220264790885,-0.02493367239341476,0.38489950304079923,0,0,Markdown
2022-10-19,143.86000061035156,0.0007652216372282528,0.6617572130682217,-0.013950945844321636,0.4663391964056752,0,0,Markdown
2022-10-20,143.38999938964844,-0.003267073673773546,0.6996667739665446,-0.010189550672164047,0.44324332025151875,0,0,Markdown
2022-10-21,147.27000427246094,0.027059103837980825,0.9433694497260424,0.0032749858165127804,0.633906893671391,0,0,Markdown
2022-10-24,149.4499969482422,0.014802693097965003,0.836102988190148,0.01354114403117199,0.7410318087545683,0,0,Markdown
2022-10-25,152.33999633789062,0.019337567404898115,0.8267695607043754,0.025297908846251875,0.9917213537872849,0,0,Markdown
2022-10-26,149.35000610351562,-0.019627086164182295,1.00832816274508,0.03311886370834975,0.8267109496906561,0,0,Markdown
2022-10-27,144.8000030517578,-0.03046536903791064,1.2619366820557625,0.03424715876983443,0.5756071723004296,0,0,Markdown
2022-10-28,155.74000549316406,0.07555250145606562,1.8615153741406674,0.039689630213620014,0.9239085976958112,1,0,Markup
2022-10-31,153.33999633789062,-0.015410357458724877,1.1169077013253295,0.041149508373026736,0.8201468748845531,0,0,Markup
2022-11-01,150.64999389648438,-0.0175427318745901,0.9205262185053722,0.0371950107289591,0.703847615328186,0,0,Markup
2022-11-02,145.02999877929688,-0.03730498071609045,1.0633800144821606,0.03173767327086944,0.4608733857220513,0,0,Markup
2022-11-03,138.8800048828125,-0.04240497792352105,1.0940448890410654,0.025901371521189372,0.19498524918065663,0,0,Markup
2022-11-04,138.3800048828125,-0.003600230288167805,1.5265169482214451,0.002543345636990712,0.17336830605707168,0,0,Akumulasi
2022-11-07,138.9199981689453,0.003902249364639898,0.8996974681933163,-0.0168528312680981,0.19671431436397316,0,0,Akumulasi
2022-11-08,139.5,0.004175078021159573,0.963511806753022,-0.032425768025236966,0.22179004755094178,0,0,Akumulasi
2022-11-09,134.8699951171875,-0.03318999915994625,0.800938318454815,-0.04531158375344269,0.02161694312358495,0,0,Akumulasi
2022-11-10,146.8699951171875,0.08897457132383879,1.2668430629859355,-0.035558727627519,0.5402246051985491,0,0,Akumulasi
2022-11-11,149.6999969482422,0.019268754171310798,0.9988476229067165,-0.023744218185920575,0.6626295545383027,0,0,Akumulasi
2022-11-14,148.27999877929688,-0.009485625904429806,0.7847977018060516,-0.012863861257267673,0.6012109356437996,0,0,Akumulasi
2022-11-15,150.0399932861328,0.011869399253607638,0.9660051550630452,-0.0005546936026670445,0.6773352816012757,0,0,Akumulasi
2022-11-16,148.7899932861328,-0.00833111207633952,0.6893787665504396,0.016793169550965385,0.6232695262382589,0,0,Akumulasi
2022-11-17,150.72000122070312,0.01297135574741759,0.8556866598742018,0.01950273157985007,0.7067473957095867,0,0,Akumulasi
2022-11-18,151.2899932861328,0.003781794458686649,0.8015056347229136,0.0202727832638555,0.7314010369642923,0,0,Akumulasi
2022-11-21,148.00999450683594,-0.02168020969565021,0.634866116603098,0.020405359728853743,0.5895325476903257,0,0,Akumulasi
2022-11-22,150.17999267578125,0.014661159715434469,0.5670823372320625,0.0213476565320377,0.6833906198026388,0,0,Akumulasi
2022-11-23,151.07000732421875,0.0059263196953200925,0.6488217518556775,0.023856408318724272,0.7218860712041775,0,0,Akumulasi
2022-11-25,148.11000061035156,-0.01959360938875554,0.408503527177296,0.01915006949144996,0.5938580721123131,0,0,Akumulasi
2022-11-28,144.22000122070312,-0.02626425881856731,0.8508728739697853,0.013499163113915883,0.46701471492414415,0,0,Akumulasi
2022-11-29,141.1699981689453,-0.021148266717113118,1.0383083184605968,0.00834398224077693,0.3222589389235416,0,0,Akumulasi
2022-11-30,148.02999877929688,0.04859389884061516,1.3546128341535781,0.006297966930839958,0.7105674111518683,0,0,Distribusi
2022-12-01,148.30999755859375,0.0018915002472865705,0.8784880867204048,0.0013789196383204943,0.725143095891325,0,0,Distribusi
2022-12-02,147.80999755859375,-0.0033713168918532155,0.8234225657318929,-0.002089405368957492,0.6991149739544031,0,0,Distribusi
2022-12-05,146.6300048828125,-0.00798317228381984,0.9070100069534921,-0.0016095272222957663,0.633684660259046,0,0,Distribusi
2022-12-06,142.91000366210938,-0.025369986338581674,0.8636008643853835,-0.0005959299457834954,0.43789512232730265,0,0,Distribusi
2022-12-07,140.94000244140625,-0.013784907775671984,0.9429288853903034,-0.010738760828841376,0.3342108475534539,0,0,Distribusi
2022-12-08,142.64999389648438,0.012132761639400691,0.8475717829589345,-0.02103721528321368,0.22356243542898976,0,0,Distribusi
2022-12-09,142.16000366210938,-0.0034349124103753015,1.0693237153170994,-0.027153824281321053,0.15894070965177615,0,0,Distribusi
2022-12-12,144.49000549316406,0.01638999557563814,1.006785180621428,-0.028343096515234013,0.3303904858785988,0,0,Distribusi
2022-12-13,145.47000122070312,0.006782446468835079,1.32209085817224,-0.023920885867966608,0.40250203787414357,0,0,Distribusi
2022-12-14,143.2100067138672,-0.015535811424151502,1.1650272663937786,-0.018539577077743192,0.2527564948991178,0,0,Distribusi
2022-12-15,136.5,-0.04685431463789913,1.3670244333825017,-0.022842373883585582,0.028194437452230464,0,1,Markdown
2022-12-16,134.50999450683594,-0.014578794821714758,2.0974303819640543,-0.027936226858757993,0.04111748703767159,0,1,Markdown
2022-12-19,132.3699951171875,-0.01590959391154889,1.0391116336164283,-0.0383881927105948,0.051193957785741546,0,1,Markdown
2022-12-20,132.3000030517578,-0.0005287608069164396,0.998717823211798,-0.05151168357625629,0.10984518659674794,0,0,Markdown
2022-12-21,135.4499969482422,0.023809477126406797,1.0844236453270355,-0.057504293277148386,0.2534182743799814,0,0,Markdown
2022-12-22,132.22999572753906,-0.02377261936693542,0.9705315427332772,-0.05726516264337484,0.11126944715727945,0,0,Markdown
2022-12-23,131.86000061035156,-0.0027981178941416385,0.7815962126665205,-0.05558755992511612,0.10432337161893754,0,0,Markdown
2022-12-27,130.02999877929688,-0.01387836965405731,0.8453214541119506,-0.054143763509730235,0.05900890714750646,0,0,Markdown
2022-12-28,126.04000091552734,-0.03068521034551308,1.0455182173091082,-0.057997783510023014,0.006786355289851564,0,1,Markdown
2022-12-29,129.61000061035156,0.02832433885189234,0.9470675181100608,-0.06017039233069114,0.14930133921025246,0,0,Markdown
2022-12-30,129.92999267578125,0.00246888406699175,0.960238352493841,-0.05723127086608243,0.16207547589308857,0,0,Markdown
2023-01-03,125.06999969482422,-0.03740470449409117,1.3580527376389402,-0.05933137686319474,0.033644916855286214,0,1,Markdown
2023-01-04,126.36000061035156,0.010314231379827232,1.0663105023153414,-0.057708884882486496,0.08488380551788502,0,0,Markdown
2023-01-05,125.0199966430664,-0.010604653061194957,0.9594592224468049,-0.05295213645556455,0.03294567339453014,0,0,Markdown
2023-01-06,129.6199951171875,0.036794101724815675,1.0289538556207067,-0.04892931417886989,0.2112401668057503,0,0,Markdown
2023-01-09,130.14999389648438,0.004088865910060413,0.8258522067906356,-0.0441334591386699,0.23178275272070684,0,0,Markdown
2023-01-10,130.72999572753906,0.004456410743407302,0.7507621599713166,-0.031471754238261075,0.2542634411877251,0,0,Markdown
2023-01-11,133.49000549316406,0.02111229140844828,0.8166038675493636,-0.016632900994999696,0.36124055123256105,0,0,Markdown
2023-01-12,133.41000366210938,-0.0005993095195339082,0.8504362263080907,0.00065071182574735,0.4108494102401444,0,0,Markdown
2023-01-13,134.75999450683594,0.010119112567793076,0.6989542231574977,0.011727701061616849,0.600680283884369,0,0,Markdown
2023-01-17,135.94000244140625,0.008756366745847899,0.7862984287336824,0.02078752798137317,0.8731459942836121,0,0,Markdown
2023-01-18,135.2100067138672,-0.005369984658148752,0.9117044432388324,0.027355558105761058,0.7645433987784517,0,0,Markdown
2023-01-19,135.27000427246094,0.00044373608175840573,0.7734135476758803,0.02893446609047451,0.7686983536572479,0,0,Markdown
2023-01-20,137.8699951171875,0.01922074933545259,1.06264432379076,0.033541992240942835,0.9487530908552951,0,0,Markdown
2023-01-23,141.11000061035156,0.02350043960188808,1.0859971501977295,0.040965046819122754,0.8845950048405796,1,0,Markdown
2023-01-24,142.52999877929688,0.010063058343160014,0.8891793255912545,0.046879563886064936,0.958746309805062,0,0,Markdown
2023-01-25,141.86000061035156,-0.00470075194473818,0.8795017048546672,0.052957604295421325,0.9237594769783628,0,0,Markdown
2023-01-26,143.9600067138672,0.014803370185255682,0.7304673092012924,0.060488621492995116,0.9855581045971658,1,0,Markdown
2023-01-27,145.92999267578125,0.013684258613779976,0.9622334965290843,0.06463578866752745,0.9436251869301113,1,0,Markdown
2023-01-30,143.0,-0.020078070464177533,0.8800489850167602,0.062157103097059914,0.8165656472082897,0,0,Markdown
2023-01-31,144.2899932861328,0.009020932070858745,0.9126088168724814,0.05913285094391837,0.872506385400262,0,0,Markdown
2023-02-01,145.42999267578125,0.007900751560697472,1.1022378251014442,0.05647052311368942,0.9198930322590722,0,0,Markdown
2023-02-02,150.82000732421875,0.03706260688917107,1.6453980189429542,0.057049687858290246,0.9863745086878967,1,0,Markup
2023-02-03,154.5,0.024399897209064214,2.0420082144775833,0.05816737068406215,0.9113572054206498,1,0,Markup
2023-02-06,151.72999572753906,-0.01792883024246561,0.9352334412059744,0.062265501096509475,0.8069033742459262,0,0,Markup
2023-02-07,154.64999389648438,0.019244699473851767,1.106208354188047,0.06769985754324881,0.9066982202604944,0,0,Markup
2023-02-08,151.9199981689453,-0.017652737376545935,0.8511454239821266,0.06886704889888505,0.7971765570115897,0,0,Markup
2023-02-09,150.8699951171875,-0.006911552556695955,0.7501489560087384,0.062475200672905296,0.749035884621448,0,0,Markup
2023-02-10,151.00999450683594,0.0009279472007650558,0.7767296524322496,0.05118470124315574,0.7523324232640756,0,0,Markup
2023-02-13,153.85000610351562,0.01880677902118011,0.8384385785002425,0.04720527763405501,0.8504871373129409,0,0,Markup
2023-02-14,153.1999969482422,-0.004224953717818392,0.8329030418475483,0.03905414626147028,0.8229560429262492,0,0,Markup
2023-02-15,155.3300018310547,0.013903426404976438,0.8875426057008822,0.03659045365924767,0.9131722575704209,0,0,Markup
2023-02-16,153.7100067138672,-0.010429376798369527,0.9165210119284508,0.03397731086224399,0.8415372371054688,0,0,Markup
2023-02-17,152.5500030517578,-0.007546702305912589,0.8066260403905605,0.03095316433057154,0.7520534339305772,0,0,Markup
2023-02-21,148.47999572753906,-0.026679824600448265,0.815581774932781,0.021226790581741744,0.5207320600425307,0,0,Markup
2023-02-22,148.91000366210938,0.0028960664530148783,0.7143741410153461,0.01332445240567984,0.5438881055444353,0,0,Markup
2023-02-23,149.39999389648438,0.0032905125399556034,0.6860851563494053,0.00288327581555115,0.5031125654151798,0,0,Markup
2023-02-24,146.7100067138672,-0.018005269695533066,0.7856333019143842,-0.007347915863661138,0.335616451371391,0,0,Markup
2023-02-27,147.9199981689453,0.008247504598905886,0.6490753217158921,-0.014160912906408755,0.41095839651575095,0,0,Markup
2023-02-28,147.41000366210938,-0.003447772533457294,0.7362607126465344,-0.017024640101293644,0.37920281841088144,0,0,Markup
2023-03-01,145.30999755859375,-0.014246021649447993,0.8142643246801023,-0.022135504625270683,0.24844276718086702,0,0,Markup
2023-03-02,145.91000366210938,0.0041291453691869595,0.7812750981041425,-0.026922643666516536,0.1491103952113703,0,0,Markup
2023-03-03,151.02999877929688,0.035090089703815774,1.0969260782244301,-0.021257957371952668,0.5289316818839382,0,0,Markup
2023-03-06,153.8300018310547,0.01853938339660255,1.4320359449886757,-0.013196263039908463,0.7988738210659541,0,0,Markup
2023-03-07,151.60000610351562,-0.014496494188358522,0.9292654523958209,-0.0075922399518499155,0.6194696131782822,0,0,Markup
2023-03-08,152.8699951171875,0.00837723590066819,0.8048200408455787,0.003034714765892578,0.721640828221499,0,0,Markup
2023-03-09,150.58999633789062,-0.014914625839747453,0.9259577466072704,0.009696091709108803,0.5382138512397912,0,0,Markup
2023-03-10,148.5,-0.0138787196275717,1.1668609807057773,0.007127370952177244,0.37007266026935487,0,0,Markup
2023-03-13,150.47000122070312,0.013266001486216261,1.4048817407757805,0.0028394848944392585,0.5285601874755251,0,0,Markup
2023-03-14,152.58999633789062,0.01408915464869298,1.2142661305364224,0.004577007336858895,0.699114794387028,0,0,Distribusi
2023-03-15,152.99000549316406,0.0026214638237991306,1.2554825136722707,0.004806870544714595,0.7312957195625407,0,0,Distribusi
2023-03-16,155.85000610351562,0.018694035607962345,1.2285217464242566,0.011630967643250374,0.9514331219863619,0,0,Distribusi
2023-03-17,155.0,-0.00545400109224925,1.5573749268784765,0.019840960839031696,0.8644856758841236,0,0,Distribusi
2023-03-20,157.39999389648438,0.015483831590221708,1.1460305208083688,0.02740003482997113,0.9698266506771082,1,0,Distribusi
2023-03-21,159.27999877929688,0.011944122971497162,1.1373136277501061,0.03258069418832616,0.9922583795362904,1,0,Distribusi
2023-03-22,157.8300018310547,-0.009103446505241086,1.1427397447207284,0.03592757000052302,0.7637063453621744,0,0,Distribusi
2023-03-23,158.92999267578125,0.006969466083539766,1.0061723228623687,0.036732153076268696,0.8240128428102599,0,0,Distribusi
2023-03-24,160.25,0.008305589788276002,0.8783694955101091,0.03901083639893061,0.8963816436153615,0,0,Distribusi
2023-03-27,158.27999877929688,-0.012293299349161457,0.7731378132765552,0.036648043706253956,0.7883772232525805,0,0,Distribusi
2023-03-28,157.64999389648438,-0.003980318976947728,0.6810080687970336,0.031077694491686476,0.7538374922723124,0,0,Distribusi
2023-03-29,160.77000427246094,0.019790742129842442,0.7620397254852654,0.029725504274150757,0.9248906411952045,0,0,Distribusi
2023-03-30,162.36000061035156,0.009889881791605992,0.7367422391893673,0.028689829507246228,0.9927344375966902,1,0,Distribusi
2023-03-31,164.89999389648438,0.015644205941022005,1.0247267660602353,0.03007744512169029,0.994249217537342,1,0,Distribusi
2023-04-03,166.1699981689453,0.00770166355044366,0.869046091952673,0.0360912172662184,0.9935762760044828,1,0,Distribusi
2023-04-04,165.6300048828125,-0.003249643690696802,0.7112452574543446,0.041612809971371637,0.9370779134732042,0,0,Distribusi
2023-04-05,163.75999450683594,-0.011290287513422759,0.7890652129923242,0.04180804866352039,0.8398334625397835,0,0,Distribusi
2023-04-06,164.66000366210938,0.005495903672834368,0.6998191713798487,0.04008798239528884,0.8866358211063299,0,0,Distribusi
2023-04-10,162.02999877929688,-0.01597233586979263,0.7477147931475291,0.03206979182832566,0.7486939544420697,0,0,Distribusi
2023-04-11,160.8000030517578,-0.007591160506113748,0.7687482649627475,0.02201663058295104,0.6430263628976912,0,0,Distribusi
2023-04-12,160.10000610351562,-0.004353214769634461,0.8245820455689515,0.012719065178047302,0.6016553803920932,0,0,Distribusi
2023-04-13,165.55999755859375,0.03410363052421039,1.1339171877443588,0.011000228539639058,0.9157895370863939,0,0,Distribusi
2023-04-14,165.2100067138672,-0.0021139819394035975,0.8367281762217834,0.008749246671269126,0.8715532458287841,0,0,Distribusi
2023-04-17,165.22999572753906,0.0001209915432451858,0.7393548182582504,0.009515586055450604,0.873128423908077,0,0,Distribusi
2023-04-18,166.47000122070312,0.0075047238711354325,0.908252208956044,0.013682012602628527,0.917760123458603,0,0,Distribusi
2023-04-19,167.6300048828125,0.006968244450070493,0.8893878783761583,0.020336677658097692,0.9564861712616304,1,0,Distribusi
2023-04-20,166.64999389648438,-0.0058462742813449875,0.9993059052725958,0.018914882013853433,0.8760255515647766,0,0,Distribusi
2023-04-21,165.02000427246094,-0.00978091619394783,1.121254571644689,0.016784280538012564,0.7422005464597252,0,0,Distribusi
2023-04-24,165.3300018310547,0.001878545331279513,0.8198685657049325,0.015328893869751564,0.767651889370093,0,0,Distribusi
2023-04-25,163.77000427246094,-0.0094356592349637,0.9555074256940232,0.010336318653500815,0.639573355515773,0,0,Distribusi
2023-04-26,163.75999450683594,-6.112087295517821e-05,0.8928726669161543,0.003746407203029219,0.5005663592969524,0,0,Distribusi
2023-04-27,168.41000366210938,0.02839526936524983,1.2568806451113141,0.0035555487192013447,0.9829164103259264,1,0,Distribusi
2023-04-28,169.67999267578125,0.007541054486406518,1.064506605610913,0.006977154873165445,0.9831168516307346,1,0,Distribusi
2023-05-01,169.58999633789062,-0.0005303886243240852,1.0266165014737598,0.010703490296232212,0.9194001164072767,0,0,Distribusi
2023-05-02,168.5399932861328,-0.006191420923589042,0.9554258128745935,0.015747459819613115,0.8209930656156643,0,0,Distribusi
2023-05-03,167.4499969482422,-0.006467285993302041,1.2616452465313037,0.01964858455246505,0.6885097476820747,0,0,Distribusi
2023-05-04,165.7899932861328,-0.009913429037699317,1.5294533400886132,0.01585898926740868,0.5394968434576911,0,0,Distribusi
2023-05-05,173.57000732421875,0.04692692172716728,2.007411376702989,0.0178191081879526,0.9497248269462569,1,0,Markup
2023-05-08,173.5,-0.0004033376808469935,0.9830200391853356,0.01900925129401089,0.9449033873030519,0,0,Markup
2023-05-09,171.77000427246094,-0.009971156931060876,0.7978178462390912,0.01953018925010026,0.8257577110982437,0,0,Markup
2023-05-10,173.55999755859375,0.010420872338650744,0.9426481228056031,0.022723148215295034,0.9425461791438022,0,0,Markup
2023-05-11,173.75,0.0010947363682816125,0.8834555946460286,0.029696745058316973,0.9287534507013999,0,0,Markup
2023-05-12,172.57000732421875,-0.006791324752697836,0.8152171869670811,0.02626304655676896,0.8286691972888779,0,0,Markup
2023-05-15,172.07000732421875,-0.002897374855299284,0.6697647752867802,0.022492678321020195,0.7862603521041999,0,0,Markup
2023-05-16,172.07000732421875,0.0,0.7621657878866638,0.021155411438759122,0.7862603521041999,0,0,Markup
2023-05-17,172.69000244140625,0.0036031562201266354,1.0392592429200962,0.018604320631223085,0.8388469059843219,0,0,Markup
2023-05-18,175.0500030517578,0.013666110237923634,1.1609920689610858,0.0176165829447457,0.9847264948458666,1,0,Markup
2023-05-19,175.16000366210938,0.0006283953638037687,0.9914984596637634,0.017628716997173804,0.9094925637242683,0,0,Markup
2023-05-22,174.1999969482422,-0.005480741572254533,0.7729571697969277,0.017480513700967416,0.8388518740582551,0,0,Markup
2023-05-23,171.55999755859375,-0.015154991021227304,0.8986473707809138,0.01457045179348956,0.6445913809713081,0,0,Markup
2023-05-24,171.83999633789062,0.00163207497832496,0.799665279052068,0.011191959621589182,0.6233441753244703,0,0,Markup
2023-05-25,172.99000549316406,0.0066923253013353445,1.0008481400772833,0.007447486698243735,0.718543594277955,0,0,Markup
2023-05-26,175.42999267578125,0.014104787011603337,0.9793931816659597,0.006078720602867059,0.9205292575867623,0,0,Markup
2023-05-30,177.3000030517578,0.010659581907596527,0.9964580978779302,0.0074242259847670695,0.8848772801119255,1,0,Markup
2023-05-31,177.25,-0.0002820251037627397,1.6965206573437923,0.01146673355139902,0.8603720139358116,0,0,Markup
2023-06-01,180.08999633789062,0.016022546335066945,1.169579604829915,0.017288691606164384,0.9981025437109844,1,0,Markup
2023-06-02,180.9499969482422,0.004775393568990927,1.0698404322233415,0.02199649875294181,0.9269364624594857,1,0,Markup
2023-06-05,179.5800018310547,-0.0075711253953729685,2.0890430700409692,0.02499011617139801,0.6304201260609218,0,0,Markup
2023-06-06,179.2100067138672,-0.002060335858196427,1.1025149096081233,0.02550091017490586,0.6049559038811726,0,0,Markup
2023-06-07,177.82000732421875,-0.007756259904993845,1.0384764331637315,0.024381338829458695,0.5092917946983843,0,0,Markup
2023-06-08,180.57000732421875,0.01546507640721173,0.8443165604073846,0.022883430373333707,0.6985554031660152,0,0,Markup
2023-06-09,180.9600067138672,0.002159823746078704,0.8226328676149038,0.020799256761848243,0.7253963819969378,0,0,Markup
2023-06-12,183.7899932861328,0.015638740424785524,0.9063887792953869,0.022324958612580284,0.9201649167540048,0,0,Markup
2023-06-13,183.30999755859375,-0.002611653218746124,0.9039819055832783,0.023710980713207312,0.8871301082292452,0,0,Markup
2023-06-14,183.9499969482422,0.003491350161869189,0.933883461418916,0.02718856256445282,0.9311768696481342,0,0,Markup
2023-06-15,186.00999450683594,0.011198682211304156,1.0569902805426459,0.029453143424031523,0.9681243896484375,1,0,Markup
2023-06-16,184.9199981689453,-0.005859880490725833,1.5897494833826793,0.03104091054080425,0.8743165045053726,0,0,Markup
2023-06-20,185.00999450683594,0.0004866771511018442,0.7855657106043508,0.029570009761568296,0.8797807626244003,0,0,Markup
2023-06-21,183.9600067138672,-0.0056753030870986265,0.7774497997327676,0.027498947137190706,0.8160292316500799,0,0,Markup
2023-06-22,187.0,0.016525294494369236,0.804291938450721,0.026484374900987286,0.9969750117694842,1,0,Markup
2023-06-23,186.67999267578125,-0.0017112691134693048,0.8284841837070912,0.02302316917776283,0.9445491396617105,0,0,Markup
2023-06-26,185.27000427246094,-0.007552970101992296,0.7547469791059389,0.019955701517948933,0.8139224682057546,0,0,Markup
2023-06-27,188.05999755859375,0.015059066345298966,0.7987871475238029,0.0197689295622416,0.9720810446210151,1,0,Markup
2023-06-28,189.25,0.006327780797909854,0.8094650424620338,0.022218334402740465,0.9505331867065052,1,0,Markup
2023-06-29,189.58999633789062,0.0017965460390521049,0.7646996077530703,0.021605114212719895,0.9634695242607508,0,0,Markup
2023-06-30,193.97000122070312,0.023102510509079632,1.38729317454109,0.025664929545450865,0.9702800203094976,1,0,Markup
2023-07-03,192.4600067138672,-0.007784680606965799,0.5252037075559868,0.030245556816642215,0.8822849429617898,0,0,Markup
2023-07-05,191.3300018310547,-0.005871375056598072,0.8356862833802617,0.030508040063756355,0.8164337980627727,0,0,Markup
2023-07-06,191.80999755859375,0.002508732153585047,0.8175459191188968,0.02977143032525044,0.8444055959601529,0,0,Markup
2023-07-07,190.67999267578125,-0.0058912720775532446,0.8605438309815815,0.027395431900773308,0.7767329315720867,0,0,Markup
2023-07-10,188.61000061035156,-0.010855843008916843,1.0917373710100076,0.01946821884587076,0.5761733575858267,0,0,Markup
2023-07-11,188.0800018310547,-0.002810024800285138,0.8514655196730049,0.01286716804407096,0.5262770911382655,0,0,Markup
2023-07-12,189.77000427246094,0.008985550962107736,1.102590889489358,0.009596459833650102,0.6219907957353737,0,0,Markup
2023-07-13,190.5399932861328,0.004057485357729984,0.7597126262947381,0.006310141926283605,0.6837877091961821,0,0,Markup
2023-07-14,190.69000244140625,0.0007872843526774975,0.776045129597105,0.00452343002233532,0.6812452917842517,0,0,Markup
2023-07-17,193.99000549316406,0.017305590274832694,0.9553680189930647,0.008094315776561835,0.9587897174493053,0,0,Markup
2023-07-18,193.72999572753906,-0.0013403255748356546,0.9613044126990479,0.011713558495314446,0.9369217797729277,0,0,Markup
2023-07-19,195.10000610351562,0.007071751438550322,1.5551747708232784,0.014637279349046434,0.7998727783777877,1,0,Markup
2023-07-20,193.1300048828125,-0.010097391896840224,1.1398597759660107,0.014914417524203322,0.649725844787907,0,0,Markup
2023-07-21,191.94000244140625,-0.006161665258219817,1.3497871532564087,0.01491083145660157,0.5242063006558277,0,0,Markup
2023-07-24,192.75,0.004220055998181094,0.8574954175248966,0.01200026727192175,0.5784618671123798,0,0,Markup
2023-07-25,193.6199951171875,0.004513593344682265,0.7118004495145691,0.009678521850329979,0.6329616634999004,0,0,Markup
2023-07-26,194.5,0.00454501035536059,0.9091485370897456,0.007357504069266402,0.6792778112343099,0,0,Markup
2023-07-27,193.22000122070312,-0.006580970587644619,0.912205843205431,0.0064096682360426415,0.569217628837169,0,0,Markup
2023-07-28,195.8300018310547,0.013507921508448373,0.926450962112247,0.008822720479066022,0.7936374860105775,0,0,Markup
2023-07-31,196.4499969482422,0.003165986372825502,0.7795111804472179,0.012018504442401509,0.8469475178533239,0,0,Markup
2023-08-01,195.61000061035156,-0.004275878599845129,0.7036209823081083,0.013257584941984318,0.7747207691591127,0,0,Markup
2023-08-02,192.5800018310547,-0.015489999334607263,1.004471345008606,0.01093538824891488,0.5141875376385986,0,0,Markup
2023-08-03,191.1699981689453,-0.007321651514710981,1.2013488179009513,0.008974579896658919,0.39294893745990134,0,0,Markup
2023-08-04,181.99000549316406,-0.04802004898105661,2.130418031667969,-0.00314833763845343,0.004292295199140792,0,1,Akumulasi
2023-08-07,178.85000610351562,-0.017253691383433578,1.7327817025997647,-0.018974622548328542,0.07183911615905103,0,1,Markdown
2023-08-08,179.8000030517578,0.005311696482092065,1.1821811934133353,-0.03338334272579262,0.11733707690272736,0,0,Markdown
2023-08-09,178.19000244140625,-0.00895439701348677,1.0527617068379862,-0.04554130422635022,0.055608287779882276,0,0,Markdown
2023-08-10,177.97000122070312,-0.0012346440186814522,0.9425571980145024,-0.056275655304371,0.045240653093392126,0,0,Markdown
2023-08-11,177.7899932861328,-0.0010114509936260951,0.8888972021877414,-0.05749681150074461,0.057195140834166186,0,0,Markdown
2023-08-14,179.4600067138672,0.009393180104611876,0.7504590753268425,-0.05322125752674071,0.1342253065131403,0,0,Markdown
2023-08-15,177.4499969482422,-0.01120032146677552,0.7525649428114061,-0.05162080713056448,0.04151264762601878,0,0,Markdown
2023-08-16,176.57000732421875,-0.004959085033290345,0.8343662631415409,-0.04865373827249477,0.003381996837670786,0,0,Markdown
2023-08-17,174.0,-0.014555174817995509,1.1669376182993787,-0.048030239389147626,0.021922607322931796,0,1,Markdown
2023-08-18,174.49000549316406,0.0028161235239314575,1.0909343176653667,-0.04710866970560942,0.10023770832728786,0,0,Markdown
2023-08-21,175.83999633789062,0.007736780344014926,0.8252309674326899,-0.04666547134559312,0.15372389561146416,0,0,Markdown
2023-08-22,177.22999572753906,0.007904910251348207,0.7459298825307132,-0.042646614009769095,0.20879520810965052,0,0,Markdown
2023-08-23,181.1199951171875,0.021948877071738204,0.931165004467041,-0.03416394107245127,0.36291568729868545,0,0,Markdown
2023-08-24,176.3800048828125,-0.02617044148719283,0.964053834284287,-0.02707783915114468,0.17844166852499127,0,0,Markdown
2023-08-25,178.61000061035156,0.01264313224744873,0.9002169548476885,-0.017901187966379375,0.2684697959621173,0,0,Markdown
2023-08-28,180.19000244140625,0.008846099466185864,0.7633965726968138,-0.008645636961444146,0.33225673709408954,0,0,Markdown
2023-08-29,184.1199951171875,0.02181027039532446,0.9092558262927659,0.0021926580013037714,0.5236862943528646,0,0,Markdown
2023-08-30,187.64999389648438,0.019172272827023162,1.0339871949212909,0.01084741918889222,0.7687406221193506,0,0,Markdown
2023-08-31,187.8699951171875,0.001172401960345848,1.0340447513144018,0.024595794037239455,0.9271561279284934,0,0,Markdown
2023-09-01,189.4600067138672,0.008463361036912254,0.8278525586209023,0.03454455400007489,0.9743879914292463,1,0,Markdown
2023-09-05,189.6999969482422,0.0012667065653462206,0.8597154395057851,0.04198517485490735,0.9844617674802999,0,0,Markdown
2023-09-06,182.91000366210938,-0.03579332311737149,1.5320050152505666,0.03974493633256515,0.6076583587223254,0,0,Markdown
2023-09-07,177.55999755859375,-0.029249390390909014,2.009778501250966,0.02873526704778535,0.31076549716416674,0,0,Markdown
2023-09-08,178.17999267578125,0.0034917499758519988,1.1599133063836522,0.01792834316800014,0.345171462490622,0,0,Markdown
2023-09-11,179.36000061035156,0.006622561359722834,1.0368153871844574,0.006288533448501389,0.4106547396266421,0,0,Markdown
2023-09-12,176.3000030517578,-0.017060646455066664,1.5266650972645017,-0.007697663537255934,0.24084345082551623,0,0,Akumulasi
2023-09-13,174.2100067138672,-0.011854771989295187,1.3763242162988156,-0.016466994532822587,0.12486134138555309,0,0,Akumulasi
2023-09-14,175.74000549316406,0.008782496529087691,0.9834064950485136,-0.0182619897200428,0.20976698578611602,0,0,Akumulasi
2023-09-15,175.00999450683594,-0.004153926047057777,1.7049644325408135,-0.022057605598506808,0.16925580757317366,0,0,Akumulasi
2023-09-18,177.97000122070312,0.016913358132535583,1.0445766389943378,-0.024543656544646138,0.2694651628160815,0,0,Akumulasi
2023-09-19,179.07000732421875,0.006180851244426799,0.8014901835550141,-0.022346351636109908,0.3363754998088011,0,0,Akumulasi
2023-09-20,175.49000549316406,-0.01999219123598317,0.8923867920609673,-0.020455225488828648,0.11861386359164368,0,0,Akumulasi
2023-09-21,173.92999267578125,-0.008889468166570769,0.9567414150172363,-0.020509985997025727,0.023722587088319046,0,0,Akumulasi
2023-09-22,174.7899932861328,0.0049445216268977354,0.858262032018811,-0.020321722237283513,0.07603405196897751,0,0,Akumulasi
2023-09-25,176.0800018310547,0.00738033408360006,0.7013984158163765,-0.021734956982325648,0.15450171336498944,0,0,Akumulasi
2023-09-26,171.9600067138672,-0.023398427273646605,0.9659178768886117,-0.027418491758177843,0.01637571952467852,0,1,Akumulasi
2023-09-27,170.42999267578125,-0.008897499292564004,0.9904979434621752,-0.02935638978759363,0.06593359326017666,0,1,Akumulasi
2023-09-28,170.69000244140625,0.0015256103784480057,0.835999739819317,-0.028371730821577856,0.13729907157504684,0,0,Akumulasi
2023-09-29,171.2100067138672,0.003046483478957418,0.7753058513719677,-0.027844232792417444,0.16055507596979635,0,0,Akumulasi
2023-10-02,173.75,0.014835542237771948,0.7761298179391632,-0.02615524526966129,0.274150479225596,0,0,Akumulasi
2023-10-03,172.39999389648438,-0.007769819300809333,0.7355326770757851,-0.02084949856762628,0.22515291124319894,0,0,Akumulasi
2023-10-04,173.66000366210938,0.00730864159068112,0.803459554215824,-0.014566335190215832,0.4763410698233568,0,0,Akumulasi
2023-10-05,174.91000366210938,0.007197972898999483,0.7728362038706866,-0.008989620667118442,0.5749214497765937,0,0,Akumulasi
2023-10-06,177.49000549316406,0.014750453244736894,0.9180632254492108,-0.0016054030151405052,0.778391498404928,0,0,Akumulasi
2023-10-09,178.99000549316406,0.008451180086631815,0.6887256727763448,0.004499043048228647,0.9088730216037938,0,0,Akumulasi
2023-10-10,178.38999938964844,-0.00335217657467779,0.7379423856776559,0.010751777461000731,0.8900825487461317,0,0,Akumulasi
2023-10-11,179.8000030517578,0.007904051050695804,0.8287027407467371,0.016151890172590104,0.9959114467015843,1,0,Akumulasi
2023-10-12,180.7100067138672,0.005061199369654101,0.9924888753392582,0.021327576905420302,0.8892670184204252,1,0,Akumulasi
2023-10-13,178.85000610351562,-0.01029273721015711,0.9474251629163918,0.021760011719628946,0.7629082917828526,0,0,Akumulasi
2023-10-16,178.72000122070312,-0.0007268933652552212,0.9808217110900442,0.02123418750573354,0.754076439063326,0,0,Akumulasi
2023-10-17,177.14999389648438,-0.0087847320585005,1.0690952007156604,0.02037955748381559,0.6474183416434295,0,0,Akumulasi
2023-10-18,175.83999633789062,-0.007394849583563845,1.0208398827768828,0.01576465605541848,0.5584239496625859,0,0,Akumulasi
2023-10-19,175.4600067138672,-0.002160996541954341,1.1094171345680561,0.00934131926798697,0.5326094393017446,0,0,Akumulasi
2023-10-20,172.8800048828125,-0.014704215959948308,1.1934601194296084,0.0030860157769851916,0.3573375903139869,0,0,Akumulasi
2023-10-23,173.0,0.0006940948276166203,1.0305538038606303,-0.0025582686082294627,0.3654894318382071,0,0,Akumulasi
2023-10-24,173.44000244140625,0.0025433667133309967,0.8223560056822415,-0.0072097067468240034,0.39538089956359035,0,0,Akumulasi
2023-10-25,171.10000610351562,-0.013491676112499795,1.082651195079702,-0.01280340180650536,0.23641377022670496,0,0,Akumulasi
2023-10-26,166.88999938964844,-0.02460553222493822,1.3198500208231736,-0.021514333262408532,0.07318544419374179,0,1,Markdown
2023-10-27,168.22000122070312,0.007969332110484562,1.0864957734199856,-0.026002028192475924,0.15296960599001358,0,0,Markdown
2023-10-30,170.2899932861328,0.012305267212035398,0.9505613649444733,-0.028137414567527427,0.2771443086175096,0,0,Markdown
2023-10-31,170.77000427246094,0.0028187856318813154,0.8374151236282487,-0.030738790386280395,0.30593921198002716,0,0,Markdown
2023-11-01,173.97000122070312,0.018738635990994235,1.059281149916035,-0.02754178514176376,0.49790065767493374,0,0,Markdown
2023-11-02,177.57000732421875,0.020693257908003027,1.4012728812725515,-0.01607359118013555,0.7138578561719383,0,0,Markdown
2023-11-03,176.64999389648438,-0.005181130764130404,1.4174951156034519,-0.006199472589642457,0.6586680823993006,0,0,Distribusi
2023-11-06,179.22999572753906,0.014605162299448304,1.112419032607206,0.003952633085140506,0.8134372554314246,0,0,Distribusi
2023-11-07,181.82000732421875,0.014450770844278482,1.200894617964229,0.015589485478208452,0.9630295194256073,0,0,Distribusi
2023-11-08,182.88999938964844,0.005884897273828127,0.8388258040221401,0.024872694375748718,0.9685040721574282,1,0,Distribusi
2023-11-09,182.41000366210938,-0.0026245050529877245,0.9163447553373053,0.02989606228876817,0.9073175209798047,0,0,Distribusi
2023-11-10,186.39999389648438,0.02187374680264753,1.1132255267518092,0.03877997761390178,0.9918653897961821,1,0,Distribusi
2023-11-13,184.8000030517578,-0.008583642151914983,0.7399190011080765,0.04331426975009511,0.9153108374589236,0,0,Distribusi
2023-11-14,187.44000244140625,0.01428571074703422,1.01722637747854,0.04664024959271274,0.9701426873417343,1,0,Distribusi
2023-11-15,188.00999450683594,0.003040930740533243,0.9110580827579923,0.04882535997256746,0.9374735468453753,0,0,Distribusi
2023-11-16,189.7100067138672,0.009042137421952035,0.9254321075001926,0.05283218802950452,0.950573365850009,1,0,Distribusi
2023-11-17,189.69000244140625,-0.0001054465855937492,0.875995646057691,0.05156254857354113,0.9497823707649182,0,0,Distribusi
2023-11-20,191.4499969482422,0.009278267089376957,0.806575383330609,0.053566208651001826,0.9824692600012211,1,0,Distribusi
2023-11-21,190.63999938964844,-0.004230856994020926,0.6646724778412005,0.052092130682441264,0.9516004570657657,0,0,Distribusi
2023-11-22,191.30999755859375,0.0035144679557825853,0.701242848991896,0.04987108236614586,0.940572434202756,0,0,Distribusi
2023-11-24,189.97000122070312,-0.0070043194552873445,0.4439613344187309,0.04352300546970143,0.886590325924341,0,0,Distribusi
2023-11-27,189.7899932861328,-0.0009475597905649336,0.761261965641973,0.0375066890931113,0.8745505576194581,0,0,Distribusi
2023-11-28,190.39999389648438,0.003214082048213829,0.7298527865304948,0.030723247944085597,0.8989213382866994,0,0,Distribusi
2023-11-29,189.3699951171875,-0.0054096576277038455,0.8186497651631449,0.024192662371152678,0.8439281920373328,0,0,Distribusi
2023-11-30,189.9499969482422,0.0030627968844576525,0.9359090537247557,0.018345605956219483,0.847803995342871,0,0,Distribusi
2023-12-01,191.24000549316406,0.006791305952341675,0.9040728159118303,0.01598376678800248,0.9136880315836888,0,0,Distribusi
2023-12-04,189.42999267578125,-0.00946461391650355,0.8903633828452763,0.012143387174040178,0.7906696807059204,0,0,Distribusi
2023-12-05,193.4199981689453,0.02106321938149014,1.363332832361793,0.011538025024407783,0.9364876090267202,1,0,Markup
2023-12-06,192.32000732421875,-0.0056870585003612195,0.8668769774654644,0.011849850421778895,0.814731395455267,0,0,Markup
2023-12-07,194.27000427246094,0.010139334827264257,1.0036176800849608,0.013370193952431376,0.9446553758589574,0,0,Markup
2023-12-08,195.7100067138672,0.00741237663940475,1.1293690533500547,0.014527042317316137,0.9775281999659555,1,0,Markup
2023-12-11,193.17999267578125,-0.012927361664163084,1.2958688236802567,0.01665749742369584,0.7614589890856902,0,0,Markup
2023-12-12,194.7100067138672,0.007920147510585007,1.1098128602233783,0.015371512994048566,0.867905216016528,0,0,Markup
2023-12-13,197.9600067138672,0.016691489332522957,1.46683117530337,0.01847084552570367,0.9962091682877618,1,0,Markup
2023-12-14,198.11000061035156,0.000757697976345284,1.3737356379665293,0.019791145317527,0.8759248369741703,1,0,Markup
2023-12-15,197.57000732421875,-0.002725724519050843,2.455093331571033,0.019641669125561794,0.8315539768773517,0,0,Markup
2023-12-18,195.88999938964844,-0.008503355126233125,1.0599770672508289,0.0208132052396207,0.6935089327246534,0,0,Markup
2023-12-19,196.94000244140625,0.005360166700849378,0.7783573820460918,0.021671713335847415,0.779786928594624,0,0,Markup
2023-12-20,194.8300018310547,-0.010713925988598105,0.9854689785842697,0.017326338615022432,0.6064096954134606,0,0,Markup
2023-12-21,194.67999267578125,-0.0007699489496669765,0.8711705021190064,0.012894925520691151,0.5940835509727637,0,0,Markup
2023-12-22,193.60000610351562,-0.005547496470601487,0.6878098417668553,0.00784588079843653,0.5053418307791262,0,0,Markup
2023-12-26,193.0500030517578,-0.0028409247645567737,0.5412581280755908,0.004067967330007164,0.4601484754373581,0,0,Markup
2023-12-27,193.14999389648438,0.0005179530854488856,0.8919435412983676,-0.0005516422459556365,0.4683646512607623,0,0,Markup
2023-12-28,193.5800018310547,0.002226290179438317,0.636861284004027,-0.002922563026119435,0.5036980940929545,0,0,Markup
2023-12-29,192.52999877929688,-0.005424129774904141,0.802724878882358,-0.005797485408969788,0.417420098222984,0,0,Markup
2024-01-02,185.63999938964844,-0.03578662771169838,1.4998421313548949,-0.012567750229018309,0.11125241419717698,0,1,Markdown
2024-01-03,184.25,-0.007487607165581278,1.0478030253362787,-0.020330870883510845,0.050648993240517685,0,0,Markdown
2024-01-04,181.91000366210938,-0.012700115809447077,1.2850252506972628,-0.02904852628022191,0.05496261024765826,0,1,Markdown
2024-01-05,181.17999267578125,-0.004013033761925966,1.0928130901348267,-0.039115030319434016,0.05192774628826956,0,0,Markdown
2024-01-08,185.55999755859375,0.024174881663950876,1.0256549433145055,-0.044190612527270384,0.27712083472257637,0,0,Markdown
2024-01-09,185.13999938964844,-0.002263409002323802,0.7498099957339284,-0.04207687918664526,0.2555270951418989,0,0,Markdown
2024-01-10,186.19000244140625,0.005671400319862574,0.8292300449757205,-0.03829901526424803,0.30951183635044227,0,0,Markdown
2024-01-11,185.58999633789062,-0.0032225473744458277,0.8733796484359098,-0.03214535012352416,0.2786631886559319,0,0,Markdown
2024-01-12,185.9199981689453,0.0017781229460982484,0.7392585717471357,-0.024100538991960067,0.29562986643654265,0,0,Markdown
2024-01-16,183.6300048828125,-0.012317089655153213,1.1994735721980592,-0.022409339618819513,0.1897974506181778,0,0,Markdown
2024-01-17,182.67999267578125,-0.005173512943255187,0.9345334413280426,-0.021160296357064186,0.14334639030617802,0,0,Markdown
2024-01-18,188.6300048828125,0.032570683411353496,1.5075097876975283,-0.016684888344199043,0.48315301929788634,0,0,Markdown
2024-01-19,191.55999755859375,0.015533014896551123,1.2962839283782577,-0.008933647390917761,0.6504856061035176,0,0,Distribusi
2024-01-22,193.88999938964844,0.01216330058858972,1.1229737059491804,-0.00021262925293777884,0.8113541247448598,0,0,Distribusi
2024-01-23,195.17999267578125,0.006653222395139657,0.7940316213387983,0.011932403425505509,0.9634141683422278,0,0,Distribusi
2024-01-24,194.5,-0.0034839261261312426,0.9901185316508557,0.024252343210667153,0.8840219553268778,0,0,Distribusi
2024-01-25,194.1699981689453,-0.0016966675118492702,0.9884679846997075,0.02983361423774962,0.8636640469755887,0,0,Distribusi
2024-01-26,192.4199981689453,-0.009012720896651283,0.8065910611897914,0.03094721932884974,0.7557060411036401,0,0,Distribusi
2024-01-29,191.72999572753906,-0.003585918553020817,0.8427618103355122,0.029157687380459756,0.7131395910345003,0,0,Distribusi
2024-01-30,188.0399932861328,-0.01924582758897042,0.986895142589859,0.02278720188521443,0.48550227375630567,0,0,Distribusi
2024-01-31,184.39999389648438,-0.01935758093816564,1.0039401735073625,0.012370315452660577,0.2609496591954169,0,0,Distribusi
2024-02-01,186.86000061035156,0.013340600842146166,1.167556926708971,0.0038891366592664002,0.4127081844872494,0,0,Distribusi
2024-02-02,185.85000610351562,-0.0054050867148502935,1.7959371164487863,-0.004145497951239333,0.3852892132061085,0,0,Distribusi
2024-02-05,187.67999267578125,0.009846577950857638,1.2123374118247305,-0.010160180248996245,0.49211852147453483,0,0,Distribusi
2024-02-06,189.3000030517578,0.0086317691773099,0.7672523863730085,-0.009805580446728728,0.5866900284331821,0,0,Distribusi
2024-02-07,189.41000366210938,0.0005810914346444651,0.934024787950645,-0.00561991251002275,0.5931115450120787,0,0,Distribusi
2024-02-08,188.32000732421875,-0.005754692554861496,0.7196145471691683,-0.004635195905217586,0.5294807203072779,0,0,Distribusi
2024-02-09,188.85000610351562,0.0028143519471321987,0.7960583518500628,-0.0023208806111621053,0.5604205117972764,0,0,Distribusi
2024-02-12,187.14999389648438,-0.009001917670574011,0.7357433967699728,-0.0032053719066597523,0.46117872998453635,0,0,Distribusi
2024-02-13,185.0399932861328,-0.011274382469489308,1.003452382452759,-0.008077840131343491,0.338003014344861,0,0,Distribusi
2024-02-14,184.14999389648438,-0.004809767736384418,0.9634895816477638,-0.014018530311146592,0.28604743139336847,0,0,Distribusi
2024-02-15,183.86000061035156,-0.0015747667431138535,1.1669707394586613,-0.017491729883995093,0.2691184644656486,0,0,Distribusi
2024-02-16,182.30999755859375,-0.008430343993322875,0.9027103992002116,-0.022016335001903795,0.1786337820407756,0,0,Distribusi
2024-02-20,181.55999755859375,-0.004113872031395016,0.9794572701143761,-0.02475551279436487,0.13485095739298364,0,0,Distribusi
2024-02-21,182.32000732421875,0.004185997884141424,0.7557531289988756,-0.024312150614921972,0.1792181231249421,0,0,Distribusi
2024-02-22,184.3699951171875,0.011243899246467626,0.956418926055686,-0.021432446933211828,0.3008221992912106,0,0,Distribusi
2024-02-23,182.52000427246094,-0.010034121026855192,0.8326223302784884,-0.019811380442235245,0.21083207160516418,0,0,Distribusi
2024-02-26,181.16000366210938,-0.007451241390074692,0.7567540242034111,-0.018078634592052955,0.14749066503592,0,0,Distribusi
2024-02-27,182.6300048828125,0.008114380608232441,0.9992033068559942,-0.014512447517622713,0.2693230327413411,0,0,Distribusi
2024-02-28,181.4199981689453,-0.006625454095802064,0.9062694875227556,-0.01372202856805208,0.18389810235024084,0,0,Distribusi
2024-02-29,180.75,-0.003693077806788292,2.3534447616919927,-0.01666616127613158,0.12711861119193094,0,0,Distribusi
2024-03-01,179.66000366210938,-0.00603040850838521,1.2572404495795362,-0.017848274978163034,0.1667885211920833,0,0,Distribusi
2024-03-04,175.10000610351562,-0.025381261636673647,1.418566614247118,-0.021568638246934974,0.07589872979051444,0,1,Markdown
2024-03-05,170.1199951171875,-0.028440952671264008,1.6197529619806084,-0.03054644879389508,0.023331769242764182,0,1,Markdown
2024-03-06,169.1199951171875,-0.005878203789690617,1.1433664393943372,-0.03868872829998573,0.019669299835407057,0,1,Markdown
2024-03-07,169.0,-0.0007095264939214196,1.17833514849071,-0.04625339585532567,0.023720674736555234,0,0,Markdown
2024-03-08,170.72999572753906,0.010236661109698675,1.2169801174614714,-0.05151285300554817,0.10418559229651163,0,0,Markdown
2024-03-11,172.75,0.01183157220764297,0.9482992087060078,-0.0498756296683557,0.21109990351723534,0,0,Markdown
2024-03-12,173.22999572753906,0.002778557033511264,0.9301147613239646,-0.04268997200991768,0.26749378712440736,0,0,Markdown
2024-03-13,171.1300048828125,-0.012122559005482425,0.8186213600742751,-0.03668747883168907,0.15492960268927308,0,0,Markdown
2024-03-14,173.0,0.010927336316434166,1.1211845266432692,-0.029147899192353395,0.27250742195423283,0,0,Markdown
2024-03-15,172.6199951171875,-0.002196560016257232,1.7944796691804545,-0.023923070878190913,0.24954638490900038,0,0,Markdown
2024-03-18,173.72000122070312,0.006372414173507979,1.0934776740100365,-0.02044566370966831,0.316012059523151,0,0,Markdown
2024-03-19,176.0800018310547,0.013585082856137465,0.7976938546879099,-0.015683968047950303,0.45861038889196215,0,0,Markdown
2024-03-20,178.6699981689453,0.014709202129471022,0.765142409631928,-0.006089071356130062,0.615105751323044,0,0,Markdown
2024-03-21,171.3699951171875,-0.04085746418856029,1.4642550927852396,-0.004262759135862433,0.1740176282937803,0,0,Akumulasi
2024-03-22,172.27999877929688,0.005310169154682409,0.9639991657815458,-0.0017341374913510568,0.24562508652914303,0,0,Akumulasi
2024-03-25,170.85000610351562,-0.0083003986876804,0.7288131451990532,-0.002075062707227906,0.15294891319396373,0,0,Akumulasi
2024-03-26,169.7100067138672,-0.006672515943357493,0.7688474529426182,-0.005701011445610416,0.08339043649763087,0,0,Akumulasi
2024-03-27,173.30999755859375,0.021212602099510702,0.8014204855767834,-0.009563403755943594,0.34232893740104275,0,0,Akumulasi
2024-03-28,171.47999572753906,-0.010559124440792766,0.9164793289866433,-0.006777778702571682,0.248338197814342,0,0,Akumulasi
2024-04-01,170.02999877929688,-0.008455779008450959,0.6578395156395955,-0.006613816549793387,0.15127646307610215,0,0,Akumulasi
2024-04-02,168.83999633789062,-0.006998779332762939,0.7182258985303811,-0.007143604412850942,0.05842916357301124,0,0,Akumulasi
2024-04-03,169.64999389648438,0.004797427008780275,0.7192190606012828,-0.007077687951540645,0.136015118474823,0,0,Akumulasi
2024-04-04,168.82000732421875,-0.00489234660846527,0.8190862887800625,-0.012216096171136767,0.05651450753877544,0,0,Akumulasi
2024-04-05,169.5800018310547,0.004501803541427263,0.6570332028441457,-0.014593422721337972,0.12931089921601413,0,0,Akumulasi
2024-04-08,168.4499969482422,-0.0066635503633162285,0.6022660672140872,-0.015779043023156854,0.021072908932528105,0,0,Akumulasi
2024-04-09,169.6699981689453,0.007242512572309456,0.6917848972100974,-0.013928663359431642,0.1379312360785506,0,0,Akumulasi
2024-04-10,167.77999877929688,-0.01113926687125033,0.8182998186743224,-0.014543157120063524,0.05795833135338624,0,1,Akumulasi
2024-04-11,175.0399932861328,0.04327091762818491,1.4530300450905314,-0.008414586568979884,0.6859856704628853,0,0,Distribusi
2024-04-12,176.5500030517578,0.00862665575607413,1.5857831362884862,-0.001321887850889895,0.8166093801973612,0,0,Distribusi
2024-04-15,172.69000244140625,-0.021863497839872292,1.1917062967243628,0.0035957895379211805,0.48269922227678075,0,0,Distribusi
2024-04-16,169.3800048828125,-0.019167279586534414,1.1964490826358556,0.004527397304970531,0.1963671930686012,0,0,Distribusi
2024-04-17,168.0,-0.008147389556206863,0.8291096297347214,0.007156325934173542,0.07698958283834656,0,0,Distribusi
2024-04-18,167.0399932861328,-0.0057143256777808515,0.7083541982892064,0.001208034448716761,0.04148944417168402,0,1,Distribusi
2024-04-19,165.0,-0.012212603975853775,1.155544628323386,-0.010490134547274599,0.06442564759032926,0,1,Distribusi
2024-04-22,165.83999633789062,0.005090886896306879,0.8321208138895713,-0.016678884769522357,0.12324892558027213,0,0,Distribusi
2024-04-23,166.89999389648438,0.006391688265803275,0.860236004090557,-0.018457417598487413,0.19747845283559187,0,0,Distribusi
2024-04-24,169.02000427246094,0.012702279529689164,0.8446045175291347,-0.017055358725383413,0.34593857588897414,0,0,Distribusi
2024-04-25,169.88999938964844,0.005147290824730311,0.8925668887154461,-0.012700427278057678,0.40686260891121906,0,0,Distribusi
2024-04-26,169.3000030517578,-0.003472813820767917,0.8064171078753559,-0.0069875152450166456,0.3655463352189551,0,0,Distribusi
2024-04-29,173.5,0.024808014604454476,1.202315266522324,0.0010321666770920818,0.6596637937114123,0,0,Distribusi
2024-04-30,170.3300018310547,-0.01827088281812861,1.1461200108710947,0.004636806518592153,0.4376751074419728,0,0,Distribusi
2024-05-01,169.3000030517578,-0.006047077838456816,0.8737467651637892,0.005070643220836748,0.3655463352189551,0,0,Distribusi
2024-05-02,173.02999877929688,0.02203187040935095,1.5784351503129566,0.007522924608865479,0.6267505401483565,0,0,Distribusi
2024-05-03,183.3800048828125,0.05981625253732603,2.482693488979693,0.019961361112140055,0.8420595372432319,1,0,Markup
2024-05-06,181.7100067138672,-0.009106762593950823,1.158811376807239,0.02560359144562153,0.7691974821664553,0,0,Markup
2024-05-07,182.39999389648438,0.0037971886914498487,1.1115367928099174,0.035854819270846036,0.7993016373906936,0,0,Markup
2024-05-08,182.74000549316406,0.0018640987283840005,0.6500248535817109,0.04694237972218778,0.8141363504728427,0,0,Markup
2024-05-09,184.57000732421875,0.01001423758369735,0.7287878878050813,0.05739807296571343,0.8939793686775382,0,0,Markup
2024-05-10,183.0500030517578,-0.008235380680192916,0.7849484497502012,0.0550349551904363,0.8276615504448817,0,0,Markup
2024-05-13,186.27999877929688,0.017645428427694565,1.1153882357603953,0.05616751253958992,0.9643784894862191,0,0,Markup
2024-05-14,187.42999267578125,0.006173469529849429,0.8247609632621706,0.05646939077656627,0.9640788467329687,1,0,Markup
2024-05-15,189.72000122070312,0.012217940748059153,1.0914603460363401,0.05788213479978034,0.9649983833833633,1,0,Markup
2024-05-16,189.83999633789062,0.000632485327932919,0.8131675244170533,0.05702422835912543,0.9533675215992021,0,0,Markup
2024-05-17,189.8699951171875,0.00015802138577525326,0.6486582375301936,0.057302186057054824,0.953284811971513,0,0,Markup
2024-05-20,191.0399932861328,0.006162101432736655,0.6990900355405004,0.05518601601052214,0.9674072265625,0,0,Markup
2024-05-21,192.35000610351562,0.006857270013722827,0.6705734609696858,0.05320344101999561,0.9856715768687709,1,0,Markup
2024-05-22,190.89999389648438,-0.0075384047882530725,0.5551381825190714,0.04817021610183536,0.9221721774348177,0,0,Markup
2024-05-23,186.8800048828125,-0.021058088749084547,0.8169234793006727,0.04006429381752304,0.7494727642598202,0,0,Markup
2024-05-24,189.97999572753906,0.016588135507972,0.5858154198448662,0.034336506655083324,0.8802188615569366,0,0,Markup
2024-05-28,189.99000549316406,5.268852431883353e-05,0.8540192612992552,0.02858349611883138,0.8740060869093127,0,0,Markup
2024-05-29,190.2899932861328,0.0015789661787211084,0.8760970921213583,0.020838541798110573,0.886563131724422,0,0,Markup
2024-05-30,191.2899932861328,0.005255137081729533,0.8239527671166723,0.015248580478615563,0.9226591285996352,0,0,Markup
2024-05-31,192.25,0.005018593484036549,1.2611370306883898,0.01577225525606491,0.940381566706249,0,0,Markup
2024-06-03,194.02999877929688,0.009258771283728873,0.928474353701258,0.017201137967380157,0.9341107596925203,1,0,Markup
2024-06-04,194.35000610351562,0.0016492672588364066,0.9062268951887014,0.018413701491055815,0.9307141985212054,0,0,Markup
2024-06-05,195.8699951171875,0.007820884826019947,1.0572106573755733,0.020681723795310258,0.9333333991749388,1,0,Markup
2024-06-06,194.47999572753906,-0.007096540686677422,0.8069743205070588,0.020886014627839976,0.8363759792092457,0,0,Markup
2024-06-07,196.88999938964844,0.012392038847459208,1.0364082406944792,0.022453485115638445,0.9966236961511991,0,0,Markup
2024-06-10,193.1199951171875,-0.019147769232301326,1.8115500691071034,0.018811818137497677,0.6703465836820108,0,0,Markup
2024-06-11,207.14999389648438,0.07264912559045644,2.9431632226550763,0.026592361900733975,0.9995203756277705,1,0,Markup
2024-06-12,213.07000732421875,0.02857839054869915,3.0086723900508083,0.037559120983029895,0.7876082422025388,1,0,Markup
2024-06-13,214.24000549316406,0.005491144359726752,1.4556938206713828,0.0513099510074442,0.8224607428127542,0,0,Markup
2024-06-14,212.49000549316406,-0.008168409051202308,1.0298318855368016,0.06115245815849602,0.7703308526242442,0,0,Markup
2024-06-17,216.6699981689453,0.019671478976528656,1.3254621542438574,0.07781210488519595,0.8948466007255312,0,0,Markup
2024-06-18,214.2899932861328,-0.010984469021671939,1.1027761042393536,0.07869380633230254,0.8239498046174552,0,0,Markup
2024-06-20,209.67999267578125,-0.021512906597537684,1.153798312480008,0.07060590866403038,0.6866247614251176,0,0,Markup
2024-06-21,207.49000549316406,-0.010444426073609514,2.84330208353911,0.05942814249827455,0.6213883092285014,0,0,Markup
2024-06-24,208.13999938964844,0.00313265159417897,0.9329385484066965,0.049511142699538296,0.625000118616195,0,0,Markup
2024-06-25,209.07000732421875,0.004468184574312861,0.6349193830904797,0.03704216526451814,0.6421224147752222,0,0,Markup
2024-06-26,213.25,0.01999326794540668,0.750822068475496,0.030090148648994477,0.7735419877691045,0,0,Markup
2024-06-27,214.10000610351562,0.003985960626099017,0.5654521031132375,0.028416996208448723,0.7986136613797394,0,0,Markup
2024-06-28,210.6199951171875,-0.016254137725925877,0.9206650075756629,0.02662694599897388,0.6837238707662392,0,0,Markup
2024-07-01,216.75,0.029104572333703782,0.6793120608652378,0.028872643215786187,0.8770054697720974,0,0,Markup
2024-07-02,220.27000427246094,0.016239927439266166,0.6498967402661795,0.03315001148426446,0.9961034159566982,1,0,Markup
2024-07-03,221.5500030517578,0.0058110444203451905,0.42077917076784055,0.03436703316258689,1.0,1,0,Markup
2024-07-05,226.33999633789062,0.021620371113304726,0.6778486112593912,0.03850073022804784,0.9967929854062819,1,0,Markup
2024-07-08,227.82000732421875,0.006538884025246272,0.6563718701864296,0.04653656900456906,0.9991596983462385,1,0,Markup
2024-07-09,228.67999267578125,0.00377484559702701,0.5355621268487332,0.049909098386862846,0.9806711081690436,1,0,Markup
2024-07-10,232.97999572753906,0.018803582252402418,0.7112869991711948,0.05198801540876417,0.9974649908427919,1,0,Markup
2024-07-11,227.57000732421875,-0.023220827978926883,0.7828025523166978,0.052586028254558756,0.7919972304929181,0,0,Markup
2024-07-12,230.5399932861328,0.013050867277438316,0.7034327928721179,0.052221865326256924,0.904114457598835,0,0,Markup
2024-07-15,234.39999389648438,0.01674330147811176,0.8503987748428941,0.05338716655379284,0.9076370141178661,1,0,Markup
2024-07-16,234.82000732421875,0.0017918662059346335,0.5979441783414156,0.05362278838521762,0.9213450244344811,0,0,Markup
2024-07-17,228.8800048828125,-0.025295980990260425,0.8135810068951487,0.046997677532608306,0.7274807111273128,0,0,Markup
2024-07-18,224.17999267578125,-0.020534830945314275,0.9461851856176975,0.041595788507634,0.5740860537952005,0,0,Markup
2024-07-19,224.30999755859375,0.0005799129586043783,0.7234619194294084,0.03255465744840362,0.5783290330837844,0,0,Markup
2024-07-22,223.9600067138672,-0.0015602998017738567,0.8273688901003344,0.019373165005377897,0.5669063551562905,0,0,Markup
2024-07-23,225.00999450683594,0.004688282557118395,0.7107742409593744,0.006761855423739335,0.5730257405472265,0,0,Markup
2024-07-24,218.5399932861328,-0.02875428371474653,1.0927860582110727,-0.0045868507208005225,0.3059781832687021,0,0,Markup
2024-07-25,217.49000549316406,-0.004804556718339459,0.9211361668796636,-0.011488569877599386,0.266988651945397,0,0,Markup
2024-07-26,217.9600067138672,0.002161024455525684,0.7511628667018282,-0.017991522045113513,0.2844413570523615,0,0,Markup
2024-07-29,218.24000549316406,0.0012846337432190769,0.68421190976576,-0.024738402716464575,0.24970398790389675,0,0,Markup
2024-07-30,218.8000030517578,0.0025659711533103646,0.798798765389236,-0.030699581792650674,0.18487429552109674,0,0,Markup
2024-07-31,222.0800018310547,0.014990853444005525,0.9672114463364303,-0.027945321218741683,0.3299427913527682,0,0,Markup
2024-08-01,218.36000061035156,-0.016750725819666967,1.179506840039446,-0.026483224853204864,0.16541377232213658,0,0,Markup
2024-08-02,219.86000061035156,0.006869389978967133,1.9108509336405362,-0.023388682192968604,0.23175609693548724,0,0,Markup
2024-08-05,209.27000427246094,-0.0481669985831521,2.0516306493010816,-0.027357435485719,0.3218531566229924,0,1,Markdown
2024-08-06,207.22999572753906,-0.009748212850733573,1.1737383077733403,-0.033063342615984814,0.2723744091983528,0,0,Markdown
2024-08-07,209.82000732421875,0.01249824663455068,1.0694131759271754,-0.03907638977118724,0.3351930331389253,0,0,Markdown
2024-08-08,213.30999755859375,0.016633257613904107,0.8059491881054518,-0.040547330198144424,0.41983990667822824,0,0,Markdown
2024-08-09,216.24000549316406,0.013735914716165532,0.7279404249924212,-0.04071990808073029,0.4909048651597362,0,0,Markdown
2024-08-12,217.52999877929688,0.005965562584919537,0.6701717182744938,-0.029496865971058703,0.5346410850524888,0,0,Markdown
2024-08-13,221.27000427246094,0.017193056195245138,0.7775207776951045,-0.013644861282080608,0.7126339393099638,0,0,Markdown
2024-08-14,221.72000122070312,0.002033700635211577,0.7490208958847281,-0.0011225181711749881,0.7468060219932124,0,0,Markdown
2024-08-15,224.72000122070312,0.01353057903429189,0.843284204436917,0.009208105859922742,0.9037131001846611,0,0,Markdown
2024-08-16,226.0500030517578,0.0059184844421056315,0.8091424287722012,0.017790660082947544,0.9455633796730644,0,0,Markdown
2024-08-19,225.88999938964844,-0.0007078241979617816,0.7476172202331336,0.02499433695924506,0.9660632524594562,0,0,Markdown
2024-08-20,226.50999450683594,0.0027446771387078517,0.5617142229993786,0.02943793295437777,0.9788256753005864,0,0,Markdown
2024-08-21,226.39999389648438,-0.00048563247988708813,0.6610713308810757,0.03186524391017777,0.9505940574690542,0,0,Markdown
2024-08-22,224.52999877929688,-0.008259695969967673,0.8369971060154576,0.030035622767488557,0.8821893014833205,0,0,Markdown
2024-08-23,226.83999633789062,0.010288146667049025,0.7429564045468725,0.02867335154354541,0.9536178055084518,0,0,Markdown
2024-08-26,227.17999267578125,0.0014988376978466444,0.5910823291450628,0.027756750520110337,0.9641309896887565,0,0,Markdown
2024-08-27,228.02999877929688,0.0037415535298863656,0.6979259124023796,0.026984872697838766,0.9750378334288653,0,0,Markdown
2024-08-28,226.49000549316406,-0.006753467940081581,0.7477564427873137,0.02604108172770808,0.9004726799633537,0,0,Markdown
2024-08-29,229.7899932861328,0.014570125448949867,1.0307303039232896,0.028143815723740043,0.9152219653833771,0,0,Markdown
2024-08-30,229.0,-0.0034378924636161434,1.1102230112925093,0.027973187081500695,0.8938245297031852,0,0,Markdown
2024-09-03,222.77000427246094,-0.027205221517637823,1.1339441059672672,0.020892682490713736,0.6813187813469993,0,0,Markdown
2024-09-04,220.85000610351562,-0.00861874638471094,1.0202286637567166,0.011346184753207549,0.5450436252997981,0,0,Markdown
2024-09-05,222.3800048828125,0.006927773316790065,0.8796301245582528,0.004837528571677808,0.5624742678123745,0,0,Markdown
2024-09-06,220.82000732421875,-0.007015008203708928,1.1615294202307562,-0.004845010242179984,0.42243472041451474,0,0,Markdown
2024-09-09,220.91000366210938,0.00040755518026269755,1.5645844046474537,-0.013087770810003275,0.3065819856345307,0,0,Markdown
2024-09-10,220.11000061035156,-0.0036213980285901837,1.182843981913545,-0.01602309734456996,0.20974680374795968,0,0,Markdown
2024-09-11,222.66000366210938,0.011585130365211915,1.021757470698185,-0.014716305999384697,0.36705737721892656,0,0,Markdown
2024-09-12,222.77000427246094,0.0004940295003250661,0.8627856484799679,-0.01459940238588026,0.37384335305712496,0,0,Markdown
2024-09-13,222.5,-0.001212031545013148,0.8564307017219995,-0.012616630907559476,0.35718669575972994,0,0,Markdown
2024-09-16,216.32000732421875,-0.027775247981039364,1.358886991669928,-0.014569171057926222,0.12631627133018092,0,1,Markdown
2024-09-17,216.7899932861328,0.0021726421320320544,1.0363556512190686,-0.015533171981128498,0.1510523745888158,0,0,Markdown
2024-09-18,220.69000244140625,0.017989802463465043,1.3192051101415314,-0.016014482985987323,0.35631601434004934,0,0,Markdown
2024-09-19,228.8699951171875,0.03706553348719566,1.4207863722900564,-0.011099931868447288,0.7868419446443257,0,0,Markdown
2024-09-20,228.1999969482422,-0.002927418111763669,5.245562368559471,-0.006814984431821113,0.7449139354864386,0,0,Distribusi
2024-09-23,226.47000122070312,-0.007581050616453089,0.8800547153288089,0.002342617722268116,0.654668974986568,0,0,Distribusi
2024-09-24,227.3699951171875,0.0039740093241191765,0.7005582691573239,0.011759590703916235,0.7016170178894793,0,0,Distribusi
2024-09-25,226.3699951171875,-0.004398117700115112,0.677024559256431,0.017215490961506437,0.6494521720096312,0,0,Distribusi
2024-09-26,227.52000427246094,0.005080219022305155,0.5869258344241061,0.01577407279949003,0.7094422223548843,0,0,Distribusi
2024-09-27,227.7899932861328,0.0011866605511687833,0.5530225348637752,0.015861641460755672,0.7235261576423299,0,0,Distribusi
2024-09-30,233.0,0.02287197360475246,0.8853502445463538,0.02079030288472487,0.9953053549041848,0,0,Distribusi
2024-10-01,226.2100067138672,-0.029141602086406926,1.0164696676119291,0.018970208500656806,0.6411064016078643,0,0,Distribusi
2024-10-02,226.77999877929688,0.002519747352073054,0.5328104712847863,0.017988506692211102,0.6708399498537401,0,0,Distribusi
2024-10-03,225.6699981689453,-0.004894614235498862,0.5528175643742318,0.015593312645012786,0.6129369390882137,0,0,Distribusi
2024-10-04,226.8000030517578,0.005007333238716605,0.6103335776627523,0.01336063548954952,0.6718834696436033,0,0,Distribusi
2024-10-07,221.69000244140625,-0.022530866585506182,0.6623928327825884,0.003119320333452136,0.40532107535868506,0,0,Distribusi
2024-10-08,225.77000427246094,0.01840408582309916,0.5431151585983316,0.0014665931937516204,0.6181537420651504,0,0,Distribusi
2024-10-09,229.5399932861328,0.016698360908574017,0.5781215108286668,0.002387335987788534,0.8148146379320638,0,0,Distribusi
2024-10-10,229.0399932861328,-0.0021782696463562568,0.4889550309184881,0.003981486484413219,0.7887322149921397,0,0,Distribusi
2024-10-11,227.5500030517578,-0.006505371454991304,0.5533935413722624,0.0035233395185297178,0.7110071040534893,0,0,Distribusi
2024-10-14,231.3000030517578,0.01647989430765695,0.7069271937895072,0.008686599748372145,0.9037120151291046,0,0,Distribusi
2024-10-15,233.85000610351562,0.011024656368842312,1.1285108127298147,0.01200752435807871,0.8175440018845932,1,0,Distribusi
2024-10-16,231.77999877929688,-0.008851859184055066,0.6076655231180144,0.011511393032607611,0.6466580804523248,0,0,Distribusi
2024-10-17,232.14999389648438,0.001596320300009113,0.6065289856764243,0.013509760191508909,0.6695538127135144,0,0,Distribusi
2024-10-18,235.0,0.01227657195109133,1.1384368538574305,0.018520668367170694,0.845915536578595,0,0,Distribusi
2024-10-21,236.47999572753906,0.006297854159740712,0.9088451240620159,0.02081777998922676,0.9374994098551359,0,0,Distribusi
2024-10-22,235.86000061035156,-0.002621765597043635,0.9796077493881014,0.020681233137137427,0.8991333840700545,0,0,Distribusi
2024-10-23,230.75999450683594,-0.021623022514703605,1.3021560024580259,0.0188179765123499,0.5835390184899467,0,0,Distribusi
2024-10-24,230.57000732421875,-0.0008233107433687215,0.7801204755074971,0.016767479570665277,0.5717823885664862,0,0,Distribusi
2024-10-25,231.41000366210938,0.0036431292501519774,0.9672372779069428,0.012846620894091157,0.6237623481911352,0,0,Distribusi
2024-10-28,233.39999389648438,0.008599413175243154,0.9207327978927328,0.01008125403576038,0.7469052803329739,0,0,Distribusi
2024-10-29,233.6699981689453,0.0011568306749001334,0.9369505694369122,0.0065457886777339006,0.7636134617236763,0,0,Distribusi
2024-10-30,230.10000610351562,-0.015277922255336196,1.2223028217464988,0.005248913737704046,0.5426981612030268,0,0,Distribusi
2024-10-31,225.91000366210938,-0.01820948426885871,1.608194709929544,0.0011555266917575534,0.2834158906655134,0,0,Akumulasi
2024-11-01,222.91000366210938,-0.013279624414008095,1.5756703998200245,-0.00537673713226885,0.15331005821732696,0,0,Akumulasi
2024-11-04,222.00999450683594,-0.004037544930633463,1.077809761642999,-0.015330668982820811,0.12935815246775315,0,0,Akumulasi
2024-11-05,223.4499969482422,0.006486205472888695,0.6771747149210632,-0.023708733493675704,0.21034817160560576,0,0,Akumulasi
2024-11-06,222.72000122070312,-0.0032669310248778505,1.281946847034706,-0.028678759243955864,0.16929104125365807,0,0,Akumulasi
2024-11-07,227.47999572753906,0.02137210165565251,0.9740830977070927,-0.026983540290921915,0.4370072861151876,0,0,Akumulasi
2024-11-08,226.9600067138672,-0.0022858669924307184,0.8793567578090093,-0.023335230710542686,0.40776155780403867,0,0,Akumulasi
2024-11-11,224.22999572753906,-0.01202859933719469,0.9613697601175827,-0.019896750312022028,0.2542176222719978,0,0,Akumulasi
2024-11-12,224.22999572753906,0.0,0.9510890133178076,-0.01715752755548961,0.2637099868510897,0,0,Akumulasi
2024-11-13,225.1199951171875,0.003969136184303723,1.1242166817688921,-0.013627963127209293,0.3156352739771759,0,0,Akumulasi
2024-11-14,228.22000122070312,0.013770460957508002,1.0257408461946993,-0.012132181084634135,0.49649911376166556,0,0,Akumulasi
2024-11-15,225.0,-0.014109198157391867,1.0923739177112977,-0.011685156458321916,0.3086343917449414,0,0,Akumulasi
2024-11-18,228.02000427246094,0.013422241210937491,1.0077577138553053,-0.006517974054584708,0.5033313339476284,0,0,Akumulasi
2024-11-19,228.27999877929688,0.0011402267431117608,0.8200438557854377,-0.0012960863016654744,0.5554112853780582,0,0,Akumulasi
2024-11-20,229.0,0.0031540267415159917,0.8121840540384504,0.0025073281783076374,0.6185086605374105,0,0,Akumulasi
2024-11-21,228.52000427246094,-0.002096051211960992,0.9602270706031409,0.003224221675621552,0.5865515314674659,0,0,Akumulasi
2024-11-22,229.8699951171875,0.005907539031537068,0.8710099373036603,0.007856187128026257,0.6764311474577133,0,0,Akumulasi
2024-11-25,232.8699951171875,0.013050855108212911,1.9377687119719327,0.012248347205460516,0.9001363063281205,0,0,Akumulasi
2024-11-26,235.05999755859375,0.009404399395912533,0.9773385990853829,0.017912047013563408,0.9678430172762966,1,0,Akumulasi
2024-11-27,234.92999267578125,-0.000553071063399857,0.7223553791630413,0.022049415137329605,0.9524399268570992,0,0,Akumulasi
2024-11-29,237.3300018310547,0.01021584825308186,0.6388912909691614,0.027222176688721195,0.973480885617193,1,0,Akumulasi
2024-12-02,239.58999633789062,0.009522582435425697,1.1009702455958823,0.03197758227408854,0.9430741123041799,1,0,Akumulasi
2024-12-03,242.64999389648438,0.01277180852859261,0.8950381705761585,0.035856947070235255,0.994912089028914,1,0,Akumulasi
2024-12-04,243.00999450683594,0.0014836209330593153,1.003436660744092,0.03835822680306425,0.9520067106721657,1,0,Akumulasi
2024-12-05,243.0399932861328,0.00012344668933361724,0.9202025581575491,0.04080579168827213,0.934895814361942,0,0,Akumulasi
2024-12-06,242.83999633789062,-0.0008228972752098995,0.8526536882106416,0.04210789966216573,0.9226109741873856,0,0,Akumulasi
2024-12-09,246.75,0.01610115187396466,1.0250470663442321,0.04382506863793028,0.980963271616465,1,0,Akumulasi
2024-12-10,247.77000427246094,0.004133755916761572,0.8524638393687554,0.04295304767379269,0.9827111107913462,1,0,Akumulasi
2024-12-11,246.49000549316406,-0.005166076430661581,1.0381629812399082,0.040981178503859184,0.8462911467488015,0,0,Akumulasi
2024-12-12,247.9600067138672,0.005963735599591624,0.7666427433121515,0.04011653937233673,0.8929515089119845,0,0,Akumulasi
2024-12-13,248.1300048828125,0.0006855870476785153,0.786301054411754,0.040211410012947084,0.8993592803694778,0,0,Akumulasi
2024-12-16,251.0399932861328,0.011727676403724852,1.2205204048096647,0.038135973316899295,0.9870274128354269,1,0,Markup
2024-12-17,253.47999572753906,0.009719576588042456,1.2029836366594204,0.037389194681934246,0.9875531236027244,1,0,Markup
2024-12-18,248.0500030517578,-0.021421779893107784,1.2986147660843794,0.034433918035844044,0.7819391859377696,0,0,Markup
2024-12-19,249.7899932861328,0.007014675319362729,1.3528015633066883,0.03150848378287195,0.8428419061901993,0,0,Markup
2024-12-20,254.49000549316406,0.018815854651340613,2.9338312452242916,0.031231922668686577,0.9810692479354758,1,0,Markup
2024-12-23,255.27000427246094,0.0030649485734630666,0.8105540972471299,0.029339629906407195,0.985334241833364,1,0,Markup
2024-12-24,258.20001220703125,0.011478073747524853,0.49369801801112667,0.027879354968996226,0.9995989046539939,1,0,Markup
2024-12-26,259.0199890136719,0.003175742710589624,0.5905046967899488,0.03176877406782877,0.9589191046477479,1,0,Markup
2024-12-27,255.58999633789062,-0.013242192962953925,0.9095372752491976,0.032147743859547724,0.8274011127877154,0,0,Markup
