Date,Open,High,Low,Close,Volume,Return,RVOL,MA5,MA20,TrendDiff,Trend,Support,Resistance,PricePosition,Breakout,Breakdown,Confidence,Label
2021-01-04,133.52000427246094,133.61000061035156,126.76000213623047,129.41000366210938,143301900,0.0,1.0,129.41000366210938,129.41000366210938,0.0,Sideways,126.76000213623047,133.61000061035156,0.3868616228004228,0,0,Low,Akumulasi
2021-01-05,128.88999938964844,131.74000549316406,128.42999267578125,131.00999450683594,97664900,0.01236373386484213,0.8106087643608995,130.20999908447266,130.20999908447266,0.0,Sideways,126.76000213623047,133.61000061035156,0.6204369806302438,0,0,Low,Akumulasi
2021-01-06,127.72000122070312,131.0500030517578,126.37999725341797,126.5999984741211,155088000,-0.0336615236823381,1.1747465249758366,129.0066655476888,129.0066655476888,0.0,Sideways,126.37999725341797,133.61000061035156,0.03042892372825017,0,1,Low,Akumulasi
2021-01-07,128.36000061035156,131.6300048828125,127.86000061035156,130.9199981689453,109578200,0.03412322074954277,0.8668595601948449,129.48499870300293,129.48499870300293,0.0,Sideways,126.37999725341797,133.61000061035156,0.6279389775349786,0,0,Low,Akumulasi
2021-01-08,132.42999267578125,132.6300048828125,130.22999572753906,132.0500030517578,105158200,0.008631262592551314,0.8608359125016863,129.9979995727539,129.9979995727539,0.0,Sideways,126.37999725341797,133.61000061035156,0.7842328030044816,0,0,Low,Akumulasi
2021-01-11,129.19000244140625,130.1699981689453,128.5,128.97999572753906,100384500,-0.023248824333729434,0.8469172948400796,129.91199798583983,129.8283322652181,0.0006444334542541032,Sideways,126.37999725341797,133.61000061035156,0.35961234673946424,0,0,Low,Akumulasi
2021-01-12,128.5,129.69000244140625,126.86000061035156,128.8000030517578,91951100,-0.0013955084644402538,0.8014396979405992,129.46999969482422,129.68142809186662,-0.001630367587351217,Sideways,126.37999725341797,133.61000061035156,0.3347171057699512,0,0,Low,Akumulasi
2021-01-13,128.75999450683594,131.4499969482422,128.49000549316406,130.88999938964844,88636800,0.016226679257536736,0.795159614050181,130.3279998779297,129.83249950408936,0.0038164587120556558,Sideways,126.37999725341797,133.61000061035156,0.6237897707067265,0,0,Low,Akumulasi
2021-01-14,130.8000030517578,131.0,128.75999450683594,128.91000366210938,90221800,-0.015127173479807188,0.8268923346518186,129.9260009765625,129.72999996609158,0.0015108379751958127,Sideways,126.37999725341797,133.61000061035156,0.34993156763407623,0,0,Low,Akumulasi
2021-01-15,128.77999877929688,130.22000122070312,127.0,127.13999938964844,111598500,-0.013730542410815172,1.020484116490742,128.94400024414062,129.47099990844725,-0.004070406999863183,Sideways,126.37999725341797,133.61000061035156,0.1051178123591913,0,0,Low,Akumulasi
2021-01-19,127.77999877929688,128.7100067138672,126.94000244140625,127.83000183105469,90757300,0.005427107477730786,0.8429414597752742,128.71400146484376,129.32181826504794,-0.0047000328974530995,Sideways,126.37999725341797,133.61000061035156,0.20055379037219398,0,0,Low,Akumulasi
2021-01-20,128.66000366210938,132.49000549316406,128.5500030517578,132.02999877929688,104319500,0.0328561127128284,0.9714225008956974,129.36000061035156,129.5474999745687,-0.0014473406607919074,Sideways,126.37999725341797,133.61000061035156,0.7814659616251131,0,0,Low,Akumulasi
2021-01-21,133.8000030517578,139.6699981689453,133.58999633789062,136.8699951171875,120150900,0.03665830782882318,1.1087087159134692,130.55599975585938,130.1107688316932,0.003421937539559876,Sideways,126.37999725341797,139.6699981689453,0.7893150595282176,1,0,Low,Akumulasi
2021-01-22,136.27999877929688,139.85000610351562,135.02000427246094,139.07000732421875,114459400,0.016073736286376095,1.0519675093926162,132.58800048828124,130.75071443830217,0.01405182417451369,Uptrend,126.37999725341797,139.85000610351562,0.9420936698722941,0,0,Low,Akumulasi
2021-01-25,143.07000732421875,145.08999633789062,136.5399932861328,142.9199981689453,157611700,0.027683832904034755,1.4065083185162177,135.74400024414064,131.56200002034504,0.03178729589964339,Uptrend,126.37999725341797,145.08999633789062,0.8840193332373713,1,0,Medium,Markup
2021-01-26,143.60000610351562,144.3000030517578,141.3699951171875,143.16000366210938,98390600,0.0016792995818566414,0.8847711028991443,138.81000061035155,132.28687524795532,0.04931045011207227,Uptrend,126.37999725341797,145.08999633789062,0.8968469925055773,0,0,Low,Markup
2021-01-27,143.42999267578125,144.3000030517578,140.41000366210938,142.05999755859375,140843800,-0.007683752971338942,1.2469784264720105,140.81600036621094,132.86176479563994,0.05986850756352463,Uptrend,126.37999725341797,145.08999633789062,0.8380545736203987,0,0,Medium,Markup
2021-01-28,139.52000427246094,141.99000549316406,136.6999969482422,137.08999633789062,142621100,-0.03498522670784365,1.2445495022102173,140.86000061035156,133.09666654798718,0.058328538675800394,Uptrend,126.37999725341797,145.08999633789062,0.5724211442298165,0,0,Medium,Markup
2021-01-29,135.8300018310547,136.74000549316406,130.2100067138672,131.9600067138672,177523800,-0.037420597863168426,1.505606129997295,139.43800048828126,133.0368423461914,0.048115680056751646,Uptrend,126.37999725341797,145.08999633789062,0.29823675753570955,0,0,High,Markup
2021-02-01,133.75,135.3800048828125,130.92999267578125,134.13999938964844,106239800,0.01652010127968695,0.9055164585852864,137.68200073242187,133.09200019836425,0.03448742619553805,Uptrend,126.37999725341797,145.08999633789062,0.4147516042729505,0,0,Low,Markup
2021-02-02,135.72999572753906,136.30999755859375,134.61000061035156,134.99000549316406,83305400,0.0063367087176327,0.7286700800562326,136.04800109863282,133.371000289917,0.020071835728131794,Uptrend,126.37999725341797,145.08999633789062,0.46018218391531085,0,0,Low,Markup
2021-02-03,135.75999450683594,135.77000427246094,133.61000061035156,133.94000244140625,89880900,-0.007778376242906226,0.7888713727299604,134.42400207519532,133.51750068664552,0.006789382544519632,Sideways,126.37999725341797,145.08999633789062,0.4040622959870851,0,0,Low,Markup
2021-02-04,136.3000030517578,137.39999389648438,134.58999633789062,137.38999938964844,84183100,0.025757778746879012,0.7625914908504168,134.48400268554687,134.05700073242187,0.003185226812416138,Sideways,126.86000061035156,145.08999633789062,0.5776193772437247,0,0,Low,Markup
2021-02-05,137.35000610351562,137.4199981689453,135.86000061035156,136.75999450683594,75693800,-0.004585522131241526,0.6963768875935402,135.44400024414062,134.3490005493164,0.008150411914841714,Sideways,126.86000061035156,145.08999633789062,0.5430606811129962,0,0,Low,Markup
2021-02-08,136.02999877929688,136.9600067138672,134.9199981689453,136.91000366210938,71297200,0.0010968789214593766,0.6663068655198823,135.9980010986328,134.59200057983398,0.010446389924673546,Uptrend,126.86000061035156,145.08999633789062,0.5512893805331956,0,0,Low,Markup
2021-02-09,136.6199951171875,137.8800048828125,135.85000610351562,136.00999450683594,76774200,-0.006573728224378961,0.7254961077236162,136.20199890136718,134.94350051879883,0.009326113356552715,Sideways,126.86000061035156,145.08999633789062,0.5019196950585115,0,0,Low,Markup
2021-02-10,136.47999572753906,136.99000549316406,134.39999389648438,135.38999938964844,73046600,-0.004558452630158305,0.6964924229443769,136.49199829101562,135.27300033569335,0.009011391425467028,Sideways,126.94000244140625,145.08999633789062,0.4655647267120535,0,0,Low,Markup
2021-02-11,135.89999389648438,136.38999938964844,133.77000427246094,135.1300048828125,64280000,-0.0019203376025409558,0.6201043662273875,136.03999938964844,135.48500061035156,0.0040963854064778055,Sideways,126.94000244140625,145.08999633789062,0.45123995567803693,0,0,Low,Markup
2021-02-12,134.35000610351562,135.52999877929688,133.69000244140625,135.3699951171875,60145100,0.0017759951580194056,0.5887566126106866,135.76199951171876,135.80800018310546,-0.00033871842104063227,Sideways,126.94000244140625,145.08999633789062,0.4644625625694632,0,0,Low,Markup
2021-02-16,135.49000549316406,136.00999450683594,132.7899932861328,133.19000244140625,80576300,-0.016103957704172722,0.8009172504057327,135.01799926757812,136.11050033569336,-0.00802657447750741,Sideways,126.94000244140625,145.08999633789062,0.3443527328794648,0,0,Low,Markup
2021-02-17,131.25,132.22000122070312,129.47000122070312,130.83999633789062,97918500,-0.017644012767020212,0.9698445723999024,133.98399963378907,136.26100006103516,-0.016710580622673846,Downtrend,128.5500030517578,145.08999633789062,0.13845188728418353,0,0,Low,Markup
2021-02-18,129.1999969482422,130.0,127.41000366210938,129.7100067138672,96856700,-0.008636423537534132,0.9628864992420465,132.8480010986328,136.14500045776367,-0.024216822858314908,Downtrend,127.41000366210938,145.08999633789062,0.13009072424042614,0,0,Low,Markup
2021-02-19,130.24000549316406,130.7100067138672,128.8000030517578,129.8699951171875,87668800,0.0012334314627955312,0.8858490970217603,131.7959991455078,135.79500045776368,-0.029448811066499315,Downtrend,127.41000366210938,145.08999633789062,0.13913984582402675,0,0,Low,Markup
2021-02-22,128.00999450683594,129.72000122070312,125.5999984741211,126.0,103916400,-0.029798993321709433,1.0556459050806142,129.9220001220703,135.14150009155273,-0.03862248062916598,Downtrend,125.5999984741211,145.08999633789062,0.020523425845134627,0,1,Low,Markup
2021-02-23,123.76000213623047,126.70999908447266,118.38999938964844,125.86000061035156,158273000,-0.0011111062670511318,1.6072933807262804,128.45599975585938,134.28850021362305,-0.0434326129823884,Downtrend,118.38999938964844,144.3000030517578,0.288305679849332,0,0,High,Markup
2021-02-24,124.94000244140625,125.55999755859375,122.2300033569336,125.3499984741211,111039900,-0.004052138358153767,1.120435638361313,127.35800018310547,133.39799995422362,-0.0452780384502827,Downtrend,118.38999938964844,144.3000030517578,0.2686220803068011,0,0,Low,Markup
2021-02-25,124.68000030517578,126.45999908447266,120.54000091552734,120.98999786376953,148199500,-0.0347826139882379,1.489861393665484,125.61399841308594,132.34449996948243,-0.050855921915519645,Downtrend,118.38999938964844,141.99000549316406,0.11016939837713768,0,0,Medium,Markup
2021-02-26,122.58999633789062,124.8499984741211,121.19999694824219,121.26000213623047,164560400,0.002231624739467808,1.6362939781525057,123.89199981689453,131.55300025939943,-0.058235087207427816,Downtrend,118.38999938964844,137.8800048828125,0.14725510198489467,0,0,High,Markup
2021-03-01,123.75,127.93000030517578,122.79000091552734,127.79000091552734,116307900,0.05385121774911972,1.1928015266412277,124.25,131.34449996948243,-0.05401444271462313,Downtrend,118.38999938964844,137.8800048828125,0.4822985570309803,0,0,Low,Markup
2021-03-02,128.41000366210938,128.72000122070312,125.01000213623047,125.12000274658203,102260900,-0.02089363917220921,1.0508859231544634,124.1020004272461,130.8935001373291,-0.05188569106149351,Downtrend,118.38999938964844,137.8800048828125,0.3453053596775065,0,0,Low,Markup
2021-03-03,124.80999755859375,125.70999908447266,121.83999633789062,122.05999755859375,112966300,-0.024456562666370862,1.14347300940281,123.44400024414062,130.2469997406006,-0.05223152556303629,Downtrend,118.38999938964844,137.8800048828125,0.1883015461556709,0,0,Low,Markup
2021-03-04,121.75,123.5999984741211,118.62000274658203,120.12999725341797,178155000,-0.015811898605432195,1.7262081131345297,123.27200012207031,129.55649948120117,-0.04850778914447863,Downtrend,118.38999938964844,137.8800048828125,0.08927641730936502,0,0,High,Markup
2021-03-05,120.9800033569336,121.94000244140625,117.56999969482422,121.41999816894531,153766600,0.01073837463598748,1.4413120550839524,123.30399932861329,128.75799942016602,-0.04235853396382086,Downtrend,117.56999969482422,137.8800048828125,0.18956166866949178,0,0,Medium,Markup
2021-03-08,120.93000030517578,121.0,116.20999908447266,116.36000061035156,154376600,-0.04167351041756073,1.3955666595054688,121.01799926757812,127.7379997253418,-0.05260768504448799,Downtrend,116.20999908447266,137.8800048828125,0.006922080560329061,0,1,Medium,Markdown
2021-03-09,119.02999877929688,122.05999755859375,118.79000091552734,121.08999633789062,129525800,0.04064967087253768,1.140887631960423,120.21199798583984,126.94699935913086,-0.053053647642649755,Downtrend,116.20999908447266,137.8800048828125,0.22519593667076127,0,0,Low,Markdown
2021-03-10,121.69000244140625,122.16999816894531,119.44999694824219,119.9800033569336,111943300,-0.009166677797724065,0.9709783693491445,119.7959991455078,126.14549980163574,-0.0503347377917765,Downtrend,116.20999908447266,136.99000549316406,0.181424596235163,0,0,Low,Markdown
2021-03-11,122.54000091552734,123.20999908447266,121.26000213623047,121.95999908447266,103026500,0.016502714386902317,0.8821655103352716,120.16199951171875,125.47399978637695,-0.042335466181854686,Downtrend,116.20999908447266,136.38999938964844,0.28493557547297144,0,0,Low,Markdown
2021-03-12,120.4000015258789,121.16999816894531,119.16000366210938,121.02999877929688,88105100,-0.007625453527034254,0.746783570661428,120.08399963378906,124.76899948120118,-0.037549390208246394,Downtrend,116.20999908447266,136.00999450683594,0.24343438430193914,0,0,Low,Markdown
2021-03-15,121.41000366210938,124.0,120.41999816894531,123.98999786376953,92403800,0.0244567389434609,0.772656348087104,121.60999908447266,124.19999961853027,-0.020853466521840378,Downtrend,116.20999908447266,136.00999450683594,0.39292932212043274,0,0,Low,Markdown
2021-03-16,125.69999694824219,127.22000122070312,124.72000122070312,125.56999969482422,115227900,0.012742978129499427,0.9497461548406224,122.50599975585938,123.81899948120117,-0.010604186197944065,Downtrend,116.20999908447266,132.22000122070312,0.5846345634876574,0,0,Low,Markdown
2021-03-17,124.05000305175781,125.86000061035156,122.33999633789062,124.76000213623047,111932600,-0.006450565903976302,0.9172874719372526,123.46199951171874,123.51499977111817,-0.0004290997813839499,Sideways,116.20999908447266,130.7100067138672,0.5896550726239053,0,0,Low,Markdown
2021-03-18,122.87999725341797,123.18000030517578,120.31999969482422,120.52999877929688,121229700,-0.033905124114334995,0.9836536050754477,123.17599945068359,123.05599937438964,0.0009751664031337144,Sideways,116.20999908447266,130.7100067138672,0.2979308566753221,0,0,Low,Markdown
2021-03-19,119.9000015258789,121.43000030517578,119.68000030517578,119.98999786376953,185549500,-0.004480220036475302,1.4480405102813299,122.96799926757812,122.56199951171875,0.0033126071496618306,Sideways,116.20999908447266,129.72000122070312,0.27979261151705204,0,0,Medium,Akumulasi
2021-03-22,120.33000183105469,123.87000274658203,120.26000213623047,123.38999938964844,111912300,0.028335707862409354,0.8706544898389295,122.8479995727539,122.43149948120117,0.0034019030504211555,Sideways,116.20999908447266,128.72000122070312,0.5739407737095135,0,0,Low,Akumulasi
2021-03-23,123.33000183105469,124.23999786376953,122.13999938964844,122.54000091552734,95467100,-0.006888714468965329,0.7613137818527728,122.24199981689453,122.26549949645997,-0.00019220204932882912,Sideways,116.20999908447266,128.72000122070312,0.5059952637995354,0,0,Low,Akumulasi
2021-03-24,122.81999969482422,122.9000015258789,120.06999969482422,120.08999633789062,88530500,-0.019993508726392273,0.7123908843289496,121.30799865722656,122.00249938964843,-0.0056925123329137186,Sideways,116.20999908447266,128.72000122070312,0.31015160598422525,0,0,Low,Akumulasi
2021-03-25,119.54000091552734,121.66000366210938,119.0,120.58999633789062,98844700,0.0041635441356262515,0.8115020262982625,121.31999816894532,121.9824993133545,-0.005431116333395597,Sideways,116.20999908447266,128.72000122070312,0.3501196247387497,0,0,Low,Akumulasi
2021-03-26,120.3499984741211,121.4800033569336,118.91999816894531,121.20999908447266,94071200,0.005141411107143501,0.795325234793171,121.56399841308594,121.9799991607666,-0.003410401299744042,Sideways,116.20999908447266,128.72000122070312,0.39968018754524426,0,0,Low,Akumulasi
2021-03-29,121.6500015258789,122.58000183105469,120.7300033569336,121.38999938964844,80819200,0.0014850285169158983,0.6936929196529648,121.16399841308593,121.65999908447266,-0.004076941271734963,Sideways,116.20999908447266,128.72000122070312,0.41406869869141577,0,0,Low,Akumulasi
2021-03-30,120.11000061035156,120.4000015258789,118.86000061035156,119.9000015258789,85671900,-0.012274469653688724,0.7406176962122226,120.63599853515625,121.3989990234375,-0.006285064081409303,Sideways,116.20999908447266,127.22000122070312,0.3351500204767089,0,0,Low,Akumulasi
2021-03-31,121.6500015258789,123.5199966430664,121.1500015258789,122.1500015258789,118323800,0.018765637792876655,1.0205240617778446,121.04799957275391,121.40349922180175,-0.0029282487846446032,Sideways,116.20999908447266,127.22000122070312,0.5395096538500717,0,0,Low,Akumulasi
2021-04-01,123.66000366210938,124.18000030517578,122.48999786376953,123.0,75089100,0.006958644809685222,0.6777553671846216,121.53000030517578,121.54699935913087,-0.00013985580923197416,Sideways,116.20999908447266,127.22000122070312,0.6167120434230959,0,0,Low,Akumulasi
2021-04-05,123.87000274658203,126.16000366210938,123.06999969482422,125.9000015258789,88651200,0.02357724817787732,0.8243932282941318,122.46800079345704,121.77099952697753,0.005723869141150375,Sideways,116.20999908447266,127.22000122070312,0.8801090428056764,0,0,Low,Akumulasi
2021-04-06,126.5,127.12999725341797,125.6500015258789,126.20999908447266,80171300,0.002462252222689809,0.7721785228147507,123.43200073242187,122.2634994506836,0.009557237335657984,Sideways,118.79000091552734,127.22000122070312,0.8801895492684199,0,0,Low,Akumulasi
2021-04-07,125.83000183105469,127.91999816894531,125.13999938964844,127.9000015258789,83466700,0.013390400551981152,0.8221548716547479,125.03200073242188,122.603999710083,0.019803603700370927,Uptrend,118.86000061035156,127.91999816894531,0.9977928644089491,1,0,Low,Akumulasi
2021-04-08,128.9499969482422,130.38999938964844,128.52000427246094,130.36000061035156,88844600,0.019233769000189582,0.8851978990889778,126.6740005493164,123.12299957275391,0.028841085653247018,Uptrend,118.86000061035156,130.38999938964844,0.9973981975305374,1,0,Low,Akumulasi
2021-04-09,129.8000030517578,133.0399932861328,129.47000122070312,133.0,106686700,0.020251606146730827,1.0610319080731472,128.67400054931642,123.67499961853028,0.040420464493271246,Uptrend,118.86000061035156,133.0399932861328,0.9971795975465404,1,0,Low,Akumulasi
2021-04-12,132.52000427246094,132.85000610351562,130.6300048828125,131.24000549316406,91420000,-0.013233041404781432,0.9077036557064744,129.74200134277345,124.18549995422363,0.04474356016280497,Uptrend,118.86000061035156,133.0399932861328,0.8730614440977079,0,0,Low,Akumulasi
2021-04-13,132.44000244140625,134.66000366210938,131.92999267578125,134.42999267578125,91266500,0.024306515156183428,0.9066914897923753,131.38600006103516,124.70749969482422,0.05355331782414142,Uptrend,118.86000061035156,134.66000366210938,0.9854423454492602,1,0,Low,Akumulasi
2021-04-14,134.94000244140625,135.0,131.66000366210938,132.02999877929688,87222800,-0.017853113347054084,0.8787432661985761,132.21199951171874,125.03049964904785,0.057437984194487535,Uptrend,118.86000061035156,135.0,0.8159850475206357,0,0,Low,Akumulasi
2021-04-15,133.82000732421875,135.0,133.63999938964844,134.5,89347100,0.018707878842231906,0.9105038408764682,133.03999938964844,125.51749954223632,0.05993188101138693,Uptrend,118.86000061035156,135.0,0.9690210645038388,0,0,Low,Akumulasi
2021-04-16,134.3000030517578,134.6699981689453,133.27999877929688,134.16000366210938,84922400,-0.002527853813313219,0.881725000734577,133.27200012207032,126.19899978637696,0.05604640565825537,Uptrend,118.86000061035156,135.0,0.9479556152629494,0,0,Low,Akumulasi
2021-04-19,133.50999450683594,135.47000122070312,133.33999633789062,134.83999633789062,94264200,0.005068520104500429,1.0274064760890407,133.99199829101562,126.94149971008301,0.055541320978836586,Uptrend,118.86000061035156,135.47000122070312,0.9620707489667476,0,0,Low,Akumulasi
2021-04-20,135.02000427246094,135.52999877929688,131.80999755859375,133.11000061035156,94812300,-0.012829989428388311,1.0431008244543285,133.72799987792968,127.42749977111816,0.049443802304277334,Uptrend,118.86000061035156,135.52999877929688,0.8548291280887151,0,0,Low,Akumulasi
2021-04-21,132.36000061035156,133.75,131.3000030517578,133.5,68847100,0.002929902996470446,0.7686945370089534,134.02200012207032,127.97549972534179,0.04724732788467636,Uptrend,118.86000061035156,135.52999877929688,0.8782244149805261,0,0,Low,Akumulasi
2021-04-22,133.0399932861328,134.14999389648438,131.41000366210938,131.94000244140625,84566500,-0.011685374970739737,0.9462995576646974,133.51000061035157,128.56800003051757,0.03843880731333569,Uptrend,118.86000061035156,135.52999877929688,0.7846432674132826,0,0,Low,Akumulasi
2021-04-23,132.16000366210938,135.1199951171875,132.16000366210938,134.32000732421875,78657500,0.01803853902359487,0.8902327688618686,133.54200134277343,129.25450057983397,0.03317099786626994,Uptrend,118.86000061035156,135.52999877929688,0.9274150217165453,0,0,Low,Akumulasi
2021-04-26,134.8300018310547,135.05999755859375,133.55999755859375,134.72000122070312,66905100,0.002977917470767144,0.7690435850101957,133.51800231933595,129.9300006866455,0.02761488196512584,Uptrend,118.86000061035156,135.52999877929688,0.9514098591742678,0,0,Low,Akumulasi
2021-04-27,135.00999450683594,135.41000366210938,134.11000061035156,134.38999938964844,66015800,-0.002449538509980198,0.765332875480117,133.7740020751953,130.58000068664552,0.024460111592543785,Uptrend,118.86000061035156,135.52999877929688,0.9316137063666778,0,0,Low,Akumulasi
2021-04-28,134.30999755859375,135.02000427246094,133.0800018310547,133.5800018310547,107760100,-0.0060272160300057775,1.2334888242078597,133.79000244140624,131.2640007019043,0.019243674777507297,Uptrend,121.1500015258789,135.52999877929688,0.8643951793677364,0,0,Medium,Akumulasi
2021-04-29,136.47000122070312,137.07000732421875,132.4499969482422,133.47999572753906,151101000,-0.0007486607437100501,1.697746876716977,134.0980010986328,131.83050041198732,0.01720012197146532,Uptrend,122.48999786376953,137.07000732421875,0.7537716551955462,0,0,High,Akumulasi
2021-04-30,131.77999877929688,133.55999755859375,131.07000732421875,131.4600067138672,109839500,-0.015133271488823707,1.210507081785202,133.5260009765625,132.25350074768068,0.009621675204723384,Sideways,123.06999969482422,137.07000732421875,0.5992858890610345,0,0,Medium,Akumulasi
2021-05-03,132.0399932861328,134.07000732421875,131.8300018310547,132.5399932861328,75135100,0.008215324183090233,0.8342540353730569,133.08999938964843,132.58550033569335,0.003805084663690455,Sideways,125.13999938964844,137.07000732421875,0.6202840716510306,0,0,Low,Akumulasi
2021-05-04,131.19000244140625,131.49000549316406,126.69999694824219,127.8499984741211,137564700,-0.035385506636376296,1.4802681328668503,131.78199920654296,132.6675003051758,-0.006674589455563016,Sideways,125.13999938964844,137.07000732421875,0.22715819631768444,0,0,Medium,Akumulasi
2021-05-05,129.1999969482422,130.4499969482422,127.97000122070312,128.10000610351562,84000900,0.0019554762016296134,0.9036339086927521,130.68600006103514,132.67750053405763,-0.015010084339893605,Downtrend,126.69999694824219,137.07000732421875,0.13500556937886343,0,0,Low,Akumulasi
2021-05-06,127.88999938964844,129.75,127.12999725341797,129.74000549316406,78128300,0.01280249267375666,0.8453323073280967,129.93800201416016,132.64650077819823,-0.02041892359126022,Downtrend,126.69999694824219,137.07000732421875,0.29315385758575885,0,0,Low,Akumulasi
2021-05-07,130.85000610351562,131.25999450683594,129.47999572753906,130.2100067138672,78973300,0.003622639130594907,0.8674808878230523,129.68800201416016,132.5070011138916,-0.021274340797347455,Downtrend,126.69999694824219,137.07000732421875,0.33847697720306824,0,0,Low,Akumulasi
2021-05-10,129.41000366210938,129.5399932861328,126.80999755859375,126.8499984741211,88071200,-0.025804531652698692,0.9691992093766407,128.5500030517578,132.28750076293946,-0.02825284089295239,Downtrend,126.69999694824219,137.07000732421875,0.014464934984675012,0,0,Low,Akumulasi
2021-05-11,123.5,126.2699966430664,122.7699966430664,125.91000366210938,126142800,-0.007410286348592199,1.362029030528198,128.16200408935546,131.86150131225585,-0.028055931307347712,Downtrend,122.7699966430664,137.07000732421875,0.2195807464103192,0,1,Medium,Akumulasi
2021-05-12,123.4000015258789,124.63999938964844,122.25,122.7699966430664,112172300,-0.02493850311901713,1.1950849636101586,127.09600219726562,131.39850120544435,-0.03274389714272067,Downtrend,122.25,137.07000732421875,0.035087475443863744,0,0,Low,Akumulasi
2021-05-13,124.58000183105469,126.1500015258789,124.26000213623047,124.97000122070312,105861300,0.017919724996269926,1.1180122058904136,126.14200134277344,130.9220012664795,-0.03651028763283884,Downtrend,122.25,137.07000732421875,0.18353575414622897,0,0,Low,Akumulasi
2021-05-14,126.25,127.88999938964844,125.8499984741211,127.44999694824219,81918000,0.019844728361323005,0.8665192461987046,125.58999938964844,130.58650093078614,-0.03826200645184578,Downtrend,122.25,137.07000732421875,0.35087681365341766,0,0,Low,Akumulasi
2021-05-17,126.81999969482422,126.93000030517578,125.16999816894531,126.2699966430664,74244600,-0.009258535374112142,0.7937553796206739,125.4739990234375,130.15800094604492,-0.03598704565652561,Downtrend,122.25,137.07000732421875,0.27125470015773584,0,0,Low,Akumulasi
2021-05-18,126.55999755859375,126.98999786376953,124.77999877929688,124.8499984741211,63342900,-0.011245729046459818,0.6887912886136073,125.26199798583984,129.7450008392334,-0.034552412997772695,Downtrend,122.25,137.07000732421875,0.17543840682670883,0,0,Low,Akumulasi
2021-05-19,123.16000366210938,124.91999816894531,122.86000061035156,124.69000244140625,92612000,-0.0012815060846637083,0.9942174850211719,125.64599914550782,129.30450096130372,-0.02829369270672768,Downtrend,122.25,137.07000732421875,0.1646424585377104,0,0,Low,Akumulasi
2021-05-20,125.2300033569336,127.72000122070312,125.0999984741211,127.30999755859375,76857100,0.021012070461853494,0.8285124239780716,126.11399841308594,129.0730007171631,-0.022925029151225854,Downtrend,122.25,137.07000732421875,0.3414301658491584,0,0,Low,Akumulasi
2021-05-21,127.81999969482422,128.0,125.20999908447266,125.43000030517578,79295400,-0.014767082628783457,0.8545032725709982,125.70999908447266,128.62850036621094,-0.022689382783980118,Downtrend,122.25,137.07000732421875,0.21457481333218018,0,0,Low,Akumulasi
2021-05-24,126.01000213623047,127.94000244140625,125.94000244140625,127.0999984741211,63092900,0.01331418452429367,0.6813012828694672,125.8759994506836,128.24750022888185,-0.018491594564930023,Downtrend,122.25,137.07000732421875,0.32726019414276947,0,0,Low,Akumulasi
2021-05-25,127.81999969482422,128.32000732421875,126.31999969482422,126.9000015258789,72009500,-0.0015735401309459052,0.7750779025434754,126.28600006103515,127.87300033569336,-0.012410753407615379,Downtrend,122.25,137.07000732421875,0.31376513008059764,0,0,Low,Akumulasi
2021-05-26,126.95999908447266,127.38999938964844,126.41999816894531,126.8499984741211,56575900,-0.0003940350760958111,0.6262071867739619,126.71799926757812,127.53650016784668,-0.00641777764946786,Sideways,122.25,137.07000732421875,0.3103911066632072,0,0,Low,Akumulasi
2021-05-27,126.44000244140625,127.63999938964844,125.08000183105469,125.27999877929688,94625600,-0.012376820762394547,1.081149202042682,126.31199951171875,127.12650032043457,-0.006407010392505045,Sideways,122.25,134.07000732421875,0.25634491554743133,0,0,Low,Akumulasi
2021-05-28,125.56999969482422,125.80000305175781,124.55000305175781,124.61000061035156,71311100,-0.005348005870638883,0.833105277542972,126.1479995727539,126.78400001525878,-0.005016409345251259,Sideways,122.25,134.07000732421875,0.19966151844221028,0,0,Low,Akumulasi
2021-06-01,125.08000183105469,125.3499984741211,123.94000244140625,124.27999877929688,67637100,-0.002648277260559384,0.7936591844497147,125.58399963378906,126.37100028991699,-0.006227699822921507,Sideways,122.25,131.49000549316406,0.21969670697692853,0,0,Low,Akumulasi
2021-06-02,124.27999877929688,125.23999786376953,124.05000305175781,125.05999755859375,59278900,0.006276140867059743,0.7290700107757514,125.21599884033203,126.23150024414062,-0.00804475429543762,Sideways,122.25,131.25999450683594,0.3118756128499066,0,0,Low,Akumulasi
2021-06-03,124.68000030517578,124.8499984741211,123.12999725341797,123.54000091552734,76229200,-0.012154139395007202,0.9420436271000484,124.55399932861329,126.00349998474121,-0.011503653916783707,Downtrend,122.25,131.25999450683594,0.14317443973452063,0,0,Low,Akumulasi
2021-06-04,124.06999969482422,126.16000366210938,123.8499984741211,125.88999938964844,75169300,0.019022166559055975,0.9306469077646908,124.67599945068359,125.81099967956543,-0.00902147055323165,Sideways,122.25,131.25999450683594,0.40399573905253194,0,0,Low,Akumulasi
2021-06-07,126.16999816894531,126.31999969482422,124.83000183105469,125.9000015258789,71057600,7.945139629006448e-05,0.8840733093968559,124.93399963378906,125.59549942016602,-0.005266906771587326,Sideways,122.25,129.5399932861328,0.5006865414844786,0,0,Low,Akumulasi
2021-06-08,126.5999984741211,128.4600067138672,126.20999908447266,126.73999786376953,74403800,0.006671932706195927,0.9336436033966579,125.42599945068359,125.58999938964844,-0.001305835972305665,Sideways,122.25,128.4600067138672,0.7230262495116455,0,0,Low,Akumulasi
2021-06-09,127.20999908447266,127.75,126.5199966430664,127.12999725341797,56877900,0.003077161087438496,0.7461488873863911,125.83999938964844,125.65099906921387,0.0015041688632373214,Sideways,122.25,128.4600067138672,0.7858280156961416,0,0,Low,Akumulasi
2021-06-10,127.0199966430664,128.19000244140625,125.94000244140625,126.11000061035156,71186400,-0.008023257021182562,0.959652841273495,126.35399932861328,125.81799926757813,0.004260122273087794,Sideways,122.86000061035156,128.4600067138672,0.5803565103187449,0,0,Low,Akumulasi
2021-06-11,126.52999877929688,127.44000244140625,126.0999984741211,127.3499984741211,53522400,0.009832668763525065,0.747912520517065,126.64599914550782,125.93699913024902,0.005629799186540239,Sideways,122.86000061035156,128.4600067138672,0.8017844589402783,0,0,Low,Akumulasi
2021-06-14,127.81999969482422,130.5399932861328,127.06999969482422,130.47999572753906,96906500,0.024577913552578545,1.3401200537035411,127.56199798583984,126.08849906921387,0.01168622774879033,Uptrend,122.86000061035156,130.5399932861328,0.9921878104411542,1,0,Medium,Markup
2021-06-15,129.94000244140625,130.60000610351562,129.38999938964844,129.63999938964844,62746300,-0.006437740384699686,0.8746727102331868,128.14199829101562,126.25699920654297,0.014929858117323034,Uptrend,122.86000061035156,130.60000610351562,0.8759682128500993,0,0,Low,Markup
2021-06-16,130.3699951171875,130.88999938964844,128.4600067138672,130.14999389648438,91815000,0.003933928642679829,1.2549805738739193,128.7459976196289,126.52199897766113,0.01757796003808349,Uptrend,122.86000061035156,130.88999938964844,0.9078448809890282,0,0,Medium,Markup
2021-06-17,129.8000030517578,132.5500030517578,129.64999389648438,131.7899932861328,96721700,0.012600841079968284,1.318345369338759,129.88199615478516,126.87699851989746,0.02368433734989753,Uptrend,123.12999725341797,132.5500030517578,0.9193196074508848,1,0,Medium,Markup
2021-06-18,130.7100067138672,131.50999450683594,130.24000549316406,130.4600067138672,108953300,-0.010091711359132227,1.4532766694868762,130.50399780273438,127.03449897766113,0.027311469348836905,Uptrend,123.12999725341797,132.5500030517578,0.7781321601459141,0,0,Medium,Markup
2021-06-21,130.3000030517578,132.41000366210938,129.2100067138672,132.3000030517578,79663300,0.014103911108376721,1.0623305213945184,130.8679992675781,127.37799911499023,0.027398767266215977,Uptrend,123.12999725341797,132.5500030517578,0.9734607382042101,0,0,Low,Markup
2021-06-22,132.1300048828125,134.0800018310547,131.6199951171875,133.97999572753906,74783600,0.012698357044814257,0.9895450429064495,131.73599853515626,127.72199897766113,0.0314276286749723,Uptrend,123.12999725341797,134.0800018310547,0.9908670263280193,1,0,Low,Markup
2021-06-23,133.77000427246094,134.32000732421875,133.22999572753906,133.6999969482422,60214200,-0.002089855114387973,0.803027794412818,132.4459991455078,128.0619987487793,0.0342334216204813,Uptrend,123.12999725341797,134.32000732421875,0.9445925095640068,0,0,Low,Markup
2021-06-24,134.4499969482422,134.63999938964844,132.92999267578125,133.41000366210938,68711000,-0.0021689849869261923,0.9089873610130134,132.77000122070314,128.3899990081787,0.03411482394548049,Uptrend,123.12999725341797,134.63999938964844,0.8931367941568527,0,0,Low,Markup
2021-06-25,133.4600067138672,133.88999938964844,132.80999755859375,133.11000061035156,70783700,-0.00224872980678148,0.9514115282925629,133.3,128.78149909973143,0.03508656858210156,Uptrend,123.12999725341797,134.63999938964844,0.8670722419346178,0,0,Low,Markup
2021-06-28,133.41000366210938,135.25,133.35000610351562,134.77999877929688,62111300,0.012546000760933262,0.8400386131064785,133.7959991455078,129.2899990081787,0.0348518846925202,Uptrend,123.12999725341797,135.25,0.9612210301820542,1,0,Low,Markup
2021-06-29,134.8000030517578,136.49000549316406,134.35000610351562,136.3300018310547,64556100,0.011500245331623304,0.8749267716185937,134.26600036621093,129.8924991607666,0.03367015981447324,Uptrend,123.12999725341797,136.49000549316406,0.9880236853721869,1,0,Low,Markup
2021-06-30,136.1699981689453,137.41000366210938,135.8699951171875,136.9600067138672,63261400,0.0046211756352296796,0.8550721307531254,134.91800231933593,130.48749961853028,0.033953464613529,Uptrend,123.12999725341797,137.41000366210938,0.9684876228088874,1,0,Low,Markup
2021-07-01,136.60000610351562,137.3300018310547,135.75999450683594,137.27000427246094,52485800,0.002263416642797056,0.7209931572287855,135.69000244140625,131.17399978637695,0.03442757453751369,Uptrend,123.8499984741211,137.41000366210938,0.9896755651854432,0,0,Low,Markup
2021-07-02,137.89999389648438,140.0,137.75,139.9600067138672,78852600,0.01959643299833358,1.0804583321657872,137.06000366210938,131.87750015258788,0.0392978597829434,Uptrend,124.83000183105469,140.0,0.9973636591324919,1,0,Low,Markup
2021-07-06,140.07000732421875,143.14999389648438,140.07000732421875,142.02000427246094,108181800,0.01471847284778427,1.4455675311532459,138.50800476074218,132.683500289917,0.04389772999731309,Uptrend,125.94000244140625,143.14999389648438,0.9343410700131398,1,0,Medium,Markup
2021-07-07,143.5399932861328,144.88999938964844,142.66000366210938,144.57000732421875,104911600,0.01795523852305836,1.373866513571914,140.156005859375,133.57500076293945,0.0492682392576969,Uptrend,125.94000244140625,144.88999938964844,0.983113872455828,1,0,Medium,Markup
2021-07-08,141.5800018310547,144.05999755859375,140.6699981689453,143.24000549316406,105575500,-0.009199707848613237,1.339838642692457,141.41200561523436,134.38050117492676,0.05232533275906226,Uptrend,125.94000244140625,144.88999938964844,0.9129290679575846,0,0,Medium,Markup
2021-07-09,142.75,145.64999389648438,142.64999389648438,145.11000061035156,99890800,0.013054977977341231,1.2450182996531514,142.9800048828125,135.33050117492675,0.05652460931921087,Uptrend,126.0999984741211,145.64999389648438,0.97237885357686,1,0,Medium,Markup
2021-07-12,146.2100067138672,146.32000732421875,144.0,144.5,76299700,-0.004203711720665804,0.937673817512473,143.88800354003905,136.1880012512207,0.056539505816040725,Uptrend,127.06999969482422,146.32000732421875,0.9054542024471918,0,0,Low,Markup
2021-07-13,144.02999877929688,147.4600067138672,143.6300048828125,145.63999938964844,100827100,0.007889269132515198,1.236121734582576,144.61200256347655,136.94600143432618,0.05597827646560882,Uptrend,128.4600067138672,147.4600067138672,0.9042101408305921,0,0,Medium,Markup
2021-07-14,148.10000610351562,149.57000732421875,147.67999267578125,149.14999389648438,127050800,0.024100484218248397,1.4985495535252757,145.5279998779297,137.92150115966797,0.055150927551577925,Uptrend,128.4600067138672,149.57000732421875,0.9801035805025786,1,0,Medium,Markup
2021-07-15,149.24000549316406,150.0,147.08999633789062,148.47999572753906,106820300,-0.004492109932034749,1.2488814230053087,146.57599792480468,138.8380012512207,0.055733996484020575,Uptrend,129.2100067138672,150.0,0.9268876977716582,0,0,Medium,Markup
2021-07-16,148.4600067138672,149.75999450683594,145.8800048828125,146.38999938964844,93251400,-0.014075945568625792,1.092457860315456,146.83199768066407,139.5680015563965,0.05204628599150895,Uptrend,129.2100067138672,150.0,0.8263587409256414,0,0,Low,Markup
2021-07-19,143.75,144.07000732421875,141.6699981689453,142.4499969482422,121434600,-0.026914423511397723,1.4123039896221745,146.4219970703125,140.16750106811523,0.04462158456515439,Uptrend,129.2100067138672,150.0,0.636844372778429,0,0,Medium,Markup
2021-07-20,143.4600067138672,147.10000610351562,142.9600067138672,146.14999389648438,96350000,0.025974005107115117,1.1097971824052166,146.52399597167968,140.86000061035156,0.04021010462008959,Uptrend,131.6199951171875,150.0,0.7905329118211584,0,0,Low,Markup
2021-07-21,145.52999877929688,146.1300048828125,144.6300048828125,145.39999389648438,74993500,-0.005131714206784155,0.863700209701553,145.77399597167968,141.43100051879884,0.030707521243219776,Uptrend,132.80999755859375,150.0,0.7324022425712166,0,0,Low,Markup
2021-07-22,145.94000244140625,148.1999969482422,145.80999755859375,146.8000030517578,77338200,0.009628674099327439,0.8820067797723562,145.43799743652343,142.08600082397462,0.023591322108512915,Uptrend,132.80999755859375,150.0,0.8138454628409926,0,0,Low,Markup
2021-07-23,147.5500030517578,148.72000122070312,146.9199981689453,148.55999755859375,71447400,0.011989063148829748,0.8135554543903873,145.8719970703125,142.84350051879883,0.021201500526900705,Uptrend,132.80999755859375,150.0,0.9162302363647338,0,0,Low,Markup
2021-07-26,148.27000427246094,149.8300018310547,147.6999969482422,148.99000549316406,72434100,0.002894506876931713,0.8240165089751625,147.17999877929688,143.63750076293945,0.024662765625559,Uptrend,133.35000610351562,150.0,0.9393396470223814,0,0,Low,Markup
2021-07-27,149.1199951171875,149.2100067138672,145.5500030517578,146.77000427246094,104818600,-0.014900336524955593,1.1641458071560384,147.3040008544922,144.23700103759765,0.021263613322735925,Uptrend,134.35000610351562,150.0,0.7936104161507277,0,0,Low,Markup
2021-07-28,144.80999755859375,146.97000122070312,142.5399932861328,144.97999572753906,118931200,-0.012196010716187922,1.282168985860168,147.22000122070312,144.66950073242188,0.017629842332825937,Uptrend,135.75999450683594,150.0,0.6474717460698454,0,0,Medium,Markup
2021-07-29,144.69000244140625,146.5500030517578,144.5800018310547,145.63999938964844,56699500,0.0045523774421245555,0.6134336113193023,146.98800048828124,145.10350036621094,0.012987282300662782,Uptrend,135.75999450683594,150.0,0.6938202999679608,0,0,Low,Markup
2021-07-30,144.3800048828125,146.3300018310547,144.11000061035156,145.86000061035156,70440600,0.001510582406104799,0.7547681703344241,146.4480010986328,145.53300018310546,0.0062872401062035125,Sideways,137.75,150.0,0.662040866151148,0,0,Low,Markup
2021-08-02,146.36000061035156,146.9499969482422,145.25,145.52000427246094,62880000,-0.002330977214232255,0.679571941006282,145.75400085449218,145.81100006103514,-0.00039091156715960663,Sideways,140.07000732421875,150.0,0.5488419907433018,0,0,Low,Markup
2021-08-03,145.80999755859375,148.0399932861328,145.17999267578125,147.36000061035156,64786600,0.012644284523559701,0.7169905181078934,145.87200012207032,146.0779998779297,-0.001410203836522438,Sideways,140.6699981689453,150.0,0.717041921593063,0,0,Low,Markup
2021-08-04,147.27000427246094,147.7899932861328,146.27999877929688,146.9499969482422,56368300,-0.00278232668574363,0.6410448721061558,146.26600036621093,146.19699935913087,0.0004719727995959826,Sideways,140.6699981689453,150.0,0.6730972718991383,0,0,Low,Markup
2021-08-05,146.97999572753906,147.83999633789062,146.1699981689453,147.05999755859375,46397700,0.0007485580989179397,0.5460286100223342,146.55,146.38799896240235,0.0011066551817493562,Sideways,141.6699981689453,150.0,0.6470586080250589,0,0,Low,Markup
2021-08-06,146.35000610351562,147.11000061035156,145.6300048828125,146.13999938964844,54126800,-0.006255937605185613,0.6546159258736972,146.6059997558594,146.4394989013672,0.0011369941562306479,Sideways,141.6699981689453,150.0,0.5366146744456555,0,0,Low,Markup
2021-08-09,146.1999969482422,146.6999969482422,145.52000427246094,146.08999633789062,48908700,-0.0003421585600564825,0.6014700559931733,146.71999816894532,146.5189987182617,0.0013718319975016236,Sideways,141.6699981689453,150.0,0.5306119084472858,0,0,Low,Markup
2021-08-10,146.44000244140625,147.7100067138672,145.3000030517578,145.60000610351562,69023100,-0.00335403002709167,0.8657640564003267,146.3679992675781,146.5169990539551,-0.0010169453874912253,Sideways,141.6699981689453,150.0,0.4717895643094621,0,0,Low,Markup
2021-08-11,146.0500030517578,146.72000122070312,145.52999877929688,145.86000061035156,48493500,0.00178567648308392,0.6397795274904926,146.15,146.35249938964844,-0.0013836414854064348,Sideways,141.6699981689453,150.0,0.5030013829991848,0,0,Low,Markup
2021-08-12,146.19000244140625,149.0500030517578,145.83999633789062,148.88999938964844,72282600,0.020773335846824503,0.9758645568157395,146.51600036621093,146.3729995727539,0.000976961556259849,Sideways,141.6699981689453,149.8300018310547,0.8848036740754038,0,0,Low,Markup
2021-08-13,148.97000122070312,149.44000244140625,148.27000427246094,149.10000610351562,59375000,0.0014104823341263284,0.8203629631164812,147.10800170898438,146.50849990844728,0.0040919250481147845,Sideways,141.6699981689453,149.8300018310547,0.9105397794208394,0,0,Low,Markup
2021-08-16,148.5399932861328,151.19000244140625,146.47000122070312,151.1199951171875,103296000,0.013547880154139325,1.4453144184301094,148.11400146484374,146.94199981689454,0.007975947308527454,Sideways,142.5399932861328,151.19000244140625,0.9919066762864557,1,0,Medium,Distribusi
2021-08-17,150.22999572753906,151.67999267578125,149.08999633789062,150.19000244140625,92229700,-0.006154001494375949,1.2942057128640299,149.03200073242186,147.1440002441406,0.012830971600260213,Uptrend,142.5399932861328,151.67999267578125,0.8369813639087879,0,0,Medium,Distribusi
2021-08-18,149.8000030517578,150.72000122070312,146.14999389648438,146.36000061035156,86326000,-0.025501043803157875,1.2018068171345249,149.1320007324219,147.19200057983397,0.013180065118659056,Uptrend,142.5399932861328,151.67999267578125,0.4179439364673397,0,0,Medium,Distribusi
2021-08-19,145.02999877929688,148.0,144.5,146.6999969482422,86960300,0.002323014050784167,1.202582695080028,148.69400024414062,147.1870002746582,0.010238675743579837,Uptrend,142.5399932861328,151.67999267578125,0.4551426630094541,0,0,Medium,Distribusi
2021-08-20,147.44000244140625,148.5,146.77999877929688,148.19000244140625,60549600,0.010156820205591055,0.843704076260205,148.51199951171876,147.16850051879882,0.009128984722843726,Sideways,142.5399932861328,151.67999267578125,0.6181629685525352,0,0,Low,Distribusi
2021-08-23,148.30999755859375,150.19000244140625,147.88999938964844,149.7100067138672,60131800,0.010257131030562805,0.8451260469242436,148.2300018310547,147.204500579834,0.006966507458544306,Sideways,142.5399932861328,151.67999267578125,0.7844654164698105,0,0,Low,Distribusi
2021-08-24,149.4499969482422,150.86000061035156,149.14999389648438,149.6199951171875,48606400,-0.0006012396810035625,0.7112368081846432,148.11600036621093,147.3470001220703,0.00521897455328939,Sideways,142.5399932861328,151.67999267578125,0.7746173198953588,0,0,Low,Distribusi
2021-08-25,149.80999755859375,150.32000732421875,147.8000030517578,148.36000061035156,58991300,-0.008421297606974743,0.9027851586247636,148.51600036621093,147.51600036621093,0.006778925659030093,Sideways,144.11000061035156,151.67999267578125,0.5614272727455972,0,0,Low,Distribusi
2021-08-26,148.35000610351562,149.1199951171875,147.50999450683594,147.5399932861328,48597200,-0.005527145597501004,0.7483566004543372,148.68399963378906,147.61100006103516,0.007269103063526633,Sideways,144.11000061035156,151.67999267578125,0.45310386670617425,0,0,Low,Distribusi
2021-08-27,147.47999572753906,148.75,146.8300018310547,148.60000610351562,55802400,0.007184579541948732,0.8691062374380224,148.76600036621093,147.74800033569335,0.006890110378513547,Sideways,144.5,151.67999267578125,0.5710320732422622,0,0,Low,Distribusi
2021-08-30,149.0,153.49000549316406,148.61000061035156,153.1199951171875,90956700,0.03041715227469921,1.3863134832793875,149.447998046875,148.12799987792968,0.008911199570865138,Sideways,144.5,153.49000549316406,0.9588420300457084,1,0,Medium,Distribusi
2021-08-31,152.66000366210938,152.8000030517578,151.2899932861328,151.8300018310547,86453100,-0.008424721311841354,1.2962687241889466,149.88999938964844,148.35149993896485,0.010370636301733124,Uptrend,144.5,153.49000549316406,0.8153500947945327,0,0,Medium,Distribusi
2021-09-01,152.8300018310547,154.97999572753906,152.33999633789062,152.50999450683594,80313700,0.004478644981759983,1.1829786770220772,150.71999816894532,148.62949981689454,0.014065164416392408,Uptrend,144.5,154.97999572753906,0.7643127645355313,0,0,Low,Distribusi
2021-09-02,153.8699951171875,154.72000122070312,152.39999389648438,153.64999389648438,71115500,0.007474915944589711,1.0287663411256127,151.94199829101564,148.95899963378906,0.020025635675321268,Uptrend,144.5,154.97999572753906,0.8730913765966771,0,0,Low,Distribusi
2021-09-03,153.75999450683594,154.6300048828125,153.08999633789062,154.3000030517578,57808700,0.0042304535053308,0.8340472044398684,153.08199768066407,149.36699981689452,0.02487161065244453,Uptrend,144.5,154.97999572753906,0.9351151762405415,0,0,Low,Distribusi
2021-09-07,154.97000122070312,157.25999450683594,154.38999938964844,156.69000244140625,82278300,0.01548930228372547,1.1591832548377141,153.7959991455078,149.89700012207032,0.026011187817383194,Uptrend,144.5,157.25999450683594,0.9553297562060608,1,0,Low,Distribusi
2021-09-08,156.97999572753906,157.0399932861328,153.97999572753906,155.11000061035156,74420200,-0.010083616098260806,1.0445028309010322,154.45199890136718,150.37249984741212,0.02712928931882267,Uptrend,144.5,157.25999450683594,0.8315051079894623,0,0,Low,Distribusi
2021-09-09,155.49000549316406,156.11000061035156,153.9499969482422,154.07000732421875,57305700,-0.006704875778740793,0.7993540522591641,154.76400146484374,150.78300018310546,0.026402189085665505,Uptrend,144.5,157.25999450683594,0.7500008968727839,0,0,Low,Distribusi
2021-09-10,155.0,155.47999572753906,148.6999969482422,148.97000122070312,140893200,-0.03310187486902216,1.8755615974006576,153.8280029296875,150.7870002746582,0.02016753864384942,Uptrend,144.5,157.25999450683594,0.3503137260998351,0,0,High,Distribusi
2021-09-13,150.6300048828125,151.4199981689453,148.75,149.5500030517578,102404300,0.003893413615506436,1.3252445047854007,152.8780029296875,150.80950012207032,0.01371599803688015,Uptrend,144.5,157.25999450683594,0.39576843462215944,0,0,Medium,Distribusi
2021-09-14,150.35000610351562,151.07000732421875,146.91000366210938,148.1199951171875,109296300,-0.009562072252685905,1.4089655007050224,151.16400146484375,150.6595001220703,0.0033486195186142958,Sideways,144.5,157.25999450683594,0.28369879902755074,0,0,Medium,Akumulasi
2021-09-15,148.55999755859375,149.44000244140625,146.3699951171875,149.02999877929688,83281300,0.006143692223250508,1.079827966692858,149.9480010986328,150.60149993896485,-0.004339258510684792,Sideways,144.5,157.25999450683594,0.35501573114863094,0,0,Low,Akumulasi
2021-09-16,148.44000244140625,148.97000122070312,147.22000122070312,148.7899932861328,68034100,-0.0016104508832446296,0.8927187447369935,148.89199829101562,150.7229995727539,-0.012148121301516813,Downtrend,144.5,157.25999450683594,0.33620651512306887,0,0,Low,Akumulasi
2021-09-17,148.82000732421875,148.82000732421875,145.75999450683594,146.05999755859375,129868800,-0.018347979371765355,1.657432037575443,148.30999755859375,150.69099960327148,-0.01580055909739972,Downtrend,145.75999450683594,157.25999450683594,0.026087221891983696,0,0,High,Akumulasi
2021-09-20,143.8000030517578,144.83999633789062,141.27000427246094,142.94000244140625,123478900,-0.02136105141269684,1.5150433005269386,146.98799743652344,150.4284996032715,-0.022871345362226982,Downtrend,141.27000427246094,157.25999450683594,0.1044402244446141,0,1,High,Markdown
2021-09-21,143.92999267578125,144.60000610351562,142.77999877929688,143.42999267578125,75834000,0.003427943374884501,0.9215792943247844,146.04999694824218,150.1144989013672,-0.027076011863421668,Downtrend,141.27000427246094,157.25999450683594,0.13508378502175739,0,0,Low,Markdown
2021-09-22,144.4499969482422,146.42999267578125,143.6999969482422,145.85000610351562,76404300,0.016872436389261614,0.9130871244035093,145.41399841308595,149.9259994506836,-0.03009485382208058,Downtrend,141.27000427246094,157.25999450683594,0.2864293075807314,0,0,Low,Markdown
2021-09-23,146.64999389648438,147.0800018310547,145.63999938964844,146.8300018310547,64838200,0.0067192025130498045,0.7721660472235995,145.02200012207032,149.84949951171876,-0.03221565240710671,Downtrend,141.27000427246094,157.25999450683594,0.34771738300633637,0,0,Low,Markdown
2021-09-24,145.66000366210938,147.47000122070312,145.55999755859375,146.9199981689453,53477900,0.0006129288072487249,0.6350292970419867,145.19400024414062,149.81849975585936,-0.030867346284035098,Downtrend,141.27000427246094,157.25999450683594,0.3533456752423849,0,0,Low,Markdown
2021-09-27,145.47000122070312,145.9600067138672,143.82000732421875,145.3699951171875,74150700,-0.010549980064493591,0.8710219034391766,145.67999877929688,149.65699920654296,-0.02657410243644795,Downtrend,141.27000427246094,157.25999450683594,0.25640984044583554,0,0,Low,Markdown
2021-09-28,143.25,144.75,141.69000244140625,141.91000366210938,108972300,-0.0238012765446467,1.2666561860063426,145.3760009765625,149.09649963378905,-0.024953628464550466,Downtrend,141.27000427246094,157.25999450683594,0.040025001908542635,0,0,Medium,Markdown
2021-09-29,142.47000122070312,144.4499969482422,142.02999877929688,142.8300018310547,74602000,0.006482969101571312,0.8731617862210805,144.77200012207032,148.64649963378906,-0.02606519172172972,Downtrend,141.27000427246094,157.25999450683594,0.09756088251011527,0,0,Low,Markdown
2021-09-30,143.66000366210938,144.3800048828125,141.27999877929688,141.5,89056700,-0.009311781936598096,1.0370374424446764,143.70599975585938,148.09599990844725,-0.02964293536153418,Downtrend,141.27000427246094,157.25999450683594,0.014383731582563555,0,0,Low,Markdown
2021-10-01,141.89999389648438,142.9199981689453,139.11000061035156,142.64999389648438,94639600,0.00812716534617941,1.0871582620902212,142.85199890136718,147.54599990844727,-0.03181381406471698,Downtrend,139.11000061035156,157.25999450683594,0.19504101799276657,0,0,Low,Markdown
2021-10-04,141.75999450683594,142.2100067138672,138.27000427246094,139.13999938964844,98322000,-0.02460564077824645,1.1037749638125893,141.6059997558594,146.7879997253418,-0.03530261315079269,Downtrend,138.27000427246094,157.25999450683594,0.04581335253204428,0,0,Low,Markdown
2021-10-05,139.49000549316406,142.24000549316406,139.36000061035156,141.11000061035156,80861100,0.014158410445197056,0.908479415345386,141.4459991455078,146.00899963378907,-0.0312515016178859,Downtrend,138.27000427246094,157.0399932861328,0.15130516783051923,0,0,Low,Markdown
2021-10-06,139.47000122070312,142.14999389648438,138.3699951171875,142.0,83221100,0.00630713192402288,0.9303943530884866,141.27999877929688,145.35349960327147,-0.028024786710281007,Downtrend,138.27000427246094,156.11000061035156,0.209080520920112,0,0,Low,Markdown
2021-10-07,143.05999755859375,144.22000122070312,142.72000122070312,143.2899932861328,61732700,0.009084459761498742,0.6884548889673879,141.63799743652345,144.8144989013672,-0.021934968452345688,Downtrend,138.27000427246094,155.47999572753906,0.2916903838549342,0,0,Low,Markdown
2021-10-08,144.02999877929688,144.17999267578125,142.55999755859375,142.89999389648438,58773200,-0.00272174895611621,0.6869039260493575,141.68799743652343,144.51099853515626,-0.019534852898729763,Downtrend,138.27000427246094,151.4199981689453,0.35209062912654704,0,0,Low,Markdown
2021-10-11,142.27000427246094,144.80999755859375,141.80999755859375,142.80999755859375,64452200,-0.0006297854565047167,0.7703615627443156,142.4219970703125,144.17399826049805,-0.012151991422336658,Downtrend,138.27000427246094,151.07000732421875,0.3546868909151814,0,0,Low,Markdown
2021-10-12,143.22999572753906,143.25,141.0399932861328,141.50999450683594,73035900,-0.009103025516294383,0.8922938210926203,142.5019958496094,143.84349822998047,-0.009326124551185873,Sideways,138.27000427246094,149.44000244140625,0.2900618411364453,0,0,Low,Markdown
2021-10-13,141.24000549316406,141.39999389648438,139.1999969482422,140.91000366210938,78762700,-0.004239918507647045,0.964922661821147,142.28399658203125,143.4374984741211,-0.008041843341948435,Sideways,138.27000427246094,148.97000122070312,0.24672898529023793,0,0,Low,Markdown
2021-10-14,142.11000061035156,143.8800048828125,141.50999450683594,143.75999450683594,69907100,0.02022561046524851,0.8554511483601785,142.37799682617188,143.18599853515624,-0.0056430217846054,Sideways,138.27000427246094,148.82000732421875,0.5203780707400149,0,0,Low,Markdown
2021-10-15,143.77000427246094,144.89999389648438,143.50999450683594,144.83999633789062,67940300,0.007512533892058082,0.8641259517156176,142.76599731445313,143.1249984741211,-0.0025083050724565136,Sideways,138.27000427246094,147.47000122070312,0.7141298092153165,0,0,Low,Markdown
2021-10-18,143.4499969482422,146.83999633789062,143.16000366210938,146.5500030517578,85589200,0.01180617755525204,1.1154788836400897,143.51399841308594,143.30549850463868,0.0014549330669298545,Sideways,138.27000427246094,147.47000122070312,0.9000001658564579,0,0,Low,Markdown
2021-10-19,147.00999450683594,149.1699981689453,146.5500030517578,148.75999450683594,76378900,0.01508011879261173,0.9950882606361034,144.96399841308593,143.5719985961914,0.009695482618512854,Sideways,138.27000427246094,149.1699981689453,0.9623849640648316,1,0,Low,Markdown
2021-10-20,148.6999969482422,149.75,148.1199951171875,149.25999450683594,58418800,0.003361118704377386,0.7701212141905065,146.63399658203124,143.74249801635742,0.020115822429528012,Uptrend,138.27000427246094,149.75,0.9573165787868195,1,0,Low,Markdown
2021-10-21,148.80999755859375,149.63999938964844,147.8699951171875,149.47999572753906,61421000,0.0014739463272126496,0.8115263939311181,147.7779968261719,143.87499771118163,0.027127709310725636,Uptrend,138.27000427246094,149.75,0.9764804553181817,0,0,Low,Markdown
2021-10-22,149.69000244140625,150.17999267578125,148.63999938964844,148.69000244140625,58883400,-0.005284943194491021,0.7752299372617413,148.547998046875,143.9634979248047,0.0318448786543439,Uptrend,138.27000427246094,150.17999267578125,0.8748957443183055,0,0,Low,Markdown
2021-10-25,148.67999267578125,149.3699951171875,147.6199951171875,148.63999938964844,50720600,-0.0003362906109138919,0.6782230658903565,148.96599731445312,144.12699813842772,0.03357455049037896,Uptrend,138.27000427246094,150.17999267578125,0.8706973311826662,0,0,Low,Markdown
2021-10-26,149.3300018310547,150.83999633789062,149.00999450683594,149.32000732421875,60893400,0.004574865025313457,0.8412945486286759,149.0779998779297,144.49749832153321,0.03169952151146614,Uptrend,138.27000427246094,150.83999633789062,0.8790779655420636,0,0,Low,Markdown
2021-10-27,149.36000061035156,149.72999572753906,148.49000549316406,148.85000610351562,56094900,-0.0031476104851951847,0.7850354991460389,148.99600219726562,144.79849853515626,0.028988585548697793,Uptrend,138.27000427246094,150.83999633789062,0.841687232257853,0,0,Low,Markdown
2021-10-28,149.82000732421875,153.1699981689453,149.72000122070312,152.57000732421875,100077900,0.02499160946030532,1.3898492215264497,149.61400451660157,145.35199890136718,0.029321960808578174,Uptrend,138.27000427246094,153.1699981689453,0.9597321415770426,1,0,Medium,Markup
2021-10-29,147.22000122070312,149.94000244140625,146.41000366210938,149.8000030517578,124953200,-0.0181556278395828,1.6995352954313798,149.83600463867188,145.70949935913086,0.02832008412416822,Uptrend,138.27000427246094,153.1699981689453,0.7738257384130444,0,0,High,Markup
2021-11-01,148.99000549316406,149.6999969482422,147.8000030517578,148.9600067138672,74588300,-0.005607452074619768,1.0311466898697241,149.90000610351564,146.20049972534179,0.025304334698745178,Uptrend,138.3699951171875,153.1699981689453,0.715541176555494,0,0,Low,Markup
2021-11-02,148.66000366210938,151.57000732421875,148.64999389648438,150.02000427246094,69122000,0.007115987586049588,0.9633951113015298,150.04000549316407,146.64599990844727,0.023144208412338038,Uptrend,138.3699951171875,153.1699981689453,0.7871626184489031,0,0,Low,Markup
2021-11-03,150.38999938964844,151.97000122070312,149.82000732421875,151.49000549316406,54511500,0.009798701365408391,0.7752706972806966,150.56800537109376,147.12050018310546,0.023433207361975728,Uptrend,139.1999969482422,153.1699981689453,0.8797428397292084,0,0,Low,Markup
2021-11-04,151.5800018310547,152.42999267578125,150.63999938964844,150.9600067138672,60394600,-0.003498572579567205,0.8597591135318753,150.24600524902343,147.50400085449218,0.018589356076084654,Uptrend,139.1999969482422,153.1699981689453,0.8418044909113549,0,0,Low,Markup
2021-11-05,151.88999938964844,152.1999969482422,150.05999755859375,151.27999877929688,65463900,0.0021197141706292832,0.9275070207078472,150.54200439453126,147.92300109863282,0.017705179562657235,Uptrend,139.1999969482422,153.1699981689453,0.8647101485683828,0,0,Low,Markup
2021-11-08,151.41000366210938,151.57000732421875,150.16000366210938,150.44000244140625,55020900,-0.005552593499925207,0.7847916652551725,150.83800354003907,148.30450134277345,0.017083110588868657,Uptrend,139.1999969482422,153.1699981689453,0.8045815684329869,0,0,Low,Markup
2021-11-09,150.1999969482422,151.42999267578125,150.05999755859375,150.80999755859375,56787900,0.0024594197765426262,0.8194913092683941,150.99600219726562,148.76950149536134,0.014966109851310541,Uptrend,139.1999969482422,153.1699981689453,0.8310665422953498,0,0,Low,Markup
2021-11-10,150.02000427246094,150.1300048828125,147.85000610351562,147.9199981689453,65187100,-0.01916318172822462,0.9500035304278799,150.28200073242186,149.12000122070313,0.007792378636041791,Sideways,141.50999450683594,153.1699981689453,0.5497428515343846,0,0,Low,Markup
2021-11-11,148.9600067138672,149.42999267578125,147.67999267578125,147.8699951171875,41000000,-0.0003380411869712274,0.6103698260550205,149.66399841308595,149.32550125122071,0.002266840955020516,Sideways,143.16000366210938,153.1699981689453,0.47052887510194125,0,0,Low,Markup
2021-11-12,148.42999267578125,150.39999389648438,147.47999572753906,149.99000549316406,63804000,0.014336988205730705,0.9527880556539685,149.40599975585937,149.58300170898437,-0.001183302588547859,Sideways,143.16000366210938,153.1699981689453,0.6823182396743976,0,0,Low,Markup
2021-11-15,150.3699951171875,151.8800048828125,149.42999267578125,150.0,59222800,6.663448543164918e-05,0.9021367306218668,149.31799926757813,149.7555015563965,-0.0029214438486161783,Sideways,146.41000366210938,153.1699981689453,0.5310649785677042,0,0,Low,Markup
2021-11-16,149.94000244140625,151.49000549316406,149.33999633789062,151.0,59256200,0.006666666666666599,0.9145728612192535,149.3559997558594,149.86750183105468,-0.0034130286349332135,Sideways,146.41000366210938,153.1699981689453,0.6789940928574815,0,0,Low,Markup
2021-11-17,151.0,155.0,150.99000549316406,153.49000549316406,88807000,0.016490102603735624,1.3392593906277028,150.47000122070312,150.0790023803711,0.002605286776500922,Sideways,146.41000366210938,155.0,0.8242147671035289,1,0,Medium,Distribusi
2021-11-18,153.7100067138672,158.6699981689453,153.0500030517578,157.8699951171875,137827700,0.02853599235957094,1.9652930275421527,152.47000122070312,150.4985023498535,0.013099790629587844,Uptrend,146.41000366210938,158.6699981689453,0.9347468670306707,1,0,High,Markup
2021-11-19,157.64999389648438,161.02000427246094,156.52999877929688,160.5500030517578,117305600,0.016976043690765552,1.6057827320890365,154.58200073242188,151.09150238037108,0.023101883938274066,Uptrend,146.41000366210938,161.02000427246094,0.9678301710425585,1,0,High,Markup
2021-11-22,161.67999267578125,165.6999969482422,161.0,161.02000427246094,117467900,0.002927444483147079,1.5377525188723977,156.78600158691407,151.71050262451172,0.033455158836065355,Uptrend,146.41000366210938,165.6999969482422,0.7573875425272645,0,0,High,Markup
2021-11-23,161.1199951171875,161.8000030517578,159.05999755859375,161.41000366210938,96041900,0.0024220555167078217,1.228993932122462,158.86800231933594,152.31500244140625,0.04302268176406689,Uptrend,146.41000366210938,165.6999969482422,0.7776052473166591,0,0,Medium,Markup
2021-11-24,160.75,162.13999938964844,159.63999938964844,161.94000244140625,69463600,0.003283555958565998,0.8813477603304947,160.55800170898436,152.9695022583008,0.04960792405449424,Uptrend,146.41000366210938,165.6999969482422,0.8050805694401707,0,0,Low,Markup
2021-11-26,159.57000732421875,160.4499969482422,156.36000061035156,156.80999755859375,76959800,-0.031678429081589354,0.9909927716959058,160.34600219726562,153.18150177001954,0.0467713160170121,Uptrend,146.41000366210938,165.6999969482422,0.5391393217311652,0,0,Low,Markup
2021-11-29,159.3699951171875,161.19000244140625,158.7899932861328,160.24000549316406,88748200,0.02187365594013646,1.1700635123355871,160.28400268554688,153.70350189208983,0.04281295294154717,Uptrend,147.47999572753906,165.6999969482422,0.7003297975153803,0,0,Low,Markup
2021-11-30,159.99000549316406,165.52000427246094,159.9199981689453,165.3000030517578,174048100,0.031577617231232535,2.153473368989039,161.14000244140624,154.52050170898437,0.042838980324362924,Uptrend,147.47999572753906,165.6999969482422,0.9780464396440398,0,0,High,Markup
2021-12-01,167.47999572753906,170.3000030517578,164.52999877929688,164.77000427246094,152052500,-0.003206284147078464,1.7895148511402335,161.81200256347657,155.25800170898438,0.04221361077915332,Uptrend,147.47999572753906,170.3000030517578,0.7576688429267979,0,0,High,Markup
2021-12-02,158.74000549316406,164.1999969482422,157.8000030517578,163.75999450683594,136739200,-0.006129815739731703,1.5350166639640381,162.1760009765625,155.87150115966796,0.040446776800054644,Uptrend,147.47999572753906,170.3000030517578,0.7134090076307295,0,0,High,Markup
2021-12-03,164.02000427246094,164.9600067138672,159.72000122070312,161.83999633789062,118023100,-0.011724464053185835,1.2833986705504714,163.18200073242187,156.41550064086914,0.0432597796498996,Uptrend,147.47999572753906,170.3000030517578,0.6292723927003903,0,0,Medium,Markup
2021-12-06,164.2899932861328,167.8800048828125,164.27999877929688,165.32000732421875,107497000,0.021502787105003085,1.142818870645506,164.1980010986328,157.11750106811525,0.04506499901273214,Uptrend,147.47999572753906,170.3000030517578,0.7817706341288585,0,0,Low,Markup
2021-12-07,169.0800018310547,171.5800018310547,168.33999633789062,171.17999267578125,120405400,0.035446316791349686,1.2370555494196425,165.3739990234375,158.15450057983398,0.045648390764316156,Uptrend,147.47999572753906,171.5800018310547,0.9834021139432373,1,0,Medium,Markup
2021-12-08,172.1300048828125,175.9600067138672,170.6999969482422,175.0800018310547,116998900,0.02278308985945654,1.1659919794942935,167.43599853515624,159.36800079345704,0.05062495420366997,Uptrend,147.47999572753906,175.9600067138672,0.969100964067923,1,0,Low,Markup
2021-12-09,174.91000366210938,176.75,173.9199981689453,174.55999755859375,108923700,-0.0029700951966102895,1.06236314322016,169.59599914550782,160.70000076293945,0.0553577992553436,Uptrend,147.47999572753906,176.75,0.9251792920485925,0,0,Low,Markup
2021-12-10,175.2100067138672,179.6300048828125,174.69000244140625,179.4499969482422,115402700,0.028013287454401015,1.0861454611217258,173.1179992675781,162.27900085449218,0.06679236596240042,Uptrend,147.47999572753906,179.6300048828125,0.9944009989639214,1,0,Low,Markup
2021-12-13,181.1199951171875,182.1300048828125,175.52999877929688,175.74000549316406,153237000,-0.020674235264256824,1.3839870091978141,175.20199890136718,163.56650085449218,0.07113619222817436,Uptrend,149.33999633789062,182.1300048828125,0.8051235826640842,0,0,Medium,Markup
2021-12-14,175.25,177.74000549316406,172.2100067138672,174.3300018310547,139380400,-0.008023236702153325,1.2148632134451798,175.83200073242188,164.78300094604492,0.06705181798451855,Uptrend,149.33999633789062,182.1300048828125,0.7621225672731402,0,0,Medium,Markup
2021-12-15,175.11000061035156,179.5,172.30999755859375,179.3000030517578,131063300,0.02850915601733095,1.107705271271509,176.6760009765625,166.1980010986328,0.06304528218550216,Uptrend,150.99000549316406,182.1300048828125,0.9091200421797234,0,0,Low,Markup
2021-12-16,179.27999877929688,181.13999938964844,170.75,172.25999450683594,150185800,-0.039263850669816525,1.23723160471672,176.21600036621095,167.1365005493164,0.054323859761653305,Uptrend,153.0500030517578,182.1300048828125,0.6605911363651866,0,0,Medium,Markup
2021-12-17,169.92999267578125,173.47000122070312,169.69000244140625,171.13999938964844,195432700,-0.006501771466984829,1.5726605317954203,174.5540008544922,167.80000076293945,0.04025029833637783,Uptrend,156.36000061035156,182.1300048828125,0.5735349758979859,0,0,High,Markup
2021-12-20,168.27999877929688,170.5800018310547,167.4600067138672,169.75,107499100,-0.00812200183829448,0.8684794772339933,173.3559997558594,168.26000061035157,0.030286456240475646,Uptrend,156.36000061035156,182.1300048828125,0.519596320127802,0,0,Low,Markup
2021-12-21,171.55999755859375,173.1999969482422,169.1199951171875,172.99000549316406,91185900,0.01908692484927288,0.7445909899622678,173.08800048828124,168.8585006713867,0.02504759784125707,Uptrend,156.36000061035156,182.1300048828125,0.6453241026655211,0,0,Low,Markup
2021-12-22,173.0399932861328,175.86000061035156,172.14999389648438,175.63999938964844,92135300,0.01531876878626437,0.7535453463154648,172.3559997558594,169.57000045776368,0.01642978882216632,Uptrend,156.36000061035156,182.1300048828125,0.7481566000320926,0,0,Low,Markup
2021-12-23,175.85000610351562,176.85000610351562,175.27000427246094,176.27999877929688,68356600,0.0036438134358485197,0.5593201124243523,173.16000061035157,170.2870002746582,0.0168715188538143,Uptrend,156.36000061035156,182.1300048828125,0.7729916517799253,0,0,Low,Markup
2021-12-27,177.08999633789062,180.4199981689453,177.07000732421875,180.3300018310547,74919600,0.022974830268908786,0.6135332213184279,174.9980010986328,171.46300048828124,0.020616696315151537,Uptrend,157.8000030517578,182.1300048828125,0.9260171427747161,0,0,Low,Markup
2021-12-28,180.16000366210938,181.3300018310547,178.52999877929688,179.2899932861328,79144300,-0.00576725189575622,0.6506890113114585,176.90599975585937,172.41549987792968,0.026044641468481494,Uptrend,157.8000030517578,182.1300048828125,0.8832712131959353,0,0,Low,Markup
2021-12-29,179.3300018310547,180.6300048828125,178.13999938964844,179.3800048828125,62348900,0.0005020447322792165,0.5372748199278962,178.18399963378906,173.11949996948243,0.02925435704931793,Uptrend,157.8000030517578,182.1300048828125,0.8869708264267405,0,0,Low,Markup
2021-12-30,179.47000122070312,180.57000732421875,178.08999633789062,178.1999969482422,59773000,-0.006578257901939555,0.5364049899403311,178.6959991455078,173.79099960327147,0.02822355331077805,Uptrend,157.8000030517578,182.1300048828125,0.8384707094615147,0,0,Low,Markup
2021-12-31,178.08999633789062,179.22999572753906,177.25999450683594,177.57000732421875,64062300,-0.0035352953693170708,0.5942768353065319,178.9540008544922,174.48150024414062,0.025633093503285416,Uptrend,159.72000122070312,182.1300048828125,0.7965195531715262,0,0,Low,Markup
2022-01-03,177.8300018310547,182.8800048828125,177.7100067138672,182.00999450683594,104487900,0.025004150472947684,0.9754103709238411,179.28999938964844,175.4900001525879,0.02165365111263583,Uptrend,164.27999877929688,182.8800048828125,0.9532252639523532,0,0,Low,Markup
2022-01-04,182.6300048828125,182.94000244140625,179.1199951171875,179.6999969482422,99310400,-0.012691597320536152,0.9306337223718348,179.37200012207032,176.20899963378906,0.017950277765919127,Uptrend,167.4600067138672,182.94000244140625,0.7906972617957471,0,0,Low,Markup
2022-01-05,179.61000061035156,180.1699981689453,174.63999938964844,174.9199981689453,94537600,-0.02659988236212174,0.8967772210906033,178.47999877929686,176.39599990844727,0.01181432046039157,Uptrend,167.4600067138672,182.94000244140625,0.4819117257123481,0,0,Low,Markup
2022-01-06,172.6999969482422,175.3000030517578,171.63999938964844,172.0,96904000,-0.016693335236175,0.9280701128506785,177.23999938964843,176.24199981689452,0.00566266595811882,Sideways,167.4600067138672,182.94000244140625,0.29328130097969735,0,0,Low,Markup
2022-01-07,172.88999938964844,174.13999938964844,171.02999877929688,172.1699981689453,86709100,0.0009883614473564784,0.8393602577717498,176.15999755859374,176.12249984741212,0.0002129069892496205,Sideways,167.4600067138672,182.94000244140625,0.3042630978701761,0,0,Low,Markup
2022-01-10,169.0800018310547,172.5,168.1699981689453,172.19000244140625,106765600,0.00011618907285648739,1.0378495826947562,174.1959991455078,175.7595001220703,-0.008895684019791792,Sideways,167.4600067138672,182.94000244140625,0.3055553638896911,0,0,Low,Markup
2022-01-11,172.32000732421875,175.17999267578125,170.82000732421875,175.0800018310547,76138300,0.016783781570778755,0.768941658051564,173.27200012207032,175.72649993896485,-0.013967727222399853,Downtrend,167.4600067138672,182.94000244140625,0.49224788244814915,0,0,Low,Markup
2022-01-12,176.1199951171875,177.17999267578125,174.82000732421875,175.52999877929688,74805200,0.0025702361408266317,0.7809434236946298,173.3940002441406,175.78649978637696,-0.013610257586013802,Downtrend,167.4600067138672,182.94000244140625,0.5213174607711999,0,0,Low,Markup
2022-01-13,175.77999877929688,176.6199951171875,171.7899932861328,172.19000244140625,84505800,-0.019028065636177538,0.9041885881684397,173.43200073242187,175.43099975585938,-0.011394787843764421,Downtrend,167.4600067138672,182.94000244140625,0.3055553638896911,0,0,Low,Markup
2022-01-14,171.33999633789062,173.77999877929688,171.08999633789062,173.07000732421875,80440800,0.005110661887074208,0.8940536907022898,173.61200256347655,175.47150039672852,-0.010597150130065411,Downtrend,167.4600067138672,182.94000244140625,0.36240324022643733,0,0,Low,Markup
2022-01-18,171.50999450683594,172.5399932861328,169.41000366210938,169.8000030517578,90956700,-0.018894112983626976,1.0732440095094569,173.13400268554688,175.40450057983398,-0.01294435368979432,Downtrend,167.4600067138672,182.94000244140625,0.15116259584799166,0,0,Low,Markup
2022-01-19,170.0,171.0800018310547,165.94000244140625,166.22999572753906,94815000,-0.021024777738847034,1.1272052591261392,171.36400146484374,175.22850036621094,-0.022054054524753466,Downtrend,165.94000244140625,182.94000244140625,0.017058428596047795,0,1,Low,Markup
2022-01-20,166.97999572753906,169.67999267578125,164.17999267578125,164.50999450683594,91420500,-0.010347117036099251,1.0866983065869165,169.16000061035157,174.80449981689452,-0.03229035415252746,Downtrend,164.17999267578125,182.94000244140625,0.017590706784138675,0,1,Low,Markup
2022-01-21,164.4199981689453,166.3300018310547,162.3000030517578,162.41000366210938,122848900,-0.01276512622240289,1.434103185727948,167.2040008544922,174.14300003051758,-0.03984655814364844,Downtrend,162.3000030517578,182.94000244140625,0.005329487093237562,0,1,Medium,Markdown
2022-01-24,160.02000427246094,162.3000030517578,154.6999969482422,161.6199951171875,162294600,-0.00486428500159064,1.7961004067920971,164.91399841308595,173.4099998474121,-0.04899372263307773,Downtrend,154.6999969482422,182.94000244140625,0.24504238041385676,0,1,High,Markdown
2022-01-25,158.97999572753906,162.75999450683594,157.02000427246094,159.77999877929688,115798400,-0.011384707297859231,1.253183799096494,162.90999755859374,172.38249969482422,-0.0549504860006093,Downtrend,154.6999969482422,182.94000244140625,0.17988671540040535,0,0,Medium,Markdown
2022-01-26,163.5,164.38999938964844,157.82000732421875,159.69000244140625,108275300,-0.0005632515870458432,1.1535840406418438,161.60199890136718,171.4025001525879,-0.057178286445623575,Downtrend,154.6999969482422,182.94000244140625,0.17669987685986718,0,0,Low,Markdown
2022-01-27,162.4499969482422,163.83999633789062,158.27999877929688,159.22000122070312,121954600,-0.0029432100539642514,1.2593385804655504,160.54400024414062,170.3944999694824,-0.05780996292196058,Downtrend,154.6999969482422,182.94000244140625,0.16005677738111898,0,0,Medium,Markdown
2022-01-28,165.7100067138672,170.35000610351562,162.8000030517578,170.3300018310547,179935700,0.06977766942076213,1.749524676310997,162.12799987792968,170.00100021362306,-0.046311494201799835,Downtrend,154.6999969482422,182.94000244140625,0.5534703202021681,0,0,High,Markdown
2022-01-31,170.16000366210938,175.0,169.50999450683594,174.77999877929688,115541600,0.026125737688043937,1.095988230194181,164.76000061035157,169.86149978637695,-0.030033287015840477,Downtrend,154.6999969482422,182.94000244140625,0.711048085168233,0,0,Low,Markdown
2022-02-01,174.00999450683594,174.83999633789062,172.30999755859375,174.61000061035156,86213900,-0.0009726408635577499,0.824945506876946,167.7260009765625,169.49150009155272,-0.010416446335282775,Downtrend,154.6999969482422,182.94000244140625,0.7050283211498987,0,0,Low,Markdown
2022-02-02,174.75,175.8800048828125,173.3300018310547,175.83999633789062,84914300,0.007044245594408194,0.8181451571915832,170.95599975585938,169.29850006103516,0.009790397990689025,Sideways,154.6999969482422,180.1699981689453,0.8299960100694823,0,0,Low,Markdown
2022-02-03,174.47999572753906,176.24000549316406,172.1199951171875,172.89999389648438,89418100,-0.016719759455390393,0.8636691244380285,173.69199829101564,169.1974998474121,0.026563622084586475,Uptrend,154.6999969482422,177.17999267578125,0.8096085590419542,0,0,Low,Markdown
2022-02-04,171.67999267578125,174.10000610351562,170.67999267578125,172.38999938964844,82465400,-0.0029496502304173777,0.8021076366521095,174.10399780273437,169.21699981689454,0.028880065189241768,Uptrend,154.6999969482422,177.17999267578125,0.7869219663478475,0,0,Low,Markdown
2022-02-07,172.86000061035156,173.9499969482422,170.9499969482422,171.66000366210938,77251200,-0.004234559603942367,0.754863333017224,173.47999877929686,169.19150009155274,0.02534701025420033,Uptrend,154.6999969482422,177.17999267578125,0.7544488406236828,0,0,Low,Markdown
2022-02-08,171.72999572753906,175.35000610351562,171.42999267578125,174.8300018310547,74829200,0.018466725511581794,0.7427866510391605,173.5239990234375,169.32350006103516,0.02480753682086785,Uptrend,154.6999969482422,177.17999267578125,0.8954630208471209,0,0,Low,Markdown
2022-02-09,176.0500030517578,176.64999389648438,174.89999389648438,176.27999877929688,71285000,0.008293753549481586,0.7093139987846586,173.61199951171875,169.38349990844728,0.024964058515481145,Uptrend,154.6999969482422,177.17999267578125,0.9599646767111331,0,0,Low,Markdown
2022-02-10,174.13999938964844,175.47999572753906,171.5500030517578,172.1199951171875,90865900,-0.02359884099680365,0.8969843451054966,173.45599975585938,169.2129997253418,0.025074905813410354,Uptrend,154.6999969482422,176.64999389648438,0.793621894801236,0,0,Low,Markdown
2022-02-11,172.3300018310547,173.0800018310547,168.0399932861328,168.63999938964844,98670700,-0.020218427993619836,0.9672669652589228,172.70599975585938,169.0354995727539,0.021714374746031787,Uptrend,154.6999969482422,176.64999389648438,0.6350799261738668,0,0,Low,Markdown
2022-02-14,167.3699951171875,169.5800018310547,166.55999755859375,168.8800048828125,86185500,0.0014231824835904128,0.8425025067933305,172.15,168.82599945068358,0.01968891379368028,Uptrend,154.6999969482422,176.64999389648438,0.6460141187266035,0,0,Low,Markdown
2022-02-15,170.97000122070312,172.9499969482422,170.25,172.7899932861328,62527400,0.023152465006342826,0.6198468687559207,171.74199829101562,168.97549896240236,0.016372192096493352,Uptrend,154.6999969482422,176.64999389648438,0.8241457336211301,0,0,Low,Markdown
2022-02-16,171.85000610351562,173.33999633789062,170.0500030517578,172.5500030517578,61177400,-0.0013889128057177347,0.6167469540398138,170.99599914550782,169.29149932861327,0.01006843121866346,Uptrend,154.6999969482422,176.64999389648438,0.813212236229723,0,0,Low,Markdown
2022-02-17,171.02999877929688,171.91000366210938,168.47000122070312,168.8800048828125,69589300,-0.021269186346200564,0.7093557203452892,170.3480010986328,169.5099998474121,0.004943668526783358,Sideways,154.6999969482422,176.64999389648438,0.6460141187266035,0,0,Low,Markdown
2022-02-18,169.82000732421875,170.5399932861328,166.19000244140625,167.3000030517578,82772700,-0.009355766137921773,0.8613335655954824,170.0800018310547,169.75449981689454,0.0019174868089579533,Sideways,154.6999969482422,176.64999389648438,0.5740322485340785,0,0,Low,Markdown
2022-02-22,164.97999572753906,166.69000244140625,162.14999389648438,164.32000732421875,91162800,-0.017812287347162448,0.9850994772952134,169.16800231933593,169.8895004272461,-0.004246866969975905,Sideways,157.02000427246094,176.64999389648438,0.37188012788473274,0,0,Low,Markdown
2022-02-23,165.5399932861328,166.14999389648438,159.75,160.07000732421875,90009200,-0.02586416632525068,0.9863777620411812,166.62400512695314,169.90400085449218,-0.01930499406160584,Downtrend,157.82000732421875,176.64999389648438,0.11949026046115124,0,0,Low,Markdown
2022-02-24,152.5800018310547,162.85000610351562,152.0,162.74000549316406,141147500,0.01668019020913314,1.5194163098962312,164.66200561523436,170.05650100708007,-0.03172178281864753,Downtrend,152.0,176.64999389648438,0.4357001278891116,0,0,High,Markdown
2022-02-25,163.83999633789062,165.1199951171875,160.8699951171875,164.85000610351562,91974200,0.012965469700934706,1.0063169573130804,163.856005859375,170.3380012512207,-0.038053724619474844,Downtrend,152.0,176.64999389648438,0.5212985511265508,0,0,Low,Markdown
2022-02-28,163.05999755859375,165.4199981689453,162.42999267578125,165.1199951171875,95056600,0.0016377858882354879,1.09068780790357,163.42000427246094,170.07750091552734,-0.03914389973529176,Downtrend,152.0,176.64999389648438,0.5322514550017271,0,0,Low,Markdown
2022-03-01,164.6999969482422,166.60000610351562,161.97000122070312,163.1999969482422,83474400,-0.011627896231359958,0.9757434683893957,163.1960021972656,169.4985008239746,-0.037183211627660265,Downtrend,152.0,176.64999389648438,0.4543610434662035,0,0,Low,Markdown
2022-03-02,164.38999938964844,167.36000061035156,162.9499969482422,166.55999755859375,79724800,0.02058823941900667,0.9354617208924885,164.49400024414064,169.09600067138672,-0.0272153120651824,Downtrend,152.0,176.64999389648438,0.590669418407861,0,0,Low,Markdown
2022-03-03,168.47000122070312,168.91000366210938,165.5500030517578,166.22999572753906,76678400,-0.001981279033932526,0.9040847786994691,165.19199829101564,168.61550064086913,-0.020303603979714438,Downtrend,152.0,176.64999389648438,0.5772819168757916,0,0,Low,Markdown
2022-03-04,164.49000549316406,165.5500030517578,162.10000610351562,163.1699981689453,83737200,-0.01840821534766368,0.9906299879189734,164.85599670410156,168.12900085449218,-0.019467219419350812,Downtrend,152.0,176.64999389648438,0.4531440541467395,0,0,Low,Markdown
2022-03-07,163.36000061035156,165.02000427246094,159.0399932861328,159.3000030517578,96418800,-0.02371756548762427,1.1313187348925358,163.69199829101564,167.47450103759766,-0.02258554420611686,Downtrend,152.0,176.64999389648438,0.2961462417562282,0,0,Low,Markdown
2022-03-08,158.82000732421875,162.8800048828125,155.8000030517578,157.44000244140625,131148300,-0.011676086470301161,1.491647716580758,162.53999938964844,166.7635009765625,-0.025326294795811784,Downtrend,152.0,176.64999389648438,0.2206898088596327,0,0,Medium,Markdown
2022-03-09,161.47999572753906,163.41000366210938,159.41000366210938,162.9499969482422,91454900,0.034997423916368176,1.030442334094434,161.81799926757813,166.16950073242188,-0.026187124867462,Downtrend,152.0,176.64999389648438,0.4442190531253598,0,0,Low,Markdown
2022-03-10,160.1999969482422,160.38999938964844,155.97999572753906,158.52000427246094,105342000,-0.027186209013482565,1.1645674853713246,160.2760009765625,165.28150100708007,-0.030284696109476577,Downtrend,152.0,175.47999572753906,0.2776833670720731,0,0,Low,Markdown
2022-03-11,158.92999267578125,159.27999877929688,154.5,154.72999572753906,96970100,-0.02390870831928371,1.0684102475168054,158.58800048828124,164.41200103759766,-0.0354232082363902,Downtrend,152.0,173.33999633789062,0.12792859400316617,0,0,Low,Markdown
2022-03-14,151.4499969482422,154.1199951171875,150.10000610351562,150.6199951171875,108732100,-0.026562403695717718,1.1913995173133642,156.85199890136718,163.5110008239746,-0.04072510038499531,Downtrend,150.10000610351562,173.33999633789062,0.022374751814772404,0,1,Low,Markdown
2022-03-15,150.89999389648438,155.57000732421875,150.3800048828125,155.08999633789062,92964300,0.029677342754030223,1.0148595375354028,156.38199768066406,162.8215003967285,-0.03954946183626888,Downtrend,150.10000610351562,173.33999633789062,0.21471567690222815,0,0,Low,Markdown
2022-03-16,157.0500030517578,160.0,154.4600067138672,159.58999633789062,102300200,0.02901541109199557,1.0930470802130443,155.70999755859376,162.1615005493164,-0.039784430761114105,Downtrend,150.10000610351562,173.33999633789062,0.4083474278030486,0,0,Low,Markdown
2022-03-17,158.61000061035156,161.0,157.6300048828125,160.6199951171875,75615400,0.006454030972694147,0.8017438831236111,156.12999572753907,161.56500015258788,-0.03363973892808343,Downtrend,150.10000610351562,171.91000366210938,0.48234709726167324,0,0,Low,Markdown
2022-03-18,160.50999450683594,164.47999572753906,159.75999450683594,163.97999572753906,123511700,0.020918943546848645,1.2731881259807,157.97999572753906,161.31999969482422,-0.02070421506077102,Downtrend,150.10000610351562,170.5399932861328,0.6790605835520005,0,0,Medium,Markdown
2022-03-21,163.50999450683594,166.35000610351562,163.00999450683594,165.3800048828125,95811400,0.008537682593916074,0.9810538346577264,160.93199768066407,161.22399978637696,-0.0018111578059085579,Sideways,150.10000610351562,168.91000366210938,0.8123339055041972,0,0,Low,Markdown
2022-03-22,165.50999450683594,169.4199981689453,164.91000366210938,168.82000732421875,81532000,0.0208005946295855,0.838977703014015,163.6779998779297,161.44899978637696,0.013806218028616224,Uptrend,150.10000610351562,169.4199981689453,0.9689445605000967,0,0,Low,Markdown
2022-03-23,167.99000549316406,172.63999938964844,167.64999389648438,170.2100067138672,98062700,0.008233617636201895,1.0049173599664285,165.802001953125,161.95599975585938,0.023747204197827044,Uptrend,150.10000610351562,172.63999938964844,0.8921919521033644,1,0,Low,Markdown
2022-03-24,171.05999755859375,174.13999938964844,170.2100067138672,174.07000732421875,90131400,0.02267787120671727,0.9484316579738972,168.49200439453125,162.52249984741212,0.036730326894576025,Uptrend,150.10000610351562,174.13999938964844,0.9970885155999581,1,0,Low,Markdown
2022-03-25,173.8800048828125,175.27999877929688,172.75,174.72000122070312,80546200,0.003734094727035453,0.8526958502135995,170.64000549316407,163.0159996032715,0.04676845161485345,Uptrend,150.10000610351562,175.27999877929688,0.9777602175741549,1,0,Low,Markdown
2022-03-28,172.1699981689453,175.72999572753906,172.0,175.60000610351562,90371900,0.005036657947940837,0.9590931035152459,172.6840057373047,163.54000015258788,0.05591296059792814,Uptrend,150.10000610351562,175.72999572753906,0.9949282217460753,1,0,Low,Markdown
2022-03-29,176.69000244140625,179.00999450683594,176.33999633789062,178.9600067138672,100589400,0.019134399166084615,1.0579208549742665,174.71200561523438,164.32800064086913,0.0631907218116709,Uptrend,150.10000610351562,179.00999450683594,0.9982709161874652,1,0,Low,Markdown
2022-03-30,178.5500030517578,179.61000061035156,176.6999969482422,177.77000427246094,92633200,-0.006649544014093012,0.9676751464938318,176.22400512695313,164.8885009765625,0.06874648070214347,Uptrend,150.10000610351562,179.61000061035156,0.9376483673196079,0,0,Low,Markdown
2022-03-31,177.83999633789062,178.02999877929688,174.39999389648438,174.61000061035156,103049300,-0.017775797863323284,1.0618589871568802,176.33200378417968,165.30750122070313,0.06669087901073321,Uptrend,150.10000610351562,179.61000061035156,0.8305658783216053,0,0,Low,Markdown
2022-04-01,174.02999877929688,174.8800048828125,171.94000244140625,174.30999755859375,78751300,-0.0017181321270783867,0.8135731304423915,176.2500030517578,165.86450119018554,0.06261437370292947,Uptrend,150.10000610351562,179.61000061035156,0.8203997276065207,0,0,Low,Markdown
2022-04-04,174.57000732421875,178.49000549316406,174.44000244140625,178.44000244140625,76468400,0.023693448113463633,0.7982145174114511,176.81800231933593,166.82150115966797,0.05992333776028139,Uptrend,150.10000610351562,179.61000061035156,0.9603524775758842,0,0,Low,Markdown
2022-04-05,177.5,178.3000030517578,174.4199981689453,175.05999755859375,73401800,-0.018941968373500706,0.790014334533914,176.03800048828126,167.70250091552734,0.04970408626733929,Uptrend,150.10000610351562,179.61000061035156,0.8458148458582799,0,0,Low,Markdown
2022-04-06,172.36000061035156,173.6300048828125,170.1300048828125,171.8300018310547,89058800,-0.018450792714411857,0.9597662216794561,174.85,168.14650115966796,0.03986701355127542,Uptrend,150.10000610351562,179.61000061035156,0.7363605480341702,0,0,Low,Markdown
2022-04-07,171.16000366210938,173.36000061035156,169.85000610351562,172.13999938964844,77594700,0.0018040944846089424,0.848912609253681,174.3559997558594,168.82750091552734,0.03274643532808216,Uptrend,150.10000610351562,179.61000061035156,0.7468653808467259,0,0,Low,Markdown
2022-04-08,171.77999877929688,171.77999877929688,169.1999969482422,170.08999633789062,76575500,-0.01190892912179875,0.8472138959652469,173.51199951171876,169.59550094604492,0.023093174900434582,Uptrend,150.10000610351562,179.61000061035156,0.6773972875442031,0,0,Low,Markdown
2022-04-11,168.7100067138672,169.02999877929688,165.5,165.75,72246700,-0.025515882364234077,0.8157863045862891,170.9739990234375,170.35200119018555,0.003651250521897527,Sideways,150.3800048828125,179.61000061035156,0.5258295369063858,0,0,Low,Markdown
2022-04-12,168.02000427246094,169.8699951171875,166.63999938964844,167.66000366210938,79265200,0.01152340067637625,0.902013362941768,169.49400024414064,170.9805015563965,-0.008693981469960442,Sideways,154.4600067138672,179.61000061035156,0.5248509006631356,0,0,Low,Markdown
2022-04-13,167.38999938964844,171.0399932861328,166.77000427246094,170.39999389648438,70618900,0.016342539511671417,0.8183732879817832,169.20799865722657,171.52100143432617,-0.013485245292164562,Downtrend,157.6300048828125,179.61000061035156,0.5809823246540565,0,0,Low,Markdown
2022-04-14,170.6199951171875,171.27000427246094,165.0399932861328,165.2899932861328,75329400,-0.02998826756681583,0.8731060168123796,167.83799743652344,171.75450134277344,-0.022802918558936427,Downtrend,159.75999450683594,179.61000061035156,0.2785892734973749,0,0,Low,Markdown
2022-04-18,163.9199981689453,166.60000610351562,163.57000732421875,165.07000732421875,69023900,-0.0013309091345490298,0.8261081380518414,166.83399963378906,171.80900192260742,-0.028956586867662407,Downtrend,163.00999450683594,179.61000061035156,0.12409711204543072,0,0,Low,Markdown
2022-04-19,165.02000427246094,167.82000732421875,163.91000366210938,167.39999389648438,67723800,0.014115141872437453,0.8244047609990295,167.16399841308595,171.910001373291,-0.027607486023453833,Downtrend,163.57000732421875,179.61000061035156,0.238777317667383,0,0,Low,Markdown
2022-04-20,168.75999450683594,168.8800048828125,166.10000610351562,167.22999572753906,67929800,-0.0010155207595194948,0.8338155742551902,167.07799682617187,171.83050079345702,-0.027658092977321504,Downtrend,163.57000732421875,179.61000061035156,0.22817892364609108,0,0,Low,Markdown
2022-04-21,168.91000366210938,171.52999877929688,165.91000366210938,166.4199981689453,87227800,-0.004843614060203949,1.0778595539404898,166.28199768066406,171.64100036621093,-0.031222159473045328,Downtrend,163.57000732421875,179.61000061035156,0.17768030159903425,0,0,Low,Markdown
2022-04-22,166.4600067138672,167.8699951171875,161.5,161.7899932861328,84882400,-0.02782120498590701,1.0522904646187254,165.58199768066407,171.02699966430663,-0.03183709001695671,Downtrend,161.5,179.61000061035156,0.016012881080029018,0,1,Low,Markdown
2022-04-25,161.1199951171875,163.1699981689453,158.4600067138672,162.8800048828125,96046400,0.006737200333224225,1.1793599243020243,165.1439971923828,170.43499984741212,-0.03104410866175526,Downtrend,158.4600067138672,179.61000061035156,0.20898342527087063,0,0,Low,Markdown
2022-04-26,162.25,162.33999633789062,156.72000122070312,156.8000030517578,95623200,-0.03732810442527357,1.1703900253598458,163.0239990234375,169.49499969482423,-0.0381781213784345,Downtrend,156.72000122070312,179.61000061035156,0.003495056058885995,0,1,Low,Markdown
2022-04-27,155.91000366210938,159.7899932861328,155.3800048828125,156.57000732421875,88063200,-0.001466809458308127,1.086185087427877,160.89200134277343,168.3754997253418,-0.0444452927817624,Downtrend,155.3800048828125,179.61000061035156,0.04911277966317303,0,1,Low,Markdown
2022-04-28,159.25,164.52000427246094,158.92999267578125,163.63999938964844,130216800,0.04515546870218534,1.5697307204345399,160.33600158691405,167.66899948120118,-0.04373496541982585,Downtrend,155.3800048828125,178.49000549316406,0.357420782721056,0,0,High,Markdown
2022-04-29,161.83999633789062,166.1999969482422,157.25,157.64999389648438,131747600,-0.036604775821961866,1.5611795646344853,159.50800170898438,166.8209991455078,-0.04383739141943844,Downtrend,155.3800048828125,178.49000549316406,0.09822539825702509,0,0,High,Markdown
2022-05-02,156.7100067138672,158.22999572753906,153.27000427246094,157.9600067138672,123055300,0.0019664626031408172,1.4208801849501034,158.5240020751953,166.00349960327148,-0.04505626415076352,Downtrend,153.27000427246094,178.49000549316406,0.1859636088183938,0,0,Medium,Markdown
2022-05-03,158.14999389648438,160.7100067138672,156.32000732421875,159.47999572753906,88966500,0.009622619328101267,1.0199084866384955,159.06000061035155,165.0554992675781,-0.036324137540591835,Downtrend,153.27000427246094,178.3000030517578,0.24810194797990204,0,0,Low,Markdown
2022-05-04,159.6699981689453,166.47999572753906,159.25999450683594,166.02000427246094,108256500,0.0410083315784322,1.216739486821901,160.95,164.60349960327147,-0.022195758972787184,Downtrend,153.27000427246094,173.6300048828125,0.6262278790658563,0,0,Medium,Markdown
2022-05-05,163.85000610351562,164.0800018310547,154.9499969482422,156.77000427246094,130525300,-0.05571617733980727,1.433620135416245,159.5760009765625,163.8504997253418,-0.026087798059478046,Downtrend,153.27000427246094,173.36000061035156,0.1742160596315712,0,0,Medium,Markdown
2022-05-06,156.00999450683594,159.44000244140625,154.17999267578125,157.27999877929688,116124600,0.0032531383104996703,1.2490217531130732,159.502001953125,163.1074996948242,-0.022105039611576092,Downtrend,153.27000427246094,171.77999877929688,0.2166394217650904,0,0,Medium,Markdown
2022-05-09,154.92999267578125,155.8300018310547,151.49000549316406,152.05999755859375,131577900,-0.03318922470255159,1.3745756486245249,158.3220001220703,162.20599975585938,-0.02394485801779827,Downtrend,151.49000549316406,171.52999877929688,0.028442727364789495,0,1,Medium,Markdown
2022-05-10,155.52000427246094,156.74000549316406,152.92999267578125,154.50999450683594,115366700,0.01611204121779708,1.1786718153597682,157.3279998779297,161.64399948120118,-0.02670064844425864,Downtrend,151.49000549316406,171.52999877929688,0.15069810506182324,0,0,Low,Markdown
2022-05-11,153.5,155.4499969482422,145.80999755859375,146.5,142689800,-0.05184127106082803,1.4120741863986062,153.4239990234375,160.58599929809571,-0.044599157497929864,Downtrend,145.80999755859375,171.52999877929688,0.026827465344396548,0,1,Medium,Markdown
2022-05-12,142.77000427246094,146.1999969482422,138.8000030517578,142.55999755859375,182602000,-0.026894214617107504,1.7121782123583127,150.58199768066407,159.19399948120116,-0.05409752772468071,Downtrend,138.8000030517578,171.52999877929688,0.11487916277582258,0,1,High,Markdown
2022-05-13,144.58999633789062,148.10000610351562,143.11000061035156,147.11000061035156,113990900,0.03191640803646689,1.0498137721143888,148.547998046875,158.2849998474121,-0.06151563199244183,Downtrend,138.8000030517578,171.52999877929688,0.2538954672579351,0,0,Low,Markdown
2022-05-16,145.5500030517578,147.52000427246094,144.17999267578125,145.5399932861328,86643800,-0.010672335787539122,0.7915349307709092,147.2439971923828,157.30849914550782,-0.06397939086441551,Downtrend,138.8000030517578,171.52999877929688,0.20592701234922445,0,0,Low,Markdown
2022-05-17,148.86000061035156,149.77000427246094,146.67999267578125,149.24000549316406,78336300,0.02542264929033622,0.7121893593120475,146.18999938964845,156.4004997253418,-0.06528432040578021,Downtrend,138.8000030517578,171.52999877929688,0.31897353511176957,0,0,Low,Markdown
2022-05-18,146.85000610351562,147.36000061035156,139.89999389648438,140.82000732421875,109742900,-0.056419176219683176,0.9791104097144029,145.0540008544922,155.0800003051758,-0.06465049929683926,Downtrend,138.8000030517578,171.52999877929688,0.06171721772518605,0,0,Low,Markdown
2022-05-19,139.8800048828125,141.66000366210938,136.60000610351562,137.35000610351562,136095600,-0.024641393553644142,1.1883205357726387,144.01200256347656,153.6265007019043,-0.06258359133678137,Downtrend,136.60000610351562,167.8699951171875,0.023984658250825887,0,1,Low,Markdown
2022-05-20,139.08999633789062,140.6999969482422,132.61000061035156,137.58999633789062,137426100,0.0017472895792529641,1.1730293414179027,142.10800170898438,152.4165008544922,-0.06763374757795458,Downtrend,132.61000061035156,166.47999572753906,0.1470326674187189,0,0,Low,Markdown
2022-05-23,137.7899932861328,143.25999450683594,137.64999389648438,143.11000061035156,117726300,0.04011922682885327,0.995665004057676,141.62200317382812,151.42800064086913,-0.06475683113783684,Downtrend,132.61000061035156,166.47999572753906,0.31000890208784593,0,0,Low,Markdown
2022-05-24,140.80999755859375,141.97000122070312,137.3300018310547,140.36000061035156,104132700,-0.019215987619813357,0.8775399585081752,139.84600219726562,150.60600051879882,-0.07144468536756693,Downtrend,132.61000061035156,166.47999572753906,0.22881609439817202,0,0,Low,Markdown
2022-05-25,138.42999267578125,141.7899932861328,138.33999633789062,140.52000427246094,92482700,0.0011399519906925004,0.7779152538730288,139.78600158691407,149.80350036621093,-0.06687092594504129,Downtrend,132.61000061035156,166.47999572753906,0.2335401476953684,0,0,Low,Markdown
2022-05-26,137.38999938964844,144.33999633789062,137.13999938964844,143.77999877929688,90601500,0.02319950475175747,0.7750040524513374,141.0720001220703,148.81050033569335,-0.052002380182622786,Downtrend,132.61000061035156,166.47999572753906,0.32979036844552245,0,0,Low,Markdown
2022-05-27,145.38999938964844,149.67999267578125,145.25999450683594,149.63999938964844,90978500,0.04075671623385313,0.7920396353684697,143.48200073242188,148.41000061035157,-0.033205308656173986,Downtrend,132.61000061035156,166.47999572753906,0.5028048784883029,0,0,Low,Markdown
2022-05-31,149.07000732421875,150.66000366210938,146.83999633789062,148.83999633789062,103718400,-0.005346184543042365,0.9106153025590599,144.62799987792968,147.95400009155273,-0.022479961417501013,Downtrend,132.61000061035156,166.47999572753906,0.47918506251283954,0,0,Low,Markdown
2022-06-01,149.89999389648438,151.74000549316406,147.67999267578125,148.7100067138672,74286600,-0.0008733514325567349,0.656443534722738,146.29800109863282,147.41550064086914,-0.007580610840638448,Sideways,132.61000061035156,166.47999572753906,0.4753471634055712,0,0,Low,Markdown
2022-06-02,147.8300018310547,151.27000427246094,146.86000061035156,151.2100067138672,72348100,0.016811242600575316,0.6496202495047245,148.43600158691407,146.67500076293945,0.01200614157023806,Uptrend,132.61000061035156,164.0800018310547,0.5910392558637483,0,0,Low,Markdown
2022-06-03,146.89999389648438,147.97000122070312,144.4600067138672,145.3800048828125,88570300,-0.03855566147871903,0.8105482749780056,148.7560028076172,146.10550079345703,0.018141014539261372,Uptrend,132.61000061035156,159.44000244140625,0.4759598733116802,0,0,Low,Markdown
2022-06-06,147.02999877929688,148.57000732421875,144.89999389648438,146.13999938964844,71598400,0.005227641225136415,0.6688577853726595,148.05600280761718,145.54850082397462,0.017227947862376896,Uptrend,132.61000061035156,156.74000549316406,0.5607126415848396,0,0,Low,Markdown
2022-06-07,144.35000610351562,149.0,144.10000610351562,148.7100067138672,67808200,0.017585926747997416,0.6528978370223217,148.0300048828125,145.3810012817383,0.018221112646903757,Uptrend,132.61000061035156,156.74000549316406,0.6672193471035498,0,0,Low,Markdown
2022-06-08,148.5800018310547,149.8699951171875,147.4600067138672,147.9600067138672,53950200,-0.005043372780172639,0.5352921148687971,147.8800048828125,145.05350189208986,0.019485934181895002,Uptrend,132.61000061035156,155.4499969482422,0.6720669248992212,0,0,Low,Markdown
2022-06-09,147.0800018310547,147.9499969482422,142.52999877929688,142.63999938964844,69473000,-0.0359557115626985,0.7152901203981956,146.16600341796874,144.86050186157226,0.009012129183730202,Sideways,132.61000061035156,151.74000549316406,0.5243071729850108,0,0,Low,Markdown
2022-06-10,140.27999877929688,140.75999450683594,137.05999755859375,137.1300048828125,91437900,-0.038628677302390724,0.9877978666792269,144.51600341796876,144.5890022277832,-0.0005048711083809466,Sideways,132.61000061035156,151.74000549316406,0.23627826025919993,0,0,Low,Markdown
2022-06-13,132.8699951171875,135.1999969482422,131.44000244140625,131.8800048828125,122207100,-0.03828483784046022,1.314362512601068,141.66400451660155,143.82750244140624,-0.015042310323688426,Downtrend,131.44000244140625,151.74000549316406,0.02167499385514375,0,1,Medium,Markdown
2022-06-14,133.1300048828125,133.88999938964844,131.47999572753906,132.75999450683594,84784300,0.006672653862921818,0.9127853500536764,138.4740020751953,143.1885025024414,-0.03292513256897641,Downtrend,131.44000244140625,151.74000549316406,0.06502422990105843,0,0,Low,Markdown
2022-06-15,134.2899932861328,137.33999633789062,132.16000366210938,135.42999267578125,91533000,0.020111466401181888,0.9784906936323435,135.96799926757814,142.49800186157228,-0.045825222169343975,Downtrend,131.44000244140625,151.74000549316406,0.19655121352454671,0,0,Low,Markdown
2022-06-16,132.0800018310547,132.38999938964844,129.0399932861328,130.05999755859375,108123900,-0.039651446559871295,1.1568490332227954,133.45199890136718,141.96000137329102,-0.05993239215003684,Downtrend,129.0399932861328,151.74000549316406,0.04493408475546964,0,1,Low,Markdown
2022-06-17,130.07000732421875,133.0800018310547,129.80999755859375,131.55999755859375,134520300,0.011533138767930717,1.4404857291626232,132.33799743652344,141.6705009460449,-0.06587471242920041,Downtrend,129.0399932861328,151.74000549316406,0.1110133443752235,0,0,Medium,Markdown
2022-06-21,133.4199981689453,137.05999755859375,133.32000732421875,135.8699951171875,81000500,0.032760699593918474,0.894399706638707,133.13599548339843,141.58450088500976,-0.0596711175926871,Downtrend,129.0399932861328,151.74000549316406,0.30088097613177134,0,0,Low,Markdown
2022-06-22,134.7899932861328,137.75999450683594,133.91000366210938,135.35000610351562,73409200,-0.003827107031419197,0.8309073276388981,133.65399780273438,141.19650115966797,-0.05341848625841211,Downtrend,129.0399932861328,151.74000549316406,0.27797398344254226,0,0,Low,Markdown
2022-06-23,136.82000732421875,138.58999633789062,135.6300048828125,138.27000427246094,72433800,0.021573683319320303,0.8348438126975237,134.2220001220703,141.09200134277344,-0.04869164201599869,Downtrend,129.0399932861328,151.74000549316406,0.4066081948391711,0,0,Low,Markdown
2022-06-24,139.89999389648438,141.91000366210938,139.77000427246094,141.66000366210938,89116800,0.024517243689154977,1.0291217737744673,136.54200134277343,141.14900131225585,-0.03263926720452392,Downtrend,129.0399932861328,151.74000549316406,0.5559472946920953,0,0,Low,Markdown
2022-06-27,142.6999969482422,143.49000549316406,140.97000122070312,141.66000366210938,70207900,0.0,0.8204222899779984,138.56200256347657,141.0430015563965,-0.0175903729043081,Downtrend,129.0399932861328,151.74000549316406,0.5559472946920953,0,0,Low,Markdown
2022-06-28,142.1300048828125,143.4199981689453,137.32000732421875,137.44000244140625,67083400,-0.029789645006425114,0.7950100831868097,138.87600402832032,140.43300170898436,-0.011087120988060665,Downtrend,129.0399932861328,151.74000549316406,0.37004425718641526,0,0,Low,Markdown
2022-06-29,137.4600067138672,140.6699981689453,136.6699981689453,139.22999572753906,66242400,0.013023815878466127,0.8028723462857864,139.652001953125,139.9525016784668,-0.0021471550828879777,Sideways,129.0399932861328,151.74000549316406,0.4488985445677396,0,0,Low,Markdown
2022-06-30,137.25,138.3699951171875,133.77000427246094,136.72000122070312,98964500,-0.01802768500939822,1.181797468517683,139.34200134277344,139.3530014038086,-7.893666389923408e-05,Sideways,129.0399932861328,151.27000427246094,0.3454792685119977,0,0,Low,Markdown
2022-07-01,136.0399932861328,139.0399932861328,135.66000366210938,138.92999267578125,71051600,0.016164360995803317,0.8491292617516156,138.7959991455078,138.7390007019043,0.00041083216193816733,Sideways,129.0399932861328,149.8699951171875,0.47479589631642755,0,0,Low,Markdown
2022-07-05,137.77000427246094,141.61000061035156,136.92999267578125,141.55999755859375,73353800,0.018930432746441683,0.8846866206733859,138.7759979248047,138.54800033569336,0.0016456216514053991,Sideways,129.0399932861328,149.8699951171875,0.6010563212623112,0,0,Low,Markdown
2022-07-06,141.35000610351562,144.1199951171875,141.0800018310547,142.9199981689453,74064300,0.009607238159132114,0.89192933309513,139.8719970703125,138.3870002746582,0.01073075355854963,Uptrend,129.0399932861328,149.8699951171875,0.6663467912959714,0,0,Low,Markdown
2022-07-07,143.2899932861328,146.5500030517578,143.27999877929688,146.35000610351562,66253700,0.02399949607133145,0.7986166441941461,141.2959991455078,138.2690002441406,0.02189210087599131,Uptrend,129.0399932861328,149.8699951171875,0.8310135043567758,0,0,Low,Markdown
2022-07-08,145.25999450683594,147.5500030517578,145.0,147.0399932861328,64547800,0.004714637197412497,0.7731158745562068,143.35999755859376,138.2229995727539,0.03716456741438307,Uptrend,129.0399932861328,147.9499969482422,0.9518771292502296,0,0,Low,Markdown
2022-07-11,145.6699981689453,146.63999938964844,143.77999877929688,144.8699951171875,63141600,-0.014757877230874183,0.7591517001308944,144.547998046875,138.33449935913086,0.04491647937809961,Uptrend,129.0399932861328,147.5500030517578,0.8552130458868064,0,0,Low,Markdown
2022-07-12,145.75999450683594,148.4499969482422,145.0500030517578,145.86000061035156,77588800,0.006833751132270249,0.9406819849824388,145.40799865722656,138.7709991455078,0.0478269923297126,Uptrend,129.0399932861328,148.4499969482422,0.8665638408432347,0,0,Low,Markdown
2022-07-13,142.99000549316406,146.4499969482422,142.1199951171875,145.49000549316406,71185600,-0.0025366455206311533,0.8905952631765952,145.9220001220703,139.45149917602538,0.046399651378988806,Uptrend,129.0399932861328,148.4499969482422,0.847501757000882,0,0,Low,Markdown
2022-07-14,144.0800018310547,148.9499969482422,143.25,148.47000122070312,78140700,0.0204824772494705,0.9816895310922938,146.34599914550782,140.23699951171875,0.04356196763378823,Uptrend,129.0399932861328,148.9499969482422,0.9758917308261204,1,0,Low,Markdown
2022-07-15,149.77999877929688,150.86000061035156,148.1999969482422,150.1699981689453,76259900,0.011450103955445545,0.9673414027673789,146.9720001220703,140.97399978637696,0.04254685505683556,Uptrend,129.0399932861328,150.86000061035156,0.9683775339231718,1,0,Low,Markdown
2022-07-18,150.74000549316406,151.57000732421875,146.6999969482422,147.07000732421875,81420900,-0.020643210245224752,1.0506007306510536,147.41200256347656,141.8245002746582,0.03939729932414766,Uptrend,129.80999755859375,151.57000732421875,0.7931986222217235,0,0,Low,Markdown
2022-07-19,147.9199981689453,151.22999572753906,146.91000366210938,151.0,82982400,0.026721917998667744,1.1075767913715617,148.44000244140625,142.7965003967285,0.03952129099101535,Uptrend,133.32000732421875,151.57000732421875,0.9687667219606164,0,0,Low,Markdown
2022-07-20,151.1199951171875,153.72000122070312,150.3699951171875,153.0399932861328,64823400,0.013509889312137924,0.8746488921571438,149.95,143.65500030517578,0.043820261609072646,Uptrend,133.77000427246094,153.72000122070312,0.9659143840305084,1,0,Low,Markdown
2022-07-21,154.5,155.57000732421875,151.94000244140625,155.35000610351562,65086600,0.015094177461599134,0.8831589187665062,151.3260009765625,144.65500030517578,0.04611662685225577,Uptrend,133.77000427246094,155.57000732421875,0.9899082022979173,1,0,Low,Markdown
2022-07-22,155.38999938964844,156.27999877929688,153.41000366210938,154.08999633789062,66675400,-0.008110780277571505,0.9082657132942127,152.11000061035156,145.44599990844728,0.045817696644108605,Uptrend,133.77000427246094,156.27999877929688,0.9027097745074447,0,0,Low,Markdown
2022-07-25,154.00999450683594,155.0399932861328,152.27999877929688,152.9499969482422,53623900,-0.0073982699509488326,0.7485719606342883,153.28599853515624,146.0104995727539,0.049828601256015244,Uptrend,133.77000427246094,156.27999877929688,0.8520656311113973,0,0,Low,Markdown
2022-07-26,152.25999450683594,153.08999633789062,150.8000030517578,151.60000610351562,55138700,-0.0088263541788981,0.7779000633028632,153.40599975585937,146.50749969482422,0.04708632715324988,Uptrend,133.77000427246094,156.27999877929688,0.7920926780164247,0,0,Low,Markdown
2022-07-27,152.5800018310547,157.3300018310547,152.16000366210938,156.7899932861328,78620700,0.034234742570348864,1.1002313446010181,154.15599975585937,147.47499923706056,0.04530259741218477,Uptrend,133.77000427246094,157.3300018310547,0.9770794312020248,1,0,Low,Markdown
2022-07-28,156.97999572753906,157.63999938964844,154.41000366210938,157.35000610351562,81378700,0.0035717382573059453,1.1268923487661522,154.55599975585938,148.38099975585936,0.041615840371477,Uptrend,133.77000427246094,157.63999938964844,0.9878511376014483,1,0,Low,Markdown
2022-07-29,161.24000549316406,163.6300048828125,159.5,162.50999450683594,101786900,0.03279306134837845,1.4067460912509724,156.23999938964843,149.670499420166,0.04389308510984546,Uptrend,135.66000366210938,163.6300048828125,0.9599567276690878,1,0,Medium,Markup
2022-08-01,161.00999450683594,163.58999633789062,160.88999938964844,161.50999450683594,67829400,-0.00615346768692393,0.939528356194515,157.95199890136718,150.79949951171875,0.047430524721951084,Uptrend,136.92999267578125,163.6300048828125,0.9205988986245379,0,0,Low,Markup
2022-08-02,160.10000610351562,162.41000366210938,159.6300048828125,160.00999450683594,59907000,-0.009287350944318873,0.8375928130350565,159.63399658203124,151.72199935913085,0.052147989456508836,Uptrend,141.0800018310547,163.6300048828125,0.8394674108172958,0,0,Low,Markup
2022-08-03,160.83999633789062,166.58999633789062,160.75,166.1300048828125,82507500,0.038247675683253046,1.1468138569223314,161.5019989013672,152.88249969482422,0.0563798945186581,Uptrend,142.1199951171875,166.58999633789062,0.9812018213268848,1,0,Low,Markup
2022-08-04,166.00999450683594,167.19000244140625,164.42999267578125,165.80999755859375,55474100,-0.0019262464022948844,0.7768828949948183,163.19399719238282,153.85549926757812,0.060696549484809965,Uptrend,142.1199951171875,167.19000244140625,0.9449539497549586,0,0,Low,Markup
2022-08-05,163.2100067138672,165.85000610351562,163.0,165.35000610351562,56697000,-0.0027742082012610636,0.7983979375177607,163.76199951171876,154.77099990844727,0.05809227574022263,Uptrend,142.1199951171875,167.19000244140625,0.9266056721047262,0,0,Low,Markup
2022-08-08,166.3699951171875,167.80999755859375,164.1999969482422,164.8699951171875,60276900,-0.0029029995077690662,0.8505250265538172,164.43399963378906,155.77099990844727,0.05561368759546627,Uptrend,142.1199951171875,167.80999755859375,0.8855584989486939,0,0,Low,Markup
2022-08-09,164.02000427246094,165.82000732421875,163.25,164.9199981689453,63135500,0.0003032877615012364,0.9000384332683845,165.41600036621094,156.72399978637696,0.055460558636083984,Uptrend,142.1199951171875,167.80999755859375,0.8875049001556171,0,0,Low,Markup
2022-08-10,167.67999267578125,169.33999633789062,166.89999389648438,169.24000549316406,70170500,0.026194563256017656,1.001051331797505,166.03800048828126,157.91149978637696,0.05146237425961909,Uptrend,143.25,169.33999633789062,0.9961674642099759,1,0,Low,Markup
2022-08-11,170.05999755859375,170.99000549316406,168.19000244140625,168.49000549316406,57149200,-0.0044315763156265175,0.8276827325296033,166.57400207519532,158.9125,0.0482120794474653,Uptrend,146.6999969482422,170.99000549316406,0.8970770226211939,0,0,Low,Markup
2022-08-12,169.82000732421875,172.1699981689453,169.39999389648438,172.10000610351562,68039400,0.021425606817361276,0.9913048077177344,167.92400207519532,160.0090003967285,0.04946597790650679,Uptrend,146.6999969482422,172.1699981689453,0.9972519802875865,1,0,Low,Markup
2022-08-15,171.52000427246094,173.38999938964844,171.35000610351562,173.19000244140625,54091700,0.006333505515595528,0.8041014574977206,169.58800354003907,161.31500015258788,0.051284774383199005,Uptrend,146.91000366210938,173.38999938964844,0.9924472439384048,1,0,Low,Markup
2022-08-16,172.77999877929688,173.7100067138672,171.66000366210938,173.02999877929688,56377100,-0.0009238620004263787,0.8549824778721337,171.2100036621094,162.41650009155273,0.05414168859444596,Uptrend,150.3699951171875,173.7100067138672,0.9708651415294477,0,0,Low,Markup
2022-08-17,172.77000427246094,176.14999389648438,172.57000732421875,174.5500030517578,79542000,0.00878462857992468,1.1929735415200295,172.27200317382812,163.49200057983398,0.05370294915259062,Uptrend,150.8000030517578,176.14999389648438,0.936883967551436,1,0,Low,Markup
2022-08-18,173.75,174.89999389648438,173.1199951171875,174.14999389648438,62290100,-0.0022916594000563784,0.936192264635533,173.40400085449218,164.43199996948243,0.05456359398824375,Uptrend,150.8000030517578,176.14999389648438,0.9211045079956686,0,0,Low,Markup
2022-08-19,173.02999877929688,173.74000549316406,171.30999755859375,171.52000427246094,70346300,-0.015101864577650947,1.054364767646101,173.28800048828126,165.30350036621093,0.048302063201212234,Uptrend,150.8000030517578,176.14999389648438,0.8173573453188606,0,0,Low,Markup
2022-08-22,169.69000244140625,169.86000061035156,167.13999938964844,167.57000732421875,69026800,-0.023029365962279114,1.0227817679179396,172.16400146484375,166.03450088500978,0.0369170295761546,Uptrend,150.8000030517578,176.14999389648438,0.661538868995273,0,0,Low,Markup
2022-08-23,167.0800018310547,168.7100067138672,166.64999389648438,167.22999572753906,54147100,-0.0020290719210975805,0.8028965730049639,171.00400085449218,166.81600036621094,0.025105508339052136,Uptrend,152.16000366210938,176.14999389648438,0.6281783326379207,0,0,Low,Markup
2022-08-24,167.32000732421875,168.11000061035156,166.25,167.52999877929688,53841500,0.001793954789346408,0.813306680054232,169.6,167.35300064086914,0.01342670493224557,Uptrend,154.41000366210938,176.14999389648438,0.6034959066560356,0,0,Low,Markup
2022-08-25,168.77999877929688,170.13999938964844,168.35000610351562,170.02999877929688,51218200,0.014922700520600518,0.7917151716167092,168.7760009765625,167.98700027465821,0.0046967961843135,Sideways,159.5,176.14999389648438,0.632432590952497,0,0,Low,Markup
2022-08-26,170.57000732421875,171.0500030517578,163.55999755859375,163.6199951171875,78961000,-0.03769925135640162,1.2424743021064126,167.1959991455078,168.0425003051758,-0.005037423021739622,Sideways,159.6300048828125,176.14999389648438,0.24152499321112747,0,0,Medium,Akumulasi
2022-08-29,161.14999389648438,162.89999389648438,159.82000732421875,161.3800048828125,73314000,-0.013690198638440787,1.1486605423258942,165.95799865722657,168.0360008239746,-0.012366410510595512,Downtrend,159.6300048828125,176.14999389648438,0.10593227383817914,0,0,Low,Akumulasi
2022-08-30,162.1300048828125,162.55999755859375,157.72000122070312,158.91000366210938,77906200,-0.015305497248539135,1.2036380347468363,164.29400024414062,167.9810012817383,-0.021948916898130742,Downtrend,157.72000122070312,176.14999389648438,0.06456879621932925,0,1,Medium,Markdown
2022-08-31,160.30999755859375,160.5800018310547,157.13999938964844,157.22000122070312,87991100,-0.010634965719336975,1.353713708437651,162.23200073242188,167.5355010986328,-0.03165597936814961,Downtrend,157.13999938964844,176.14999389648438,0.00420840895171848,0,1,Medium,Markdown
2022-09-01,156.63999938964844,158.4199981689453,154.6699981689453,157.9600067138672,74229900,0.004706815210650195,1.125760236102101,159.81800231933593,167.14300155639648,-0.04382474389505917,Downtrend,154.6699981689453,176.14999389648438,0.15316616384163534,0,0,Low,Markdown
2022-09-02,159.75,160.36000061035156,154.97000122070312,155.80999755859375,76957800,-0.013611098150736467,1.149471143767686,158.2560028076172,166.6660011291504,-0.05046019142810209,Downtrend,154.6699981689453,176.14999389648438,0.05307260783980826,0,0,Low,Markdown
2022-09-06,156.47000122070312,157.08999633789062,153.69000244140625,154.52999877929688,73714800,-0.008215126110989845,1.0900926333553724,156.88600158691406,166.14900131225585,-0.05575116101921768,Downtrend,153.69000244140625,176.14999389648438,0.03739967308405653,0,1,Low,Markdown
2022-09-07,154.82000732421875,156.6699981689453,153.61000061035156,155.9600067138672,87449600,0.00925391798269981,1.2703641429400805,156.29600219726564,165.70100173950195,-0.0567588574812715,Downtrend,153.61000061035156,176.14999389648438,0.10425939678346798,0,0,Medium,Markdown
2022-09-08,154.63999938964844,156.36000061035156,152.67999267578125,154.4600067138672,84923800,-0.009617850316921195,1.220592538678634,155.74400329589844,164.9620018005371,-0.055879526218313984,Downtrend,152.67999267578125,176.14999389648438,0.0758420939712508,0,0,Medium,Markdown
2022-09-09,155.47000122070312,157.82000732421875,154.75,157.3699951171875,68028800,0.01883975318420772,0.9701787767402844,155.6260009765625,164.40600128173827,-0.05340437840909298,Downtrend,152.67999267578125,176.14999389648438,0.1998296632924395,0,0,Low,Markdown
2022-09-12,159.58999633789062,164.25999450683594,159.3000030517578,163.42999267578125,104956000,0.038507960517385253,1.45841719852891,157.15,163.97250061035157,-0.04160759020540829,Downtrend,152.67999267578125,176.14999389648438,0.45803150578949764,0,0,Medium,Markdown
2022-09-13,159.89999389648438,160.5399932861328,153.3699951171875,153.83999633789062,122656600,-0.05867953721882391,1.6268762202158569,157.01199951171876,163.00500030517577,-0.03676574818095763,Downtrend,152.67999267578125,176.14999389648438,0.04942495107695708,0,0,High,Markdown
2022-09-14,154.7899932861328,157.10000610351562,153.61000061035156,155.30999755859375,87965400,0.009555390377639084,1.1428033208896327,156.88199768066406,162.11900024414064,-0.03230344719366635,Downtrend,152.67999267578125,176.14999389648438,0.11205814853100843,0,0,Low,Markdown
2022-09-15,154.64999389648438,155.24000549316406,151.3800048828125,152.3699951171875,90481100,-0.018929898188280392,1.1671922601439713,156.46399536132813,161.0099998474121,-0.028234299052184244,Downtrend,151.3800048828125,174.89999389648438,0.04209144119070511,0,1,Low,Markdown
2022-09-16,151.2100067138672,151.35000610351562,148.3699951171875,150.6999969482422,162278800,-0.010960151095764759,1.9665452169383957,155.12999572753907,159.8375,-0.02945181370117111,Downtrend,148.3699951171875,173.74000549316406,0.09184079141177723,0,1,High,Markdown
2022-09-19,149.30999755859375,154.55999755859375,149.10000610351562,154.47999572753906,81474200,0.025082938658552933,0.9807172661559183,153.33999633789062,158.9854995727539,-0.03550954804076212,Downtrend,148.3699951171875,171.0500030517578,0.26940028539576966,0,0,Low,Markdown
2022-09-20,153.39999389648438,158.0800018310547,153.0800018310547,156.89999389648438,107689800,0.01566544689199456,1.2668004442103,153.95199584960938,158.45199890136718,-0.028399787209746417,Downtrend,148.3699951171875,171.0500030517578,0.37610210736720723,0,0,Medium,Markdown
2022-09-21,157.33999633789062,158.74000549316406,153.60000610351562,153.72000122070312,101696800,-0.02026764053209118,1.1637551084677922,153.63399658203124,157.7764991760254,-0.026255510900723658,Downtrend,148.3699951171875,171.0500030517578,0.23589083914564266,0,0,Low,Markdown
2022-09-22,152.3800048828125,154.47000122070312,150.91000366210938,152.74000549316406,86652500,-0.006375199842290069,0.973324817595318,153.70799865722657,157.03699951171876,-0.021198831261697464,Downtrend,148.3699951171875,171.0500030517578,0.19268116609939603,0,0,Low,Markdown
2022-09-23,151.19000244140625,151.47000122070312,148.55999755859375,150.42999267578125,96029900,-0.015123823060790742,1.0521760086418113,153.65399780273438,156.05699920654297,-0.01539822895497428,Downtrend,148.3699951171875,171.0500030517578,0.09082878474013982,0,0,Low,Markdown
2022-09-26,149.66000366210938,153.77000427246094,149.63999938964844,150.77000427246094,93339400,0.0022602646628622214,1.0147040078837377,152.91199951171876,155.41449966430665,-0.016102102171890356,Downtrend,148.3699951171875,164.25999450683594,0.15103897089114596,0,0,Low,Markdown
2022-09-27,152.74000549316406,154.72000122070312,149.9499969482422,151.75999450683594,84442700,0.0065662280713738586,0.9124673152858458,151.88399963378907,154.93349914550782,-0.019682634992028242,Downtrend,148.3699951171875,164.25999450683594,0.2133416941385698,0,0,Low,Markdown
2022-09-28,147.63999938964844,150.63999938964844,144.83999633789062,149.83999633789062,146691400,-0.012651543479456517,1.528313697119017,151.10799865722657,154.47999877929686,-0.021828069321050508,Downtrend,144.83999633789062,164.25999450683594,0.2574665536269485,0,0,High,Markdown
2022-09-29,146.10000610351562,146.72000122070312,140.67999267578125,142.47999572753906,128138200,-0.049119065604851575,1.3076677564901475,149.05599670410157,153.74299850463868,-0.030485952831183327,Downtrend,140.67999267578125,164.25999450683594,0.0763360013563367,0,1,Medium,Markdown
2022-09-30,141.27999877929688,143.10000610351562,138.0,138.1999969482422,124925300,-0.030039296095161427,1.242733063120989,146.60999755859376,152.75499801635743,-0.04022781930255171,Downtrend,138.0,164.25999450683594,0.007616031609988524,0,1,Medium,Markdown
2022-10-03,138.2100067138672,143.07000732421875,137.69000244140625,142.4499969482422,114311700,0.030752533240588242,1.116408707917018,144.94599609375,152.08699798583984,-0.046953401583708684,Downtrend,137.69000244140625,164.25999450683594,0.17914926339135734,0,0,Low,Markdown
2022-10-04,145.02999877929688,146.22000122070312,144.25999450683594,146.10000610351562,87830100,0.02562309044204225,0.8519079957871195,143.81399841308593,151.66549835205078,-0.05176853024766185,Downtrend,137.69000244140625,164.25999450683594,0.31652262602861897,0,0,Low,Markdown
2022-10-05,144.07000732421875,147.3800048828125,143.00999450683594,146.39999389648438,79471000,0.0020533044519943644,0.7738231587546833,143.1259979248047,151.18749771118163,-0.05332120650463496,Downtrend,137.69000244140625,164.25999450683594,0.32781309959105054,0,0,Low,Markdown
2022-10-06,145.80999755859375,147.5399932861328,145.22000122070312,145.42999267578125,68402200,-0.0066256916744750205,0.6714451936500015,143.71599731445312,150.73599700927736,-0.046571488125641124,Downtrend,137.69000244140625,164.25999450683594,0.2913057036417233,0,0,Low,Markdown
2022-10-07,142.5399932861328,143.10000610351562,139.4499969482422,140.08999633789062,85925600,-0.03671867294799025,0.8361129373670882,144.0939971923828,149.8719970703125,-0.03855289841249621,Downtrend,137.69000244140625,164.25999450683594,0.09032723421874919,0,0,Low,Markdown
2022-10-10,140.4199981689453,141.88999938964844,138.57000732421875,140.4199981689453,74899000,0.0023556416566585803,0.7396330136887753,143.68799743652343,148.72149734497071,-0.03384514006587562,Downtrend,137.69000244140625,160.5399932861328,0.11947469677735581,0,0,Low,Markdown
2022-10-11,139.89999389648438,141.35000610351562,138.22000122070312,138.97999572753906,77033700,-0.01025496695758199,0.7782444303591067,142.2639953613281,147.97849731445314,-0.03861711030205795,Downtrend,137.69000244140625,158.74000549316406,0.061282332499476275,0,0,Low,Markdown
2022-10-12,139.1300048828125,140.36000061035156,138.16000366210938,138.33999633789062,70433700,-0.004604974883602009,0.7179247672103687,140.65199584960936,147.12999725341797,-0.04402910028368206,Downtrend,137.69000244140625,158.74000549316406,0.030878565427575853,0,0,Low,Markdown
2022-10-13,134.99000549316406,143.58999633789062,134.3699951171875,142.99000549316406,113224000,0.0336129050048255,1.1408591911894361,140.16399841308595,146.6609977722168,-0.04429943514513327,Downtrend,134.3699951171875,158.74000549316406,0.35371385744152106,0,0,Low,Markdown
2022-10-14,144.30999755859375,144.52000427246094,138.19000244140625,138.3800048828125,88598000,-0.03224001981433555,0.9271407860531438,139.8220001220703,146.0449981689453,-0.04261014156524705,Downtrend,134.3699951171875,158.74000549316406,0.16454690432048327,0,0,Low,Markdown
2022-10-17,141.07000732421875,142.89999389648438,140.27000427246094,142.41000366210938,85250900,0.02912269574429982,0.8903553806845262,140.22000122070312,145.44149856567384,-0.03590101447292883,Downtrend,134.3699951171875,158.74000549316406,0.32991403864347735,0,0,Low,Markdown
2022-10-18,145.49000549316406,146.6999969482422,140.61000061035156,143.75,99136600,0.009409425626236034,1.0400220264790885,141.17400207519532,144.78399887084962,-0.02493367239341476,Downtrend,134.3699951171875,158.74000549316406,0.38489950304079923,0,0,Low,Markdown
2022-10-19,141.69000244140625,144.9499969482422,141.5,143.86000061035156,61758300,0.0007652216372282528,0.6617572130682217,142.2780029296875,144.29099884033204,-0.013950945844321636,Downtrend,134.3699951171875,154.72000122070312,0.4663391964056752,0,0,Low,Markdown
2022-10-20,143.02000427246094,145.88999938964844,142.64999389648438,143.38999938964844,64522000,-0.003267073673773546,0.6996667739665446,142.35800170898438,143.82349853515626,-0.010189550672164047,Downtrend,134.3699951171875,154.72000122070312,0.44324332025151875,0,0,Low,Markdown
2022-10-21,142.8699951171875,147.85000610351562,142.64999389648438,147.27000427246094,86548600,0.027059103837980825,0.9433694497260424,144.13600158691406,143.66549911499024,0.0032749858165127804,Sideways,134.3699951171875,154.72000122070312,0.633906893671391,0,0,Low,Markdown
2022-10-24,147.19000244140625,150.22999572753906,146.0,149.4499969482422,75981900,0.014802693097965003,0.836102988190148,145.54400024414062,143.5994987487793,0.01354114403117199,Uptrend,134.3699951171875,154.72000122070312,0.7410318087545683,0,0,Low,Markdown
2022-10-25,150.08999633789062,152.49000549316406,149.36000061035156,152.33999633789062,74732300,0.019337567404898115,0.8267695607043754,147.26199951171876,143.62849884033204,0.025297908846251875,Uptrend,134.3699951171875,152.49000549316406,0.9917213537872849,0,0,Low,Markdown
2022-10-26,150.9600067138672,151.99000549316406,148.0399932861328,149.35000610351562,88194300,-0.019627086164182295,1.00832816274508,148.36000061035156,143.60399932861327,0.03311886370834975,Uptrend,134.3699951171875,152.49000549316406,0.8267109496906561,0,0,Low,Markdown
2022-10-27,148.07000732421875,149.0500030517578,144.1300048828125,144.8000030517578,109180200,-0.03046536903791064,1.2619366820557625,148.64200134277343,143.71999969482422,0.03424715876983443,Uptrend,134.3699951171875,152.49000549316406,0.5756071723004296,0,0,Medium,Markdown
2022-10-28,148.1999969482422,157.5,147.82000732421875,155.74000549316406,164762400,0.07555250145606562,1.8615153741406674,150.33600158691405,144.5970001220703,0.039689630213620014,Uptrend,134.3699951171875,157.5,0.9239085976958112,1,0,High,Markup
2022-10-31,153.16000366210938,154.24000549316406,151.9199981689453,153.33999633789062,97943200,-0.015410357458724877,1.1169077013253295,151.11400146484374,145.14150009155273,0.041149508373026736,Uptrend,134.3699951171875,157.5,0.8201468748845531,0,0,Low,Markup
2022-11-01,155.0800018310547,155.4499969482422,149.1300048828125,150.64999389648438,80379300,-0.0175427318745901,0.9205262185053722,150.7760009765625,145.36899948120117,0.0371950107289591,Uptrend,134.3699951171875,157.5,0.703847615328186,0,0,Low,Markup
2022-11-02,148.9499969482422,152.1699981689453,145.0,145.02999877929688,93604600,-0.03730498071609045,1.0633800144821606,149.91199951171876,145.3004997253418,0.03173767327086944,Uptrend,134.3699951171875,157.5,0.4608733857220513,0,0,Low,Markup
2022-11-03,142.05999755859375,142.8000030517578,138.75,138.8800048828125,97918500,-0.04240497792352105,1.0940448890410654,148.72799987792968,144.97300033569337,0.025901371521189372,Uptrend,134.3699951171875,157.5,0.19498524918065663,0,0,Low,Markup
2022-11-04,142.08999633789062,142.6699981689453,134.3800048828125,138.3800048828125,140814800,-0.003600230288167805,1.5265169482214451,145.25599975585936,144.88750076293945,0.002543345636990712,Sideways,134.3699951171875,157.5,0.17336830605707168,0,0,High,Akumulasi
2022-11-07,137.11000061035156,139.14999389648438,135.6699981689453,138.9199981689453,83374600,0.003902249364639898,0.8996974681933163,142.37200012207032,144.81250076293946,-0.0168528312680981,Downtrend,134.3699951171875,157.5,0.19671431436397316,0,0,Low,Akumulasi
2022-11-08,140.41000366210938,141.42999267578125,137.49000549316406,139.5,89908500,0.004175078021159573,0.963511806753022,140.14200134277343,144.8385009765625,-0.032425768025236966,Downtrend,134.3699951171875,157.5,0.22179004755094178,0,0,Low,Akumulasi
2022-11-09,138.5,138.5500030517578,134.58999633789062,134.8699951171875,74917800,-0.03318999915994625,0.800938318454815,138.11000061035156,144.66500091552734,-0.04531158375344269,Downtrend,134.3699951171875,157.5,0.02161694312358495,0,0,Low,Akumulasi
2022-11-10,141.24000549316406,146.8699951171875,139.5,146.8699951171875,118854000,0.08897457132383879,1.2668430629859355,139.70799865722657,144.8590003967285,-0.035558727627519,Downtrend,134.3800048828125,157.5,0.5402246051985491,0,0,Medium,Akumulasi
2022-11-11,145.82000732421875,150.00999450683594,144.3699951171875,149.6999969482422,93979700,0.019268754171310798,0.9988476229067165,141.9719970703125,145.425,-0.023744218185920575,Downtrend,134.3800048828125,157.5,0.6626295545383027,0,0,Low,Akumulasi
2022-11-14,148.97000122070312,150.27999877929688,147.42999267578125,148.27999877929688,73374100,-0.009485625904429806,0.7847977018060516,143.8439971923828,145.71849975585937,-0.012863861257267673,Downtrend,134.3800048828125,157.5,0.6012109356437996,0,0,Low,Akumulasi
2022-11-15,152.22000122070312,153.58999633789062,148.55999755859375,150.0399932861328,89868300,0.011869399253607638,0.9660051550630452,145.95199584960938,146.03299942016602,-0.0005546936026670445,Sideways,134.3800048828125,157.5,0.6773352816012757,0,0,Low,Akumulasi
2022-11-16,149.1300048828125,149.8699951171875,147.2899932861328,148.7899932861328,64218300,-0.00833111207633952,0.6893787665504396,148.73599548339843,146.27949905395508,0.016793169550965385,Uptrend,134.3800048828125,157.5,0.6232695262382589,0,0,Low,Akumulasi
2022-11-17,146.42999267578125,151.47999572753906,146.14999389648438,150.72000122070312,80389400,0.01297135574741759,0.8556866598742018,149.50599670410156,146.6459991455078,0.01950273157985007,Uptrend,134.3800048828125,157.5,0.7067473957095867,0,0,Low,Akumulasi
2022-11-18,152.30999755859375,152.6999969482422,149.97000122070312,151.2899932861328,74829600,0.003781794458686649,0.8015056347229136,149.8239959716797,146.8469985961914,0.0202727832638555,Uptrend,134.3800048828125,157.5,0.7314010369642923,0,0,Low,Akumulasi
2022-11-21,150.16000366210938,150.3699951171875,147.72000122070312,148.00999450683594,58724100,-0.02168020969565021,0.634866116603098,149.7699951171875,146.7749984741211,0.020405359728853743,Uptrend,134.3800048828125,157.5,0.5895325476903257,0,0,Low,Akumulasi
2022-11-22,148.1300048828125,150.4199981689453,146.92999267578125,150.17999267578125,51804100,0.014661159715434469,0.5670823372320625,149.7979949951172,146.66699829101563,0.0213476565320377,Uptrend,134.3800048828125,157.5,0.6833906198026388,0,0,Low,Akumulasi
2022-11-23,149.4499969482422,151.8300018310547,149.33999633789062,151.07000732421875,58301400,0.0059263196953200925,0.6488217518556775,150.25399780273438,146.75299835205078,0.023856408318724272,Uptrend,134.3800048828125,157.5,0.7218860712041775,0,0,Low,Akumulasi
2022-11-25,148.30999755859375,148.8800048828125,147.1199951171875,148.11000061035156,35195900,-0.01959360938875554,0.408503527177296,149.73199768066405,146.91849822998046,0.01915006949144996,Uptrend,134.3800048828125,157.5,0.5938580721123131,0,0,Low,Akumulasi
2022-11-28,145.13999938964844,146.63999938964844,143.3800048828125,144.22000122070312,69246000,-0.02626425881856731,0.8508728739697853,148.31799926757813,146.3424980163574,0.013499163113915883,Uptrend,134.3800048828125,155.4499969482422,0.46701471492414415,0,0,Low,Akumulasi
2022-11-29,144.2899932861328,144.80999755859375,140.35000610351562,141.1699981689453,83763800,-0.021148266717113118,1.0383083184605968,146.95,145.73399810791017,0.00834398224077693,Sideways,134.3800048828125,155.4499969482422,0.3222589389235416,0,0,Low,Akumulasi
2022-11-30,141.39999389648438,148.72000122070312,140.5500030517578,148.02999877929688,111380900,0.04859389884061516,1.3546128341535781,146.52000122070314,145.60299835205078,0.006297966930839958,Sideways,134.3800048828125,153.58999633789062,0.7105674111518683,0,0,Medium,Distribusi
2022-12-01,148.2100067138672,149.1300048828125,146.61000061035156,148.30999755859375,71250400,0.0018915002472865705,0.8784880867204048,145.96799926757814,145.76699829101562,0.0013789196383204943,Sideways,134.3800048828125,153.58999633789062,0.725143095891325,0,0,Low,Distribusi
2022-12-02,145.9600067138672,148.0,145.64999389648438,147.80999755859375,65447400,-0.0033713168918532155,0.8234225657318929,145.90799865722656,146.2134979248047,-0.002089405368957492,Sideways,134.3800048828125,153.58999633789062,0.6991149739544031,0,0,Low,Distribusi
2022-12-05,147.77000427246094,150.9199981689453,145.77000427246094,146.6300048828125,68826400,-0.00798317228381984,0.9070100069534921,146.38999938964844,146.6259979248047,-0.0016095272222957663,Sideways,134.58999633789062,153.58999633789062,0.633684660259046,0,0,Low,Distribusi
2022-12-06,147.07000732421875,147.3000030517578,141.9199981689453,142.91000366210938,64727200,-0.025369986338581674,0.8636008643853835,146.73800048828124,146.82549819946288,-0.0005959299457834954,Sideways,134.58999633789062,153.58999633789062,0.43789512232730265,0,0,Low,Distribusi
2022-12-07,142.19000244140625,143.3699951171875,140.0,140.94000244140625,69721100,-0.013784907775671984,0.9429288853903034,145.32000122070312,146.8974983215332,-0.010738760828841376,Downtrend,134.58999633789062,153.58999633789062,0.3342108475534539,0,0,Low,Distribusi
2022-12-08,142.36000061035156,143.52000427246094,141.10000610351562,142.64999389648438,62128300,0.012132761639400691,0.8475717829589345,144.18800048828126,147.28649826049804,-0.02103721528321368,Downtrend,139.5,153.58999633789062,0.22356243542898976,0,0,Low,Distribusi
2022-12-09,142.33999633789062,145.57000732421875,140.89999389648438,142.16000366210938,76097000,-0.0034349124103753015,1.0693237153170994,143.05800170898436,147.05099868774414,-0.027153824281321053,Downtrend,140.0,153.58999633789062,0.15894070965177615,0,0,Low,Distribusi
2022-12-12,142.6999969482422,144.5,141.05999755859375,144.49000549316406,70462700,0.01638999557563814,1.006785180621428,142.6300018310547,146.79049911499024,-0.028343096515234013,Downtrend,140.0,153.58999633789062,0.3303904858785988,0,0,Low,Distribusi
2022-12-13,149.5,149.97000122070312,144.24000549316406,145.47000122070312,93886200,0.006782446468835079,1.32209085817224,143.14200134277343,146.64999923706054,-0.023920885867966608,Downtrend,140.0,153.58999633789062,0.40250203787414357,0,0,Medium,Distribusi
2022-12-14,145.35000610351562,146.66000366210938,141.16000366210938,143.2100067138672,82291200,-0.015535811424151502,1.1650272663937786,143.59600219726562,146.30849990844726,-0.018539577077743192,Downtrend,140.0,152.6999969482422,0.2527564948991178,0,0,Low,Distribusi
2022-12-15,141.11000061035156,141.8000030517578,136.02999877929688,136.5,98931900,-0.04685431463789913,1.3670244333825017,142.36600341796876,145.69400024414062,-0.022842373883585582,Downtrend,136.02999877929688,152.6999969482422,0.028194437452230464,0,1,Medium,Markdown
2022-12-16,136.69000244140625,137.64999389648438,133.72999572753906,134.50999450683594,160156900,-0.014578794821714758,2.0974303819640543,140.83600158691405,144.88349990844728,-0.027936226858757993,Downtrend,133.72999572753906,152.6999969482422,0.04111748703767159,0,1,High,Markdown
2022-12-19,135.11000061035156,135.1999969482422,131.32000732421875,132.3699951171875,79592600,-0.01590959391154889,1.0391116336164283,138.41199951171876,143.9375,-0.0383881927105948,Downtrend,131.32000732421875,151.8300018310547,0.051193957785741546,0,1,Low,Markdown
2022-12-20,131.38999938964844,133.25,129.88999938964844,132.3000030517578,77432800,-0.0005287608069164396,0.998717823211798,135.7779998779297,143.1520004272461,-0.05151168357625629,Downtrend,129.88999938964844,151.8300018310547,0.10984518659674794,0,0,Low,Markdown
2022-12-21,132.97999572753906,136.80999755859375,132.75,135.4499969482422,85928000,0.023809477126406797,1.0844236453270355,134.2259979248047,142.41550064086914,-0.057504293277148386,Downtrend,129.88999938964844,151.8300018310547,0.2534182743799814,0,0,Low,Markdown
2022-12-22,134.35000610351562,134.55999755859375,130.3000030517578,132.22999572753906,77852100,-0.02377261936693542,0.9705315427332772,133.3719970703125,141.47350006103517,-0.05726516264337484,Downtrend,129.88999938964844,150.9199981689453,0.11126944715727945,0,0,Low,Markdown
2022-12-23,130.9199981689453,132.4199981689453,129.63999938964844,131.86000061035156,63814900,-0.0027981178941416385,0.7815962126665205,132.8419982910156,140.66100006103517,-0.05558755992511612,Downtrend,129.63999938964844,150.9199981689453,0.10432337161893754,0,0,Low,Markdown
2022-12-27,131.3800048828125,131.41000366210938,128.72000122070312,130.02999877929688,69007800,-0.01387836965405731,0.8453214541119506,132.3739990234375,139.95149993896484,-0.054143763509730235,Downtrend,128.72000122070312,150.9199981689453,0.05900890714750646,0,0,Low,Markdown
2022-12-28,129.6699981689453,131.02999877929688,125.87000274658203,126.04000091552734,85438400,-0.03068521034551308,1.0455182173091082,131.12199859619142,139.19500007629395,-0.057997783510023014,Downtrend,125.87000274658203,150.9199981689453,0.006786355289851564,0,1,Low,Markdown
2022-12-29,127.98999786376953,130.47999572753906,127.7300033569336,129.61000061035156,75703700,0.02832433885189234,0.9470675181100608,129.9539993286133,138.27400016784668,-0.06017039233069114,Downtrend,125.87000274658203,150.9199981689453,0.14930133921025246,0,0,Low,Markdown
2022-12-30,128.41000366210938,129.9499969482422,127.43000030517578,129.92999267578125,77034200,0.00246888406699175,0.960238352493841,129.4939987182617,137.35499992370606,-0.05723127086608243,Downtrend,125.87000274658203,150.9199981689453,0.16207547589308857,0,0,Low,Markdown
2023-01-03,130.27999877929688,130.89999389648438,124.16999816894531,125.06999969482422,112117500,-0.03740470449409117,1.3580527376389402,128.13599853515626,136.21800003051757,-0.05933137686319474,Downtrend,124.16999816894531,150.9199981689453,0.033644916855286214,0,1,Medium,Markdown
2023-01-04,126.88999938964844,128.66000366210938,125.08000183105469,126.36000061035156,89113600,0.010314231379827232,1.0663105023153414,127.4019989013672,135.20449981689453,-0.057708884882486496,Downtrend,124.16999816894531,149.97000122070312,0.08488380551788502,0,0,Low,Markdown
2023-01-05,127.12999725341797,127.7699966430664,124.76000213623047,125.0199966430664,80962700,-0.010604653061194957,0.9594592224468049,127.197998046875,134.30999946594238,-0.05295213645556455,Downtrend,124.16999816894531,149.97000122070312,0.03294567339453014,0,0,Low,Markdown
2023-01-06,126.01000213623047,130.2899932861328,124.88999938964844,129.6199951171875,87754700,0.036794101724815675,1.0289538556207067,127.19999694824219,133.74399909973144,-0.04892931417886989,Downtrend,124.16999816894531,149.97000122070312,0.2112401668057503,0,0,Low,Markdown
2023-01-09,130.47000122070312,133.41000366210938,129.88999938964844,130.14999389648438,70790800,0.004088865910060413,0.8258522067906356,127.2439971923828,133.11899909973144,-0.0441334591386699,Downtrend,124.16999816894531,149.97000122070312,0.23178275272070684,0,0,Low,Markdown
2023-01-10,130.25999450683594,131.25999450683594,128.1199951171875,130.72999572753906,63896200,0.004456410743407302,0.7507621599713166,128.3759963989258,132.54749870300293,-0.031471754238261075,Downtrend,124.16999816894531,149.97000122070312,0.2542634411877251,0,0,Low,Markdown
2023-01-11,131.25,133.50999450683594,130.4600067138672,133.49000549316406,69458900,0.02111229140844828,0.8166038675493636,129.80199737548827,131.99749870300292,-0.016632900994999696,Downtrend,124.16999816894531,149.97000122070312,0.36124055123256105,0,0,Low,Markdown
2023-01-12,133.8800048828125,134.25999450683594,131.44000244140625,133.41000366210938,71379600,-0.0005993095195339082,0.8504362263080907,131.47999877929686,131.39449882507324,0.00065071182574735,Sideways,124.16999816894531,146.66000366210938,0.4108494102401444,0,0,Low,Markdown
2023-01-13,132.02999877929688,134.9199981689453,131.66000366210938,134.75999450683594,57809700,0.010119112567793076,0.6989542231574977,132.50799865722655,130.97199821472168,0.011727701061616849,Uptrend,124.16999816894531,141.8000030517578,0.600680283884369,0,0,Low,Markdown
2023-01-17,134.8300018310547,137.2899932861328,134.1300048828125,135.94000244140625,63646600,0.008756366745847899,0.7862984287336824,133.66600036621094,130.943998336792,0.02078752798137317,Uptrend,124.16999816894531,137.64999389648438,0.8731459942836121,0,0,Low,Markdown
2023-01-18,136.82000732421875,138.61000061035156,135.02999877929688,135.2100067138672,69672800,-0.005369984658148752,0.9117044432388324,134.56200256347657,130.97899894714357,0.027355558105761058,Uptrend,124.16999816894531,138.61000061035156,0.7645433987784517,0,0,Low,Markdown
2023-01-19,134.0800018310547,136.25,133.77000427246094,135.27000427246094,58280400,0.00044373608175840573,0.7734135476758803,134.91800231933593,131.12399940490724,0.02893446609047451,Uptrend,124.16999816894531,138.61000061035156,0.7686983536572479,0,0,Low,Markdown
2023-01-20,135.27999877929688,138.02000427246094,134.22000122070312,137.8699951171875,80223600,0.01922074933545259,1.06264432379076,135.81000061035155,131.40249900817872,0.033541992240942835,Uptrend,124.16999816894531,138.61000061035156,0.9487530908552951,0,0,Low,Markdown
2023-01-23,138.1199951171875,143.32000732421875,137.89999389648438,141.11000061035156,81760300,0.02350043960188808,1.0859971501977295,137.0800018310547,131.68549919128418,0.040965046819122754,Uptrend,124.16999816894531,143.32000732421875,0.8845950048405796,1,0,Low,Markdown
2023-01-24,140.30999755859375,143.16000366210938,140.3000030517578,142.52999877929688,66435100,0.010063058343160014,0.8891793255912545,138.39800109863282,132.20049934387208,0.046879563886064936,Uptrend,124.16999816894531,143.32000732421875,0.958746309805062,0,0,Low,Markdown
2023-01-25,140.88999938964844,142.42999267578125,138.80999755859375,141.86000061035156,65799300,-0.00470075194473818,0.8795017048546672,139.72799987792968,132.70049934387208,0.052957604295421325,Uptrend,124.16999816894531,143.32000732421875,0.9237594769783628,0,0,Low,Markdown
2023-01-26,143.1699981689453,144.25,141.89999389648438,143.9600067138672,54105100,0.014803370185255682,0.7304673092012924,141.46600036621095,133.3969997406006,0.060488621492995116,Uptrend,124.16999816894531,144.25,0.9855581045971658,1,0,Low,Markdown
2023-01-27,143.16000366210938,147.22999572753906,143.0800018310547,145.92999267578125,70555800,0.013684258613779976,0.9622334965290843,143.0779998779297,134.3914993286133,0.06463578866752745,Uptrend,124.16999816894531,147.22999572753906,0.9436251869301113,1,0,Low,Markdown
2023-01-30,144.9600067138672,145.5500030517578,142.85000610351562,143.0,64015300,-0.020078070464177533,0.8800489850167602,143.45599975585938,135.0609992980957,0.062157103097059914,Uptrend,124.16999816894531,147.22999572753906,0.8165656472082897,0,0,Low,Markdown
2023-01-31,142.6999969482422,144.33999633789062,142.27999877929688,144.2899932861328,65874500,0.009020932070858745,0.9126088168724814,143.80799865722656,135.77899932861328,0.05913285094391837,Uptrend,124.16999816894531,147.22999572753906,0.872506385400262,0,0,Low,Markdown
2023-02-01,143.97000122070312,146.61000061035156,141.32000732421875,145.42999267578125,77663600,0.007900751560697472,1.1022378251014442,144.5219970703125,136.79699897766113,0.05647052311368942,Uptrend,124.76000213623047,147.22999572753906,0.9198930322590722,0,0,Low,Markdown
2023-02-02,148.89999389648438,151.17999267578125,148.1699981689453,150.82000732421875,118339000,0.03706260688917107,1.6453980189429542,145.8939971923828,138.0199993133545,0.057049687858290246,Uptrend,124.76000213623047,151.17999267578125,0.9863745086878967,1,0,High,Markup
2023-02-03,148.02999877929688,157.3800048828125,147.8300018310547,154.5,154357300,0.024399897209064214,2.0420082144775833,147.60799865722657,139.49399948120117,0.05816737068406215,Uptrend,124.88999938964844,157.3800048828125,0.9113572054206498,1,0,High,Markup
2023-02-06,152.57000732421875,153.10000610351562,150.77999877929688,151.72999572753906,69858300,-0.01792883024246561,0.9352334412059744,149.35399780273437,140.59949951171876,0.062265501096509475,Uptrend,128.1199951171875,157.3800048828125,0.8069033742459262,0,0,Low,Markup
2023-02-07,150.63999938964844,155.22999572753906,150.63999938964844,154.64999389648438,83322600,0.019244699473851767,1.106208354188047,151.42599792480468,141.82449951171876,0.06769985754324881,Uptrend,128.1199951171875,157.3800048828125,0.9066982202604944,0,0,Low,Markup
2023-02-08,153.8800048828125,154.5800018310547,151.1699981689453,151.9199981689453,64120100,-0.017652737376545935,0.8511454239821266,152.7239990234375,142.88399963378907,0.06886704889888505,Uptrend,130.4600067138672,157.3800048828125,0.7971765570115897,0,0,Low,Markup
2023-02-09,153.77999877929688,154.3300018310547,150.4199981689453,150.8699951171875,56007100,-0.006911552556695955,0.7501489560087384,152.73399658203124,143.75299911499025,0.062475200672905296,Uptrend,131.44000244140625,157.3800048828125,0.749035884621448,0,0,Low,Markup
2023-02-10,149.4600067138672,151.33999633789062,149.22000122070312,151.00999450683594,57450700,0.0009279472007650558,0.7767296524322496,152.03599548339844,144.63299865722655,0.05118470124315574,Uptrend,131.66000366210938,157.3800048828125,0.7523324232640756,0,0,Low,Markup
2023-02-13,150.9499969482422,154.25999450683594,150.9199981689453,153.85000610351562,62199000,0.01880677902118011,0.8384385785002425,152.45999755859376,145.58749923706054,0.04720527763405501,Uptrend,133.77000427246094,157.3800048828125,0.8504871373129409,0,0,Low,Markup
2023-02-14,152.1199951171875,153.77000427246094,150.86000061035156,153.1999969482422,61707600,-0.004224953717818392,0.8329030418475483,152.1699981689453,146.45049896240235,0.03905414626147028,Uptrend,133.77000427246094,157.3800048828125,0.8229560429262492,0,0,Low,Markup
2023-02-15,153.11000061035156,155.5,152.8800048828125,155.3300018310547,65573800,0.013903426404976438,0.8875426057008822,152.85199890136718,147.4564987182617,0.03659045365924767,Uptrend,133.77000427246094,157.3800048828125,0.9131722575704209,0,0,Low,Markup
2023-02-16,153.50999450683594,156.3300018310547,153.35000610351562,153.7100067138672,68167900,-0.010429376798369527,0.9165210119284508,153.4200012207031,148.37849884033204,0.03397731086224399,Uptrend,134.22000122070312,157.3800048828125,0.8415372371054688,0,0,Low,Markup
2023-02-17,152.35000610351562,153.0,150.85000610351562,152.5500030517578,59144100,-0.007546702305912589,0.8066260403905605,153.7280029296875,149.11249923706055,0.03095316433057154,Uptrend,137.89999389648438,157.3800048828125,0.7520534339305772,0,0,Low,Markup
2023-02-21,150.1999969482422,151.3000030517578,148.41000366210938,148.47999572753906,58867200,-0.026679824600448265,0.815581774932781,152.65400085449218,149.48099899291992,0.021226790581741744,Uptrend,138.80999755859375,157.3800048828125,0.5207320600425307,0,0,Low,Markup
2023-02-22,148.8699951171875,149.9499969482422,147.16000366210938,148.91000366210938,51011300,0.0028960664530148783,0.7143741410153461,151.79600219726564,149.79999923706055,0.01332445240567984,Uptrend,138.80999755859375,157.3800048828125,0.5438881055444353,0,0,Low,Markup
2023-02-23,150.08999633789062,150.33999633789062,147.24000549316406,149.39999389648438,48394200,0.0032905125399556034,0.6860851563494053,150.61000061035156,150.1769989013672,0.00288327581555115,Sideways,141.32000732421875,157.3800048828125,0.5031125654151798,0,0,Low,Markup
2023-02-24,147.11000061035156,147.19000244140625,145.72000122070312,146.7100067138672,55469600,-0.018005269695533066,0.7856333019143842,149.21000061035156,150.3144989013672,-0.007347915863661138,Sideways,141.32000732421875,157.3800048828125,0.335616451371391,0,0,Low,Markup
2023-02-27,147.7100067138672,149.1699981689453,147.4499969482422,147.9199981689453,44998500,0.008247504598905886,0.6490753217158921,148.28399963378905,150.41399917602538,-0.014160912906408755,Downtrend,141.32000732421875,157.3800048828125,0.41095839651575095,0,0,Low,Markup
2023-02-28,147.0500030517578,149.0800018310547,146.8300018310547,147.41000366210938,50547000,-0.003447772533457294,0.7362607126465344,148.07000122070312,150.63449935913087,-0.017024640101293644,Downtrend,141.32000732421875,157.3800048828125,0.37920281841088144,0,0,Low,Markup
2023-03-01,146.8300018310547,147.22999572753906,145.00999450683594,145.30999755859375,55479000,-0.014246021649447993,0.8142643246801023,147.35,150.6854995727539,-0.022135504625270683,Downtrend,141.32000732421875,157.3800048828125,0.24844276718086702,0,0,Low,Markup
2023-03-02,144.3800048828125,146.7100067138672,143.89999389648438,145.91000366210938,52238100,0.0041291453691869595,0.7812750981041425,146.652001953125,150.70950012207032,-0.026922643666516536,Downtrend,143.89999389648438,157.3800048828125,0.1491103952113703,0,0,Low,Markup
2023-03-03,148.0399932861328,151.11000061035156,147.3300018310547,151.02999877929688,70732300,0.035090089703815774,1.0969260782244301,147.51600036621093,150.71999969482422,-0.021257957371952668,Downtrend,143.89999389648438,157.3800048828125,0.5289316818839382,0,0,Low,Markup
2023-03-06,153.7899932861328,156.3000030517578,153.4600067138672,153.8300018310547,87558000,0.01853938339660255,1.4320359449886757,148.6980010986328,150.68649978637694,-0.013196263039908463,Downtrend,143.89999389648438,156.3300018310547,0.7988738210659541,0,0,Medium,Markup
2023-03-07,153.6999969482422,154.02999877929688,151.1300048828125,151.60000610351562,56182000,-0.014496494188358522,0.9292654523958209,149.53600158691407,150.68000030517578,-0.0075922399518499155,Sideways,143.89999389648438,156.3300018310547,0.6194696131782822,0,0,Low,Markup
2023-03-08,152.80999755859375,153.47000122070312,151.8300018310547,152.8699951171875,47204800,0.00837723590066819,0.8048200408455787,151.04800109863282,150.59100036621095,0.003034714765892578,Sideways,143.89999389648438,156.3300018310547,0.721640828221499,0,0,Low,Markup
2023-03-09,153.55999755859375,154.5399932861328,150.22999572753906,150.58999633789062,53833600,-0.014914625839747453,0.9259577466072704,151.98399963378907,150.5245002746582,0.009696091709108803,Sideways,143.89999389648438,156.3300018310547,0.5382138512397912,0,0,Low,Markup
2023-03-10,150.2100067138672,150.94000244140625,147.61000061035156,148.5,68572400,-0.0138787196275717,1.1668609807057773,151.47799987792968,150.40600051879883,0.007127370952177244,Sideways,143.89999389648438,156.3300018310547,0.37007266026935487,0,0,Low,Markup
2023-03-13,147.80999755859375,153.13999938964844,147.6999969482422,150.47000122070312,84457100,0.013266001486216261,1.4048817407757805,150.80599975585938,150.37900085449218,0.0028394848944392585,Sideways,143.89999389648438,156.3300018310547,0.5285601874755251,0,0,Medium,Markup
2023-03-14,151.27999877929688,153.39999389648438,150.10000610351562,152.58999633789062,73695900,0.01408915464869298,1.2142661305364224,151.00399780273438,150.31600036621094,0.004577007336858895,Sideways,143.89999389648438,156.3300018310547,0.699114794387028,0,0,Medium,Distribusi
2023-03-15,151.19000244140625,153.25,149.9199981689453,152.99000549316406,77167900,0.0026214638237991306,1.2554825136722707,151.0279998779297,150.30550079345704,0.004806870544714595,Sideways,143.89999389648438,156.3300018310547,0.7312957195625407,0,0,Medium,Distribusi
2023-03-16,152.16000366210938,156.4600067138672,151.63999938964844,155.85000610351562,76161100,0.018694035607962345,1.2285217464242566,152.0800018310547,150.33150100708008,0.011630967643250374,Uptrend,143.89999389648438,156.4600067138672,0.9514331219863619,0,0,Medium,Distribusi
2023-03-17,156.0800018310547,156.74000549316406,154.27999877929688,155.0,98944600,-0.00545400109224925,1.5573749268784765,153.3800018310547,150.39600067138673,0.019840960839031696,Uptrend,143.89999389648438,156.74000549316406,0.8644856758841236,0,0,High,Distribusi
2023-03-20,155.07000732421875,157.82000732421875,154.14999389648438,157.39999389648438,73641400,0.015483831590221708,1.1460305208083688,154.76600036621093,150.63850021362305,0.02740003482997113,Uptrend,143.89999389648438,157.82000732421875,0.9698266506771082,1,0,Low,Distribusi
2023-03-21,157.32000732421875,159.39999389648438,156.5399932861328,159.27999877929688,73938300,0.011944122971497162,1.1373136277501061,156.1040008544922,151.17850036621093,0.03258069418832616,Uptrend,143.89999389648438,159.39999389648438,0.9922583795362904,1,0,Low,Distribusi
2023-03-22,159.3000030517578,162.13999938964844,157.80999755859375,157.8300018310547,75701800,-0.009103446505241086,1.1427397447207284,157.0720001220703,151.6245002746582,0.03592757000052302,Uptrend,143.89999389648438,162.13999938964844,0.7637063453621744,0,0,Low,Distribusi
2023-03-23,158.8300018310547,161.5500030517578,157.67999267578125,158.92999267578125,67622100,0.006969466083539766,1.0061723228623687,157.68799743652343,152.10100021362305,0.036732153076268696,Uptrend,143.89999389648438,162.13999938964844,0.8240128428102599,0,0,Low,Distribusi
2023-03-24,158.86000061035156,160.33999633789062,157.85000610351562,160.25,59196500,0.008305589788276002,0.8783694955101091,158.73799743652344,152.7779998779297,0.03901083639893061,Uptrend,143.89999389648438,162.13999938964844,0.8963816436153615,0,0,Low,Distribusi
2023-03-27,159.94000244140625,160.77000427246094,157.8699951171875,158.27999877929688,52390300,-0.012293299349161457,0.7731378132765552,158.91399841308595,153.29599990844727,0.036648043706253956,Uptrend,143.89999389648438,162.13999938964844,0.7883772232525805,0,0,Low,Distribusi
2023-03-28,157.97000122070312,158.49000549316406,155.97999572753906,157.64999389648438,45992200,-0.003980318976947728,0.6810080687970336,158.58799743652344,153.80799942016603,0.031077694491686476,Uptrend,143.89999389648438,162.13999938964844,0.7538374922723124,0,0,Low,Distribusi
2023-03-29,159.3699951171875,161.0500030517578,159.35000610351562,160.77000427246094,51305700,0.019790742129842442,0.7620397254852654,159.17599792480468,154.58099975585938,0.029725504274150757,Uptrend,143.89999389648438,162.13999938964844,0.9248906411952045,0,0,Low,Distribusi
2023-03-30,161.52999877929688,162.47000122070312,161.27000427246094,162.36000061035156,49501700,0.009889881791605992,0.7367422391893673,159.86199951171875,155.40349960327148,0.028689829507246228,Uptrend,147.3300018310547,162.47000122070312,0.9927344375966902,1,0,Low,Distribusi
2023-03-31,162.44000244140625,165.0,161.91000366210938,164.89999389648438,68749800,0.015644205941022005,1.0247267660602353,160.79199829101563,156.09699935913085,0.03007744512169029,Uptrend,147.61000061035156,165.0,0.994249217537342,1,0,Low,Distribusi
2023-04-03,164.27000427246094,166.2899932861328,164.22000122070312,166.1699981689453,56976200,0.00770166355044366,0.869046091952673,162.3699981689453,156.7139991760254,0.0360912172662184,Uptrend,147.61000061035156,166.2899932861328,0.9935762760044828,1,0,Low,Distribusi
2023-04-04,166.60000610351562,166.83999633789062,165.11000061035156,165.6300048828125,46278300,-0.003249643690696802,0.7112452574543446,163.96600036621095,157.41549911499024,0.041612809971371637,Uptrend,147.61000061035156,166.83999633789062,0.9370779134732042,0,0,Low,Distribusi
2023-04-05,164.74000549316406,165.0500030517578,161.8000030517578,163.75999450683594,51511700,-0.011290287513422759,0.7890652129923242,164.56399841308593,157.95999908447266,0.04180804866352039,Uptrend,147.61000061035156,166.83999633789062,0.8398334625397835,0,0,Low,Distribusi
2023-04-06,162.42999267578125,164.9600067138672,162.0,164.66000366210938,45390100,0.005495903672834368,0.6998191713798487,165.0239990234375,158.6634994506836,0.04008798239528884,Uptrend,147.61000061035156,166.83999633789062,0.8866358211063299,0,0,Low,Distribusi
2023-04-10,161.4199981689453,162.02999877929688,160.0800018310547,162.02999877929688,47716900,-0.01597233586979263,0.7477147931475291,164.45,159.33999938964843,0.03206979182832566,Uptrend,147.6999969482422,166.83999633789062,0.7486939544420697,0,0,Low,Distribusi
2023-04-11,162.35000610351562,162.36000061035156,160.50999450683594,160.8000030517578,47644200,-0.007591160506113748,0.7687482649627475,163.3760009765625,159.85649948120118,0.02201663058295104,Uptrend,149.9199981689453,166.83999633789062,0.6430263628976912,0,0,Low,Distribusi
2023-04-12,161.22000122070312,162.05999755859375,159.77999877929688,160.10000610351562,50133100,-0.004353214769634461,0.8245820455689515,162.27000122070314,160.23199996948242,0.012719065178047302,Uptrend,149.9199981689453,166.83999633789062,0.6016553803920932,0,0,Low,Distribusi
2023-04-13,161.6300048828125,165.8000030517578,161.4199981689453,165.55999755859375,68445600,0.03410363052421039,1.1339171877443588,162.6300018310547,160.8604995727539,0.011000228539639058,Uptrend,151.63999938964844,166.83999633789062,0.9157895370863939,0,0,Low,Distribusi
2023-04-14,164.58999633789062,166.32000732421875,163.82000732421875,165.2100067138672,49386500,-0.0021139819394035975,0.8367281762217834,162.74000244140626,161.3284996032715,0.008749246671269126,Sideways,154.14999389648438,166.83999633789062,0.8715532458287841,0,0,Low,Distribusi
2023-04-17,165.08999633789062,165.38999938964844,164.02999877929688,165.22999572753906,41516200,0.0001209915432451858,0.7393548182582504,163.3800018310547,161.83999938964843,0.009515586055450604,Sideways,154.14999389648438,166.83999633789062,0.873128423908077,0,0,Low,Distribusi
2023-04-18,166.10000610351562,167.41000366210938,165.64999389648438,166.47000122070312,49923000,0.0075047238711354325,0.908252208956044,164.51400146484374,162.2934997558594,0.013682012602628527,Uptrend,155.97999572753906,167.41000366210938,0.917760123458603,0,0,Low,Distribusi
2023-04-19,165.8000030517578,168.16000366210938,165.5399932861328,167.6300048828125,47720200,0.006968244450070493,0.8893878783761583,166.02000122070314,162.71100006103515,0.020336677658097692,Uptrend,155.97999572753906,168.16000366210938,0.9564861712616304,1,0,Low,Distribusi
2023-04-20,166.08999633789062,167.8699951171875,165.55999755859375,166.64999389648438,52456400,-0.0058462742813449875,0.9993059052725958,166.23800048828124,163.15199966430663,0.018914882013853433,Uptrend,155.97999572753906,168.16000366210938,0.8760255515647766,0,0,Low,Distribusi
2023-04-21,165.0500030517578,166.4499969482422,164.49000549316406,165.02000427246094,58337300,-0.00978091619394783,1.121254571644689,166.2,163.4565002441406,0.016784280538012564,Uptrend,155.97999572753906,168.16000366210938,0.7422005464597252,0,0,Low,Distribusi
2023-04-24,165.0,165.60000610351562,163.88999938964844,165.3300018310547,41949600,0.001878545331279513,0.8198685657049325,166.22000122070312,163.71050033569335,0.015328893869751564,Uptrend,155.97999572753906,168.16000366210938,0.767651889370093,0,0,Low,Distribusi
2023-04-25,165.19000244140625,166.30999755859375,163.72999572753906,163.77000427246094,48714100,-0.0094356592349637,0.9555074256940232,165.68000183105468,163.98500061035156,0.010336318653500815,Uptrend,155.97999572753906,168.16000366210938,0.639573355515773,0,0,Low,Distribusi
2023-04-26,163.05999755859375,165.27999877929688,162.8000030517578,163.75999450683594,45498800,-6.112087295517821e-05,0.8928726669161543,164.90599975585937,164.29050064086914,0.003746407203029219,Sideways,159.35000610351562,168.16000366210938,0.5005663592969524,0,0,Low,Distribusi
2023-04-27,165.19000244140625,168.55999755859375,165.19000244140625,168.41000366210938,64902300,0.02839526936524983,1.2568806451113141,165.25800170898438,164.67250061035156,0.0035555487192013447,Sideways,159.77999877929688,168.55999755859375,0.9829164103259264,1,0,Medium,Distribusi
2023-04-28,168.49000549316406,169.85000610351562,167.8800048828125,169.67999267578125,55275900,0.007541054486406518,1.064506605610913,166.18999938964845,165.03850021362305,0.006977154873165445,Sideways,159.77999877929688,169.85000610351562,0.9831168516307346,1,0,Low,Distribusi
2023-05-01,169.27999877929688,170.4499969482422,168.63999938964844,169.58999633789062,52472900,-0.0005303886243240852,1.0266165014737598,167.04199829101563,165.27300033569335,0.010703490296232212,Uptrend,159.77999877929688,170.4499969482422,0.9194001164072767,0,0,Low,Distribusi
2023-05-02,170.08999633789062,170.35000610351562,167.5399932861328,168.5399932861328,48425700,-0.006191420923589042,0.9554258128745935,167.99599609375,165.39150009155273,0.015747459819613115,Uptrend,159.77999877929688,170.4499969482422,0.8209930656156643,0,0,Low,Distribusi
2023-05-03,169.5,170.9199981689453,167.16000366210938,167.4499969482422,65136000,-0.006467285993302041,1.2616452465313037,168.73399658203124,165.4824996948242,0.01964858455246505,Uptrend,159.77999877929688,170.9199981689453,0.6885097476820747,0,0,Medium,Distribusi
2023-05-04,164.88999938964844,167.0399932861328,164.30999755859375,165.7899932861328,81235400,-0.009913429037699317,1.5294533400886132,168.20999450683593,165.58399963378906,0.01585898926740868,Uptrend,159.77999877929688,170.9199981689453,0.5394968434576911,0,0,High,Distribusi
2023-05-05,170.97999572753906,174.3000030517578,170.75999450683594,173.57000732421875,113453200,0.04692692172716728,2.007411376702989,168.98799743652344,166.02949981689454,0.0178191081879526,Uptrend,159.77999877929688,174.3000030517578,0.9497248269462569,1,0,High,Markup
2023-05-08,172.47999572753906,173.85000610351562,172.11000061035156,173.5,55962800,-0.0004033376808469935,0.9830200391853356,169.7699981689453,166.60299987792968,0.01900925129401089,Uptrend,159.77999877929688,174.3000030517578,0.9449033873030519,0,0,Low,Markup
2023-05-09,173.0500030517578,173.5399932861328,171.60000610351562,171.77000427246094,45326900,-0.009971156931060876,0.7978178462390912,170.41600036621094,167.15149993896483,0.01953018925010026,Uptrend,159.77999877929688,174.3000030517578,0.8257577110982437,0,0,Low,Markup
2023-05-10,173.02000427246094,174.02999877929688,171.89999389648438,173.55999755859375,53724500,0.010420872338650744,0.9426481228056031,171.63800048828125,167.82449951171876,0.022723148215295034,Uptrend,161.4199981689453,174.3000030517578,0.9425461791438022,0,0,Low,Markup
2023-05-11,173.85000610351562,174.58999633789062,172.1699981689453,173.75,49514700,0.0010947363682816125,0.8834555946460286,173.2300018310547,168.23399963378907,0.029696745058316973,Uptrend,162.8000030517578,174.58999633789062,0.9287534507013999,0,0,Low,Markup
2023-05-12,173.6199951171875,174.05999755859375,171.0,172.57000732421875,45533100,-0.006791324752697836,0.8152171869670811,173.03000183105468,168.60199966430665,0.02626304655676896,Uptrend,162.8000030517578,174.58999633789062,0.8286691972888779,0,0,Low,Markup
2023-05-15,173.16000366210938,173.2100067138672,171.47000122070312,172.07000732421875,37266700,-0.002897374855299284,0.6697647752867802,172.74400329589844,168.94400024414062,0.022492678321020195,Uptrend,162.8000030517578,174.58999633789062,0.7862603521041999,0,0,Low,Markup
2023-05-16,171.99000549316406,173.13999938964844,171.8000030517578,172.07000732421875,42110300,0.0,0.7621657878866638,172.80400390625,169.2240005493164,0.021155411438759122,Uptrend,162.8000030517578,174.58999633789062,0.7862603521041999,0,0,Low,Markup
2023-05-17,171.7100067138672,172.92999267578125,170.4199981689453,172.69000244140625,57951600,0.0036031562201266354,1.0392592429200962,172.6300048828125,169.47700042724608,0.018604320631223085,Uptrend,162.8000030517578,174.58999633789062,0.8388469059843219,0,0,Low,Markup
2023-05-18,173.0,175.24000549316406,172.5800018310547,175.0500030517578,65496700,0.013666110237923634,1.1609920689610858,172.89000549316407,169.89700088500976,0.0176165829447457,Uptrend,162.8000030517578,175.24000549316406,0.9847264948458666,1,0,Low,Markup
2023-05-19,176.38999938964844,176.38999938964844,174.94000244140625,175.16000366210938,55809500,0.0006283953638037687,0.9914984596637634,173.4080047607422,170.40400085449218,0.017628716997173804,Uptrend,162.8000030517578,176.38999938964844,0.9094925637242683,0,0,Low,Markup
2023-05-22,173.97999572753906,174.7100067138672,173.4499969482422,174.1999969482422,43570900,-0.005480741572254533,0.7729571697969277,173.83400268554686,170.84750061035157,0.017480513700967416,Uptrend,162.8000030517578,176.38999938964844,0.8388518740582551,0,0,Low,Markup
2023-05-23,173.1300048828125,173.3800048828125,171.27999877929688,171.55999755859375,50747300,-0.015154991021227304,0.8986473707809138,173.73200073242188,171.23700027465821,0.01457045179348956,Uptrend,162.8000030517578,176.38999938964844,0.6445913809713081,0,0,Low,Markup
2023-05-24,171.08999633789062,172.4199981689453,170.52000427246094,171.83999633789062,45143500,0.00163207497832496,0.799665279052068,173.56199951171874,171.64100036621093,0.011191959621589182,Uptrend,164.30999755859375,176.38999938964844,0.6233441753244703,0,0,Low,Markup
2023-05-25,172.41000366210938,173.89999389648438,171.69000244140625,172.99000549316406,56058300,0.0066923253013353445,1.0008481400772833,173.15,171.87000045776367,0.007447486698243735,Sideways,164.30999755859375,176.38999938964844,0.718543594277955,0,0,Low,Markup
2023-05-26,173.32000732421875,175.77000427246094,173.11000061035156,175.42999267578125,54835000,0.014104787011603337,0.9793931816659597,173.20399780273436,172.15750045776366,0.006078720602867059,Sideways,164.30999755859375,176.38999938964844,0.9205292575867623,0,0,Low,Markup
2023-05-30,176.9600067138672,178.99000549316406,176.57000732421875,177.3000030517578,55964400,0.010659581907596527,0.9964580978779302,173.8239990234375,172.54300079345703,0.0074242259847670695,Sideways,164.30999755859375,178.99000549316406,0.8848772801119255,1,0,Low,Markup
2023-05-31,177.3300018310547,179.35000610351562,176.75999450683594,177.25,99625300,-0.0002820251037627397,1.6965206573437923,174.96199951171874,172.9785011291504,0.01146673355139902,Uptrend,164.30999755859375,179.35000610351562,0.8603720139358116,0,0,High,Markup
2023-06-01,177.6999969482422,180.1199951171875,176.92999267578125,180.08999633789062,68901800,0.016022546335066945,1.169579604829915,176.61199951171875,173.61050109863282,0.017288691606164384,Uptrend,164.30999755859375,180.1199951171875,0.9981025437109844,1,0,Low,Markup
2023-06-02,181.02999877929688,181.77999877929688,179.25999450683594,180.9499969482422,61996900,0.004775393568990927,1.0698404322233415,178.20399780273436,174.36850128173828,0.02199649875294181,Uptrend,170.4199981689453,181.77999877929688,0.9269364624594857,1,0,Low,Markup
2023-06-05,182.6300048828125,184.9499969482422,178.0399932861328,179.5800018310547,121946500,-0.0075711253953729685,2.0890430700409692,179.03399963378905,174.66900100708008,0.02499011617139801,Uptrend,170.4199981689453,184.9499969482422,0.6304201260609218,0,0,High,Markup
2023-06-06,179.97000122070312,180.1199951171875,177.42999267578125,179.2100067138672,64848400,-0.002060335858196427,1.1025149096081233,179.41600036621094,174.95450134277343,0.02550091017490586,Uptrend,170.4199981689453,184.9499969482422,0.6049559038811726,0,0,Low,Markup
2023-06-07,178.44000244140625,181.2100067138672,177.32000732421875,177.82000732421875,61944600,-0.007756259904993845,1.0384764331637315,179.53000183105468,175.25700149536132,0.024381338829458695,Uptrend,170.4199981689453,184.9499969482422,0.5092917946983843,0,0,Low,Markup
2023-06-08,177.89999389648438,180.83999633789062,177.4600067138672,180.57000732421875,50214900,0.01546507640721173,0.8443165604073846,179.62600402832032,175.60750198364258,0.022883430373333707,Uptrend,170.4199981689453,184.9499969482422,0.6985554031660152,0,0,Low,Markup
2023-06-09,181.5,182.22999572753906,180.6300048828125,180.9600067138672,48900000,0.002159823746078704,0.8226328676149038,179.6280059814453,175.96800231933594,0.020799256761848243,Uptrend,170.4199981689453,184.9499969482422,0.7253963819969378,0,0,Low,Markup
2023-06-12,181.27000427246094,183.88999938964844,180.97000122070312,183.7899932861328,54274900,0.015638740424785524,0.9063887792953869,180.47000427246093,176.52900161743165,0.022324958612580284,Uptrend,170.4199981689453,184.9499969482422,0.9201649167540048,0,0,Low,Markup
2023-06-13,182.8000030517578,184.14999389648438,182.44000244140625,183.30999755859375,54929100,-0.002611653218746124,0.9039819055832783,181.29000244140624,177.09100112915038,0.023710980713207312,Uptrend,170.4199981689453,184.9499969482422,0.8871301082292452,0,0,Low,Markup
2023-06-14,183.3699951171875,184.38999938964844,182.02000427246094,183.9499969482422,57462900,0.003491350161869189,0.933883461418916,182.51600036621093,177.68500061035155,0.02718856256445282,Uptrend,170.4199981689453,184.9499969482422,0.9311768696481342,0,0,Low,Markup
2023-06-15,183.9600067138672,186.52000427246094,183.77999877929688,186.00999450683594,65433200,0.011198682211304156,1.0569902805426459,183.60399780273437,178.35100021362305,0.029453143424031523,Uptrend,170.52000427246094,186.52000427246094,0.9681243896484375,1,0,Low,Markup
2023-06-16,186.72999572753906,186.99000549316406,184.27000427246094,184.9199981689453,101256200,-0.005859880490725833,1.5897494833826793,184.39599609375,178.84449996948243,0.03104091054080425,Uptrend,170.52000427246094,186.99000549316406,0.8743165045053726,0,0,High,Markup
2023-06-20,184.41000366210938,186.10000610351562,184.41000366210938,185.00999450683594,49799100,0.0004866771511018442,0.7855657106043508,184.63999633789064,179.33699951171874,0.029570009761568296,Uptrend,170.52000427246094,186.99000549316406,0.8797807626244003,0,0,Low,Markup
2023-06-21,184.89999389648438,185.41000366210938,182.58999633789062,183.9600067138672,49515700,-0.0056753030870986265,0.7774497997327676,184.7699981689453,179.825,0.027498947137190706,Uptrend,170.52000427246094,186.99000549316406,0.8160292316500799,0,0,Low,Markup
2023-06-22,183.74000549316406,187.0500030517578,183.6699981689453,187.0,51245300,0.016525294494369236,0.804291938450721,185.37999877929687,180.5970001220703,0.026484374900987286,Uptrend,170.52000427246094,187.0500030517578,0.9969750117694842,1,0,Low,Markup
2023-06-23,185.5500030517578,187.55999755859375,185.00999450683594,186.67999267578125,53117000,-0.0017112691134693048,0.8284841837070912,185.51399841308594,181.33899993896483,0.02302316917776283,Uptrend,171.69000244140625,187.55999755859375,0.9445491396617105,0,0,Low,Markup
2023-06-26,186.8300018310547,188.0500030517578,185.22999572753906,185.27000427246094,48088700,-0.007552970101992296,0.7547469791059389,185.58399963378906,181.9529998779297,0.019955701517948933,Uptrend,173.11000061035156,188.0500030517578,0.8139224682057546,0,0,Low,Markup
2023-06-27,185.88999938964844,188.38999938964844,185.6699981689453,188.05999755859375,50730800,0.015059066345298966,0.7987871475238029,186.19400024414062,182.58450012207032,0.0197689295622416,Uptrend,176.57000732421875,188.38999938964844,0.9720810446210151,1,0,Low,Markup
2023-06-28,187.92999267578125,189.89999389648438,187.60000610351562,189.25,51216800,0.006327780797909854,0.8094650424620338,187.2519989013672,183.18199996948243,0.022218334402740465,Uptrend,176.75999450683594,189.89999389648438,0.9505331867065052,1,0,Low,Markup
2023-06-29,189.0800018310547,190.07000732421875,188.94000244140625,189.58999633789062,46347300,0.0017965460390521049,0.7646996077530703,187.7699981689453,183.79899978637695,0.021605114212719895,Uptrend,176.92999267578125,190.07000732421875,0.9634695242607508,0,0,Low,Markup
2023-06-30,191.6300048828125,194.47999572753906,191.25999450683594,193.97000122070312,85213200,0.023102510509079632,1.38729317454109,189.22799987792968,184.49300003051758,0.025664929545450865,Uptrend,177.32000732421875,194.47999572753906,0.9702800203094976,1,0,Medium,Markup
2023-07-03,193.77999877929688,193.8800048828125,191.75999450683594,192.4600067138672,31458200,-0.007784680606965799,0.5252037075559868,190.66600036621094,185.06850051879883,0.030245556816642215,Uptrend,177.32000732421875,194.47999572753906,0.8822849429617898,0,0,Low,Markup
2023-07-05,191.57000732421875,192.97999572753906,190.6199951171875,191.3300018310547,46920300,-0.005871375056598072,0.8356862833802617,191.32000122070312,185.65600051879883,0.030508040063756355,Uptrend,177.32000732421875,194.47999572753906,0.8164337980627727,0,0,Low,Markup
2023-07-06,189.83999633789062,192.02000427246094,189.1999969482422,191.80999755859375,45094300,0.002508732153585047,0.8175459191188968,191.83200073242188,186.28600006103517,0.02977143032525044,Uptrend,177.32000732421875,194.47999572753906,0.8444055959601529,0,0,Low,Markup
2023-07-07,191.41000366210938,192.6699981689453,190.24000549316406,190.67999267578125,46815000,-0.0058912720775532446,0.8605438309815815,192.05,186.9289993286133,0.027395431900773308,Uptrend,177.4600067138672,194.47999572753906,0.7767329315720867,0,0,Low,Markup
2023-07-10,189.25999450683594,189.99000549316406,187.0399932861328,188.61000061035156,59922200,-0.010855843008916843,1.0917373710100076,190.97799987792968,187.33099899291992,0.01946821884587076,Uptrend,180.6300048828125,194.47999572753906,0.5761733575858267,0,0,Low,Markup
2023-07-11,189.16000366210938,189.3000030517578,186.60000610351562,188.0800018310547,46638100,-0.002810024800285138,0.8514655196730049,190.10199890136718,187.6869987487793,0.01286716804407096,Uptrend,180.97000122070312,194.47999572753906,0.5262770911382655,0,0,Low,Markup
2023-07-12,189.67999267578125,191.6999969482422,188.47000122070312,189.77000427246094,60750200,0.008985550962107736,1.102590889489358,189.78999938964844,187.9859992980957,0.009596459833650102,Sideways,182.02000427246094,194.47999572753906,0.6219907957353737,0,0,Low,Markup
2023-07-13,190.5,191.19000244140625,189.77999877929688,190.5399932861328,41342300,0.004057485357729984,0.7597126262947381,189.53599853515624,188.34749908447264,0.006310141926283605,Sideways,182.02000427246094,194.47999572753906,0.6837877091961821,0,0,Low,Markup
2023-07-14,190.22999572753906,191.17999267578125,189.6300048828125,190.69000244140625,41616200,0.0007872843526774975,0.776045129597105,189.53800048828126,188.68449935913085,0.00452343002233532,Sideways,182.58999633789062,194.47999572753906,0.6812452917842517,0,0,Low,Markup
2023-07-17,191.89999389648438,194.32000732421875,191.80999755859375,193.99000549316406,50520200,0.017305590274832694,0.9553680189930647,190.61400146484374,189.08349990844727,0.008094315776561835,Sideways,182.58999633789062,194.47999572753906,0.9587897174493053,0,0,Low,Markup
2023-07-18,193.35000610351562,194.3300018310547,192.4199981689453,193.72999572753906,48288200,-0.0013403255748356546,0.9613044126990479,191.74400024414064,189.52399978637695,0.011713558495314446,Uptrend,182.58999633789062,194.47999572753906,0.9369217797729277,0,0,Low,Markup
2023-07-19,193.10000610351562,198.22999572753906,192.64999389648438,195.10000610351562,80507300,0.007071751438550322,1.5551747708232784,192.81000061035155,190.02850036621095,0.014637279349046434,Uptrend,182.58999633789062,198.22999572753906,0.7998727783777877,1,0,High,Markup
2023-07-20,195.08999633789062,196.47000122070312,192.5,193.1300048828125,59581200,-0.010097391896840224,1.1398597759660107,193.3280029296875,190.48700027465821,0.014914417524203322,Uptrend,183.6699981689453,198.22999572753906,0.649725844787907,0,0,Low,Markup
2023-07-21,194.10000610351562,194.97000122070312,191.22999572753906,191.94000244140625,71951700,-0.006161665258219817,1.3497871532564087,193.5780029296875,190.7340003967285,0.01491083145660157,Uptrend,185.00999450683594,198.22999572753906,0.5242063006558277,0,0,Medium,Markup
2023-07-24,193.41000366210938,194.91000366210938,192.25,192.75,45377800,0.004220055998181094,0.8574954175248966,193.3300018310547,191.03750076293946,0.01200026727192175,Uptrend,185.22999572753906,198.22999572753906,0.5784618671123798,0,0,Low,Markup
2023-07-25,193.3300018310547,194.44000244140625,192.9199981689453,193.6199951171875,37283200,0.004513593344682265,0.7118004495145691,193.30800170898436,191.4550003051758,0.009678521850329979,Sideways,185.6699981689453,198.22999572753906,0.6329616634999004,0,0,Low,Markup
2023-07-26,193.6699981689453,195.63999938964844,193.32000732421875,194.5,47471900,0.00454501035536059,0.9091485370897456,193.18800048828126,191.7770004272461,0.007357504069266402,Sideways,186.60000610351562,198.22999572753906,0.6792778112343099,0,0,Low,Markup
2023-07-27,196.02000427246094,197.1999969482422,192.5500030517578,193.22000122070312,47460200,-0.006580970587644619,0.912205843205431,193.20599975585938,191.97550048828126,0.0064096682360426415,Sideways,186.60000610351562,198.22999572753906,0.569217628837169,0,0,Low,Markup
2023-07-28,194.6699981689453,196.6300048828125,194.13999938964844,195.8300018310547,48291400,0.013507921508448373,0.926450962112247,193.98399963378907,192.28750076293946,0.008822720479066022,Sideways,186.60000610351562,198.22999572753906,0.7936374860105775,0,0,Low,Markup
2023-07-31,196.05999755859375,196.49000549316406,195.25999450683594,196.4499969482422,38824100,0.003165986372825502,0.7795111804472179,194.7239990234375,192.4115005493164,0.012018504442401509,Uptrend,186.60000610351562,198.22999572753906,0.8469475178533239,0,0,Low,Markup
2023-08-01,196.24000549316406,196.72999572753906,195.27999877929688,195.61000061035156,35175100,-0.004275878599845129,0.7036209823081083,195.12200012207032,192.56900024414062,0.013257584941984318,Uptrend,186.60000610351562,198.22999572753906,0.7747207691591127,0,0,Low,Markup
2023-08-02,195.0399932861328,195.17999267578125,191.85000610351562,192.5800018310547,50389300,-0.015489999334607263,1.004471345008606,194.73800048828124,192.63150024414062,0.01093538824891488,Uptrend,186.60000610351562,198.22999572753906,0.5141875376385986,0,0,Low,Markup
2023-08-03,191.57000732421875,192.3699951171875,190.69000244140625,191.1699981689453,61235200,-0.007321651514710981,1.2013488179009513,194.3279998779297,192.5995002746582,0.008974579896658919,Sideways,186.60000610351562,198.22999572753906,0.39294893745990134,0,0,Medium,Markup
2023-08-04,185.52000427246094,187.3800048828125,181.9199981689453,181.99000549316406,115956800,-0.04802004898105661,2.130418031667969,191.56000061035155,192.16500091552734,-0.00314833763845343,Sideways,181.9199981689453,198.22999572753906,0.004292295199140792,0,1,High,Akumulasi
2023-08-07,182.1300048828125,183.1300048828125,177.35000610351562,178.85000610351562,97576100,-0.017253691383433578,1.7327817025997647,188.04000244140624,191.67700119018554,-0.018974622548328542,Downtrend,177.35000610351562,198.22999572753906,0.07183911615905103,0,1,High,Markdown
2023-08-08,179.69000244140625,180.27000427246094,177.5800018310547,179.8000030517578,67823000,0.005311696482092065,1.1821811934133353,184.8780029296875,191.26300125122071,-0.03338334272579262,Downtrend,177.35000610351562,198.22999572753906,0.11733707690272736,0,0,Low,Markdown
2023-08-09,180.8699951171875,180.92999267578125,177.00999450683594,178.19000244140625,60378500,-0.00895439701348677,1.0527617068379862,182.0000030517578,190.68400115966796,-0.04554130422635022,Downtrend,177.00999450683594,198.22999572753906,0.055608287779882276,0,0,Low,Markdown
2023-08-10,179.47999572753906,180.75,177.60000610351562,177.97000122070312,54686900,-0.0012346440186814522,0.9425571980145024,179.36000366210936,190.05550155639648,-0.056275655304371,Downtrend,177.00999450683594,198.22999572753906,0.045240653093392126,0,0,Low,Markdown
2023-08-11,177.32000732421875,178.6199951171875,176.5500030517578,177.7899932861328,52036700,-0.0010114509936260951,0.8888972021877414,178.52000122070314,189.4105010986328,-0.05749681150074461,Downtrend,176.5500030517578,198.22999572753906,0.057195140834166186,0,0,Low,Markdown
2023-08-14,177.97000122070312,179.69000244140625,177.30999755859375,179.4600067138672,43675600,0.009393180104611876,0.7504590753268425,178.64200134277343,188.68400115966796,-0.05322125752674071,Downtrend,176.5500030517578,198.22999572753906,0.1342253065131403,0,0,Low,Markdown
2023-08-15,178.8800048828125,179.47999572753906,177.0500030517578,177.4499969482422,43622600,-0.01120032146677552,0.7525649428114061,178.1720001220703,187.87000122070313,-0.05162080713056448,Downtrend,176.5500030517578,198.22999572753906,0.04151264762601878,0,0,Low,Markdown
2023-08-16,177.1300048828125,178.5399932861328,176.5,176.57000732421875,46964900,-0.004959085033290345,0.8343662631415409,177.8480010986328,186.9435012817383,-0.04865373827249477,Downtrend,176.5,197.1999969482422,0.003381996837670786,0,0,Low,Markdown
2023-08-17,177.13999938964844,177.50999450683594,173.47999572753906,174.0,66062900,-0.014555174817995509,1.1669376182993787,177.0540008544922,185.98700103759765,-0.048030239389147626,Downtrend,173.47999572753906,197.1999969482422,0.021922607322931796,0,1,Low,Markdown
2023-08-18,172.3000030517578,175.10000610351562,171.9600067138672,174.49000549316406,61172200,0.0028161235239314575,1.0909343176653667,176.39400329589844,185.11450119018554,-0.04710866970560942,Downtrend,171.9600067138672,197.1999969482422,0.10023770832728786,0,0,Low,Markdown
2023-08-21,175.07000732421875,176.1300048828125,173.74000549316406,175.83999633789062,46311900,0.007736780344014926,0.8252309674326899,175.6700012207031,184.26900100708008,-0.04666547134559312,Downtrend,171.9600067138672,197.1999969482422,0.15372389561146416,0,0,Low,Markdown
2023-08-22,177.05999755859375,177.67999267578125,176.25,177.22999572753906,42038900,0.007904910251348207,0.7459298825307132,175.6260009765625,183.44950103759766,-0.042646614009769095,Downtrend,171.9600067138672,197.1999969482422,0.20879520810965052,0,0,Low,Markdown
2023-08-23,178.52000427246094,181.5500030517578,178.3300018310547,181.1199951171875,52722800,0.021948877071738204,0.931165004467041,176.53599853515624,182.78050079345704,-0.03416394107245127,Downtrend,171.9600067138672,197.1999969482422,0.36291568729868545,0,0,Low,Markdown
2023-08-24,180.6699981689453,181.10000610351562,176.00999450683594,176.3800048828125,54945800,-0.02617044148719283,0.964053834284287,177.01199951171876,181.9385009765625,-0.02707783915114468,Downtrend,171.9600067138672,196.72999572753906,0.17844166852499127,0,0,Low,Markdown
2023-08-25,177.3800048828125,179.14999389648438,175.82000732421875,178.61000061035156,51449600,0.01264313224744873,0.9002169548476885,177.83599853515625,181.07750091552734,-0.017901187966379375,Downtrend,171.9600067138672,196.72999572753906,0.2684697959621173,0,0,Low,Markdown
2023-08-28,180.08999633789062,180.58999633789062,178.5500030517578,180.19000244140625,43820700,0.008846099466185864,0.7633965726968138,178.70599975585938,180.26450119018554,-0.008645636961444146,Sideways,171.9600067138672,196.72999572753906,0.33225673709408954,0,0,Low,Markdown
2023-08-29,179.6999969482422,184.89999389648438,179.5,184.1199951171875,53003900,0.02181027039532446,0.9092558262927659,180.08399963378906,179.69000091552735,0.0021926580013037714,Sideways,171.9600067138672,195.17999267578125,0.5236862943528646,0,0,Low,Markdown
2023-08-30,184.94000244140625,187.85000610351562,184.74000549316406,187.64999389648438,60813900,0.019172272827023162,1.0339871949212909,181.38999938964844,179.44350051879883,0.01084741918889222,Uptrend,171.9600067138672,192.3699951171875,0.7687406221193506,0,0,Low,Markdown
2023-08-31,187.83999633789062,189.1199951171875,187.47999572753906,187.8699951171875,60794500,0.001172401960345848,1.0340447513144018,183.68799743652343,179.27850036621095,0.024595794037239455,Uptrend,171.9600067138672,189.1199951171875,0.9271561279284934,0,0,Low,Markdown
2023-09-01,189.49000549316406,189.9199981689453,188.27999877929688,189.4600067138672,45766500,0.008463361036912254,0.8278525586209023,185.85799865722657,179.6520004272461,0.03454455400007489,Uptrend,171.9600067138672,189.9199981689453,0.9743879914292463,1,0,Low,Markdown
2023-09-05,188.27999877929688,189.97999572753906,187.61000061035156,189.6999969482422,45280000,0.0012667065653462206,0.8597154395057851,187.75999755859374,180.19449996948242,0.04198517485490735,Uptrend,171.9600067138672,189.97999572753906,0.9844617674802999,0,0,Low,Markdown
2023-09-06,188.39999389648438,188.85000610351562,181.47000122070312,182.91000366210938,81755800,-0.03579332311737149,1.5320050152505666,187.51799926757812,180.35,0.03974493633256515,Uptrend,171.9600067138672,189.97999572753906,0.6076583587223254,0,0,High,Markdown
2023-09-07,175.17999267578125,178.2100067138672,173.5399932861328,177.55999755859375,112488800,-0.029249390390909014,2.009778501250966,185.5,180.31849975585936,0.02873526704778535,Uptrend,171.9600067138672,189.97999572753906,0.31076549716416674,0,0,High,Markdown
2023-09-08,178.35000610351562,180.24000549316406,177.7899932861328,178.17999267578125,65551300,0.0034917499758519988,1.1599133063836522,183.56199951171874,180.3289993286133,0.01792834316800014,Uptrend,171.9600067138672,189.97999572753906,0.345171462490622,0,0,Low,Markdown
2023-09-11,180.07000732421875,180.3000030517578,177.33999633789062,179.36000061035156,58953100,0.006622561359722834,1.0368153871844574,181.54199829101563,180.40749969482422,0.006288533448501389,Sideways,171.9600067138672,189.97999572753906,0.4106547396266421,0,0,Low,Markdown
2023-09-12,179.49000549316406,180.1300048828125,174.82000732421875,176.3000030517578,90370200,-0.017060646455066664,1.5266650972645017,178.86199951171875,180.24949951171874,-0.007697663537255934,Sideways,171.9600067138672,189.97999572753906,0.24084345082551623,0,0,High,Akumulasi
2023-09-13,176.50999450683594,177.3000030517578,173.97999572753906,174.2100067138672,84267900,-0.011854771989295187,1.3763242162988156,177.12200012207032,180.0875,-0.016466994532822587,Downtrend,171.9600067138672,189.97999572753906,0.12486134138555309,0,0,Medium,Akumulasi
2023-09-14,174.0,176.10000610351562,173.5800018310547,175.74000549316406,60895800,0.008782496529087691,0.9834064950485136,176.75800170898438,180.04599990844727,-0.0182619897200428,Downtrend,171.9600067138672,189.97999572753906,0.20976698578611602,0,0,Low,Akumulasi
2023-09-15,176.47999572753906,176.5,173.82000732421875,175.00999450683594,109259500,-0.004153926047057777,1.7049644325408135,176.1240020751953,180.09649963378905,-0.022057605598506808,Downtrend,171.9600067138672,189.97999572753906,0.16925580757317366,0,0,High,Akumulasi
2023-09-18,176.47999572753906,179.3800048828125,176.1699981689453,177.97000122070312,67257600,0.016913358132535583,1.0445766389943378,175.84600219726562,180.270499420166,-0.024543656544646138,Downtrend,173.5399932861328,189.97999572753906,0.2694651628160815,0,0,Low,Akumulasi
2023-09-19,177.52000427246094,179.6300048828125,177.1300048828125,179.07000732421875,51826900,0.006180851244426799,0.8014901835550141,176.4000030517578,180.43199996948243,-0.022346351636109908,Downtrend,173.5399932861328,189.97999572753906,0.3363754998088011,0,0,Low,Akumulasi
2023-09-20,179.25999450683594,179.6999969482422,175.39999389648438,175.49000549316406,58436200,-0.01999219123598317,0.8923867920609673,176.6560028076172,180.34500045776366,-0.020455225488828648,Downtrend,173.5399932861328,189.97999572753906,0.11861386359164368,0,0,Low,Akumulasi
2023-09-21,174.5500030517578,176.3000030517578,173.86000061035156,173.92999267578125,63149100,-0.008889468166570769,0.9567414150172363,176.29400024414062,179.98550033569336,-0.020509985997025727,Downtrend,173.5399932861328,189.97999572753906,0.023722587088319046,0,0,Low,Akumulasi
2023-09-22,174.6699981689453,177.0800018310547,174.0500030517578,174.7899932861328,56725400,0.0049445216268977354,0.858262032018811,176.25,179.90599975585937,-0.020321722237283513,Downtrend,173.5399932861328,189.97999572753906,0.07603405196897751,0,0,Low,Akumulasi
2023-09-25,174.1999969482422,176.97000122070312,174.14999389648438,176.0800018310547,46172700,0.00738033408360006,0.7013984158163765,175.87200012207032,179.77949981689454,-0.021734956982325648,Downtrend,173.5399932861328,189.97999572753906,0.15450171336498944,0,0,Low,Akumulasi
2023-09-26,174.82000732421875,175.1999969482422,171.66000366210938,171.9600067138672,64588900,-0.023398427273646605,0.9659178768886117,174.45,179.36800003051758,-0.027418491758177843,Downtrend,171.66000366210938,189.97999572753906,0.01637571952467852,0,1,Low,Akumulasi
2023-09-27,172.6199951171875,173.0399932861328,169.0500030517578,170.42999267578125,66921800,-0.008897499292564004,0.9904979434621752,173.43799743652343,178.68349990844726,-0.02935638978759363,Downtrend,169.0500030517578,189.97999572753906,0.06593359326017666,0,1,Low,Akumulasi
2023-09-28,169.33999633789062,172.02999877929688,167.6199951171875,170.69000244140625,56294400,0.0015256103784480057,0.835999739819317,172.78999938964844,177.83550033569335,-0.028371730821577856,Downtrend,167.6199951171875,189.97999572753906,0.13729907157504684,0,0,Low,Akumulasi
2023-09-29,172.02000427246094,173.07000732421875,170.33999633789062,171.2100067138672,51861100,0.003046483478957418,0.7753058513719677,172.07400207519532,177.00250091552735,-0.027844232792417444,Downtrend,167.6199951171875,189.97999572753906,0.16055507596979635,0,0,Low,Akumulasi
2023-10-02,171.22000122070312,174.3000030517578,170.92999267578125,173.75,52164500,0.014835542237771948,0.7761298179391632,171.60800170898438,176.21700057983398,-0.02615524526966129,Downtrend,167.6199951171875,189.97999572753906,0.274150479225596,0,0,Low,Akumulasi
2023-10-03,172.25999450683594,173.6300048828125,170.82000732421875,172.39999389648438,49594600,-0.007769819300809333,0.7355326770757851,171.6959991455078,175.35200042724608,-0.02084949856762628,Downtrend,167.6199951171875,188.85000610351562,0.22515291124319894,0,0,Low,Akumulasi
2023-10-04,171.08999633789062,174.2100067138672,170.97000122070312,173.66000366210938,53020300,0.00730864159068112,0.803459554215824,172.34200134277344,174.8895004272461,-0.014566335190215832,Downtrend,167.6199951171875,180.3000030517578,0.4763410698233568,0,0,Low,Akumulasi
2023-10-05,173.7899932861328,175.4499969482422,172.67999267578125,174.91000366210938,48527900,0.007197972898999483,0.7728362038706866,173.18600158691407,174.7570007324219,-0.008989620667118442,Sideways,167.6199951171875,180.3000030517578,0.5749214497765937,0,0,Low,Akumulasi
2023-10-06,173.8000030517578,177.99000549316406,173.17999267578125,177.49000549316406,57266700,0.014750453244736894,0.9180632254492108,174.44200134277344,174.722501373291,-0.0016054030151405052,Sideways,167.6199951171875,180.3000030517578,0.778391498404928,0,0,Low,Akumulasi
2023-10-09,176.80999755859375,179.0500030517578,175.8000030517578,178.99000549316406,42390800,0.008451180086631815,0.6887256727763448,175.49000244140626,174.70400161743163,0.004499043048228647,Sideways,167.6199951171875,180.1300048828125,0.9088730216037938,0,0,Low,Akumulasi
2023-10-10,178.10000610351562,179.72000122070312,177.9499969482422,178.38999938964844,43698000,-0.00335217657467779,0.7379423856776559,176.68800354003906,174.80850143432616,0.010751777461000731,Uptrend,167.6199951171875,179.72000122070312,0.8900825487461317,0,0,Low,Akumulasi
2023-10-11,178.1999969482422,179.85000610351562,177.60000610351562,179.8000030517578,47551100,0.007904051050695804,0.8287027407467371,177.91600341796874,175.0880012512207,0.016151890172590104,Uptrend,167.6199951171875,179.85000610351562,0.9959114467015843,1,0,Low,Akumulasi
2023-10-12,180.07000732421875,182.33999633789062,179.0399932861328,180.7100067138672,56743100,0.005061199369654101,0.9924888753392582,179.0760040283203,175.33650131225585,0.021327576905420302,Uptrend,167.6199951171875,182.33999633789062,0.8892670184204252,1,0,Low,Akumulasi
2023-10-13,181.4199981689453,181.92999267578125,178.13999938964844,178.85000610351562,51427100,-0.01029273721015711,0.9474251629163918,179.34800415039064,175.52850189208985,0.021760011719628946,Uptrend,167.6199951171875,182.33999633789062,0.7629082917828526,0,0,Low,Akumulasi
2023-10-16,176.75,179.0800018310547,176.50999450683594,178.72000122070312,52517000,-0.0007268933652552212,0.9808217110900442,179.29400329589845,175.56600189208984,0.02123418750573354,Uptrend,167.6199951171875,182.33999633789062,0.754076439063326,0,0,Low,Akumulasi
2023-10-17,176.64999389648438,178.4199981689453,174.8000030517578,177.14999389648438,57549400,-0.0087847320585005,1.0690952007156604,179.04600219726564,175.47000122070312,0.02037955748381559,Uptrend,167.6199951171875,182.33999633789062,0.6474183416434295,0,0,Low,Akumulasi
2023-10-18,175.5800018310547,177.5800018310547,175.11000061035156,175.83999633789062,54764400,-0.007394849583563845,1.0208398827768828,178.25400085449218,175.48750076293945,0.01576465605541848,Uptrend,167.6199951171875,182.33999633789062,0.5584239496625859,0,0,Low,Akumulasi
2023-10-19,176.0399932861328,177.83999633789062,175.19000244140625,175.4600067138672,59302900,-0.002160996541954341,1.1094171345680561,177.2040008544922,175.56400146484376,0.00934131926798697,Sideways,167.6199951171875,182.33999633789062,0.5326094393017446,0,0,Low,Akumulasi
2023-10-20,175.30999755859375,175.4199981689453,172.63999938964844,172.8800048828125,64244000,-0.014704215959948308,1.1934601194296084,176.01000061035157,175.46850204467773,0.0030860157769851916,Sideways,167.6199951171875,182.33999633789062,0.3573375903139869,0,0,Low,Akumulasi
2023-10-23,170.91000366210938,174.00999450683594,169.92999267578125,173.0,55980100,0.0006940948276166203,1.0305538038606303,174.86600036621093,175.314501953125,-0.0025582686082294627,Sideways,167.6199951171875,182.33999633789062,0.3654894318382071,0,0,Low,Akumulasi
2023-10-24,173.0500030517578,173.6699981689453,171.4499969482422,173.44000244140625,43816600,0.0025433667133309967,0.8223560056822415,174.1240020751953,175.38850173950195,-0.0072097067468240034,Sideways,167.6199951171875,182.33999633789062,0.39538089956359035,0,0,Low,Akumulasi
2023-10-25,171.8800048828125,173.05999755859375,170.64999389648438,171.10000610351562,57157000,-0.013491676112499795,1.082651195079702,173.1760040283203,175.42200241088867,-0.01280340180650536,Downtrend,167.6199951171875,182.33999633789062,0.23641377022670496,0,0,Low,Akumulasi
2023-10-26,170.3699951171875,171.3800048828125,165.6699981689453,166.88999938964844,70625300,-0.02460553222493822,1.3198500208231736,171.46200256347657,175.23200225830078,-0.021514333262408532,Downtrend,165.6699981689453,182.33999633789062,0.07318544419374179,0,1,Medium,Markdown
2023-10-27,166.91000366210938,168.9600067138672,166.8300018310547,168.22000122070312,58499100,0.007969332110484562,1.0864957734199856,170.53000183105468,175.08250198364257,-0.026002028192475924,Downtrend,165.6699981689453,182.33999633789062,0.15296960599001358,0,0,Low,Markdown
2023-10-30,169.02000427246094,171.1699981689453,168.8699951171875,170.2899932861328,51131000,0.012305267212035398,0.9505613649444733,169.98800048828124,174.9095016479492,-0.028137414567527427,Downtrend,165.6699981689453,182.33999633789062,0.2771443086175096,0,0,Low,Markdown
2023-10-31,169.35000610351562,170.89999389648438,167.89999389648438,170.77000427246094,44846000,0.0028187856318813154,0.8374151236282487,169.4540008544922,174.82800216674804,-0.030738790386280395,Downtrend,165.6699981689453,182.33999633789062,0.30593921198002716,0,0,Low,Markdown
2023-11-01,171.0,174.22999572753906,170.1199951171875,173.97000122070312,56934900,0.018738635990994235,1.059281149916035,170.0279998779297,174.84350204467773,-0.02754178514176376,Downtrend,165.6699981689453,182.33999633789062,0.49790065767493374,0,0,Low,Markdown
2023-11-02,175.52000427246094,177.77999877929688,175.4600067138672,177.57000732421875,77334800,0.020693257908003027,1.4012728812725515,172.16400146484375,174.97650222778321,-0.01607359118013555,Downtrend,165.6699981689453,182.33999633789062,0.7138578561719383,0,0,Medium,Markdown
2023-11-03,174.24000549316406,176.82000732421875,173.35000610351562,176.64999389648438,79829200,-0.005181130764130404,1.4174951156034519,173.85,174.93450164794922,-0.006199472589642457,Sideways,165.6699981689453,182.33999633789062,0.6586680823993006,0,0,Medium,Distribusi
2023-11-06,176.3800048828125,179.42999267578125,176.2100067138672,179.22999572753906,63841300,0.014605162299448304,1.112419032607206,175.63800048828125,174.94650115966797,0.003952633085140506,Sideways,165.6699981689453,182.33999633789062,0.8134372554314246,0,0,Low,Distribusi
2023-11-07,179.17999267578125,182.44000244140625,178.97000122070312,181.82000732421875,70530000,0.014450770844278482,1.200894617964229,177.8480010986328,175.11800155639648,0.015589485478208452,Uptrend,165.6699981689453,182.44000244140625,0.9630295194256073,0,0,Medium,Distribusi
2023-11-08,182.35000610351562,183.4499969482422,181.58999633789062,182.88999938964844,49340300,0.005884897273828127,0.8388258040221401,179.6320007324219,175.27250137329102,0.024872694375748718,Uptrend,165.6699981689453,183.4499969482422,0.9685040721574282,1,0,Low,Distribusi
2023-11-09,182.9600067138672,184.1199951171875,181.80999755859375,182.41000366210938,53763500,-0.0026245050529877245,0.9163447553373053,180.6,175.3575012207031,0.02989606228876817,Uptrend,165.6699981689453,184.1199951171875,0.9073175209798047,0,0,Low,Distribusi
2023-11-10,183.97000122070312,186.57000732421875,183.52999877929688,186.39999389648438,66133400,0.02187374680264753,1.1132255267518092,182.55,175.73500061035156,0.03877997761390178,Uptrend,165.6699981689453,186.57000732421875,0.9918653897961821,1,0,Low,Distribusi
2023-11-13,185.82000732421875,186.02999877929688,184.2100067138672,184.8000030517578,43627500,-0.008583642151914983,0.7399190011080765,183.66400146484375,176.03900070190429,0.04331426975009511,Uptrend,165.6699981689453,186.57000732421875,0.9153108374589236,0,0,Low,Distribusi
2023-11-14,187.6999969482422,188.11000061035156,186.3000030517578,187.44000244140625,60108400,0.01428571074703422,1.01722637747854,184.78800048828126,176.5535011291504,0.04664024959271274,Uptrend,165.6699981689453,188.11000061035156,0.9701426873417343,1,0,Low,Distribusi
2023-11-15,187.85000610351562,189.5,187.77999877929688,188.00999450683594,53790500,0.003040930740533243,0.9110580827579923,185.81199951171874,177.16200103759766,0.04882535997256746,Uptrend,165.6699981689453,189.5,0.9374735468453753,0,0,Low,Distribusi
2023-11-16,189.57000732421875,190.9600067138672,188.64999389648438,189.7100067138672,54412900,0.009042137421952035,0.9254321075001926,187.27200012207032,177.87450103759767,0.05283218802950452,Uptrend,165.6699981689453,190.9600067138672,0.950573365850009,1,0,Low,Distribusi
2023-11-17,190.25,190.3800048828125,188.57000732421875,189.69000244140625,50922700,-0.0001054465855937492,0.875995646057691,187.93000183105468,178.71500091552736,0.05156254857354113,Uptrend,165.6699981689453,190.9600067138672,0.9497823707649182,0,0,Low,Distribusi
2023-11-20,189.88999938964844,191.91000366210938,189.8800048828125,191.4499969482422,46505100,0.009278267089376957,0.806575383330609,189.26000061035157,179.63750076293945,0.053566208651001826,Uptrend,165.6699981689453,191.91000366210938,0.9824692600012211,1,0,Low,Distribusi
2023-11-21,191.41000366210938,191.52000427246094,189.74000549316406,190.63999938964844,38134500,-0.004230856994020926,0.6646724778412005,189.9,180.49750061035155,0.052092130682441264,Uptrend,165.6699981689453,191.91000366210938,0.9516004570657657,0,0,Low,Distribusi
2023-11-22,191.49000549316406,192.92999267578125,190.8300018310547,191.30999755859375,39617700,0.0035144679557825853,0.701242848991896,190.56000061035155,181.50800018310548,0.04987108236614586,Uptrend,165.6699981689453,192.92999267578125,0.940572434202756,0,0,Low,Distribusi
2023-11-24,190.8699951171875,190.89999389648438,189.25,189.97000122070312,24048300,-0.0070043194552873445,0.4439613344187309,190.61199951171875,182.6620002746582,0.04352300546970143,Uptrend,166.8300018310547,192.92999267578125,0.886590325924341,0,0,Low,Distribusi
2023-11-27,189.9199981689453,190.6699981689453,188.89999389648438,189.7899932861328,40552600,-0.0009475597905649336,0.761261965641973,190.63199768066406,183.7404998779297,0.0375066890931113,Uptrend,167.89999389648438,192.92999267578125,0.8745505576194581,0,0,Low,Distribusi
2023-11-28,189.77999877929688,191.0800018310547,189.39999389648438,190.39999389648438,38415400,0.003214082048213829,0.7298527865304948,190.4219970703125,184.74599990844726,0.030723247944085597,Uptrend,167.89999389648438,192.92999267578125,0.8989213382866994,0,0,Low,Distribusi
2023-11-29,190.89999389648438,192.08999633789062,188.97000122070312,189.3699951171875,43014200,-0.0054096576277038455,0.8186497651631449,190.16799621582032,185.6759994506836,0.024192662371152678,Uptrend,170.1199951171875,192.92999267578125,0.8439281920373328,0,0,Low,Distribusi
2023-11-30,189.83999633789062,190.32000732421875,188.19000244140625,189.9499969482422,48794400,0.0030627968844576525,0.9359090537247557,189.89599609375,186.47499923706056,0.018345605956219483,Uptrend,173.35000610351562,192.92999267578125,0.847803995342871,0,0,Low,Distribusi
2023-12-01,190.3300018310547,191.55999755859375,189.22999572753906,191.24000549316406,45704800,0.006791305952341675,0.9040728159118303,190.14999694824218,187.15849914550782,0.01598376678800248,Uptrend,173.35000610351562,192.92999267578125,0.9136880315836888,0,0,Low,Distribusi
2023-12-04,189.97999572753906,190.0500030517578,187.4499969482422,189.42999267578125,43389500,-0.00946461391650355,0.8903633828452763,190.07799682617187,187.79749908447266,0.012143387174040178,Uptrend,176.2100067138672,192.92999267578125,0.7906696807059204,0,0,Low,Distribusi
2023-12-05,190.2100067138672,194.39999389648438,190.17999267578125,193.4199981689453,66628400,0.02106321938149014,1.363332832361793,190.68199768066407,188.50699920654296,0.011538025024407783,Uptrend,178.97000122070312,194.39999389648438,0.9364876090267202,1,0,Medium,Markup
2023-12-06,194.4499969482422,194.75999450683594,192.11000061035156,192.32000732421875,41089700,-0.0056870585003612195,0.8668769774654644,191.27200012207032,189.03199920654296,0.011849850421778895,Uptrend,181.58999633789062,194.75999450683594,0.814731395455267,0,0,Low,Markup
2023-12-07,193.6300048828125,195.0,193.58999633789062,194.27000427246094,47477700,0.010139334827264257,1.0036176800849608,192.13600158691406,189.6009994506836,0.013370193952431376,Uptrend,181.80999755859375,195.0,0.9446553758589574,0,0,Low,Markup
2023-12-08,194.1999969482422,195.99000549316406,193.6699981689453,195.7100067138672,53406400,0.00741237663940475,1.1293690533500547,193.03000183105468,190.2659996032715,0.014527042317316137,Uptrend,183.52999877929688,195.99000549316406,0.9775281999659555,1,0,Low,Markup
2023-12-11,193.11000061035156,193.49000549316406,191.4199981689453,193.17999267578125,60943700,-0.012927361664163084,1.2958688236802567,193.78000183105468,190.60499954223633,0.01665749742369584,Uptrend,184.2100067138672,195.99000549316406,0.7614589890856902,0,0,Medium,Markup
2023-12-12,193.0800018310547,194.72000122070312,191.72000122070312,194.7100067138672,52696900,0.007920147510585007,1.1098128602233783,194.03800354003906,191.1004997253418,0.015371512994048566,Uptrend,186.3000030517578,195.99000549316406,0.867905216016528,0,0,Low,Markup
2023-12-13,195.08999633789062,198.0,194.85000610351562,197.9600067138672,70404200,0.016691489332522957,1.46683117530337,195.16600341796874,191.62649993896486,0.01847084552570367,Uptrend,187.4499969482422,198.0,0.9962091682877618,1,0,Medium,Markup
2023-12-14,198.02000427246094,199.6199951171875,196.16000366210938,198.11000061035156,66831600,0.000757697976345284,1.3737356379665293,195.9340026855469,192.13150024414062,0.019791145317527,Uptrend,187.4499969482422,199.6199951171875,0.8759248369741703,1,0,Medium,Markup
2023-12-15,197.52999877929688,198.39999389648438,197.0,197.57000732421875,128538400,-0.002725724519050843,2.455093331571033,196.30600280761718,192.5245002746582,0.019641669125561794,Uptrend,187.4499969482422,199.6199951171875,0.8315539768773517,0,0,High,Markup
2023-12-18,196.08999633789062,196.6300048828125,194.38999938964844,195.88999938964844,55751900,-0.008503355126233125,1.0599770672508289,196.84800415039064,192.83450012207032,0.0208132052396207,Uptrend,187.4499969482422,199.6199951171875,0.6935089327246534,0,0,Low,Markup
2023-12-19,196.16000366210938,196.9499969482422,195.88999938964844,196.94000244140625,40714100,0.005360166700849378,0.7783573820460918,197.29400329589845,193.1090003967285,0.021671713335847415,Uptrend,187.4499969482422,199.6199951171875,0.779786928594624,0,0,Low,Markup
2023-12-20,196.89999389648438,197.67999267578125,194.8300018310547,194.8300018310547,52242800,-0.010713925988598105,0.9854689785842697,196.66800231933593,193.31850051879883,0.017326338615022432,Uptrend,187.4499969482422,199.6199951171875,0.6064096954134606,0,0,Low,Markup
2023-12-21,196.10000610351562,197.0800018310547,193.5,194.67999267578125,46482500,-0.0007699489496669765,0.8711705021190064,195.98200073242188,193.48700027465821,0.012894925520691151,Uptrend,187.4499969482422,199.6199951171875,0.5940835509727637,0,0,Low,Markup
2023-12-22,195.17999267578125,195.41000366210938,192.97000122070312,193.60000610351562,37149600,-0.005547496470601487,0.6878098417668553,195.18800048828126,193.66850051879882,0.00784588079843653,Sideways,187.4499969482422,199.6199951171875,0.5053418307791262,0,0,Low,Markup
2023-12-26,193.61000061035156,193.88999938964844,192.8300018310547,193.0500030517578,28919300,-0.0028409247645567737,0.5412581280755908,194.62000122070313,193.83150100708008,0.004067967330007164,Sideways,187.4499969482422,199.6199951171875,0.4601484754373581,0,0,Low,Markup
2023-12-27,192.49000549316406,193.5,191.08999633789062,193.14999389648438,48087700,0.0005179530854488856,0.8919435412983676,193.86199951171875,193.96900100708007,-0.0005516422459556365,Sideways,187.4499969482422,199.6199951171875,0.4683646512607623,0,0,Low,Markup
2023-12-28,194.13999938964844,194.66000366210938,193.1699981689453,193.5800018310547,34049900,0.002226290179438317,0.636861284004027,193.61199951171875,194.17950134277345,-0.002922563026119435,Sideways,187.4499969482422,199.6199951171875,0.5036980940929545,0,0,Low,Markup
2023-12-29,193.89999389648438,194.39999389648438,191.72999572753906,192.52999877929688,42672100,-0.005424129774904141,0.802724878882358,193.18200073242187,194.30850143432616,-0.005797485408969788,Sideways,187.4499969482422,199.6199951171875,0.417420098222984,0,0,Low,Markup
2024-01-02,187.14999389648438,188.44000244140625,183.88999938964844,185.63999938964844,82488700,-0.03578662771169838,1.4998421313548949,191.58999938964843,194.02850112915038,-0.012567750229018309,Downtrend,183.88999938964844,199.6199951171875,0.11125241419717698,0,1,Medium,Markdown
2024-01-03,184.22000122070312,185.8800048828125,183.42999267578125,184.25,58414500,-0.007487607165581278,1.0478030253362787,189.8299987792969,193.76950149536134,-0.020330870883510845,Downtrend,183.42999267578125,199.6199951171875,0.050648993240517685,0,0,Low,Markdown
2024-01-04,182.14999389648438,183.08999633789062,180.8800048828125,181.91000366210938,71983600,-0.012700115809447077,1.2850252506972628,187.58200073242188,193.19400177001953,-0.02904852628022191,Downtrend,180.8800048828125,199.6199951171875,0.05496261024765826,0,1,Medium,Markdown
2024-01-05,181.99000549316406,182.75999450683594,180.1699981689453,181.17999267578125,62379700,-0.004013033761925966,1.0928130901348267,185.10199890136718,192.63700103759766,-0.039115030319434016,Downtrend,180.1699981689453,199.6199951171875,0.05192774628826956,0,0,Low,Markdown
2024-01-08,182.08999633789062,185.60000610351562,181.5,185.55999755859375,59144500,0.024174881663950876,1.0256549433145055,183.70799865722657,192.2015007019043,-0.044190612527270384,Downtrend,180.1699981689453,199.6199951171875,0.27712083472257637,0,0,Low,Markdown
2024-01-09,183.9199981689453,185.14999389648438,182.72999572753906,185.13999938964844,42841800,-0.002263409002323802,0.7498099957339284,183.60799865722657,191.67300033569336,-0.04207687918664526,Downtrend,180.1699981689453,199.6199951171875,0.2555270951418989,0,0,Low,Markdown
2024-01-10,184.35000610351562,186.39999389648438,183.9199981689453,186.19000244140625,46792900,0.005671400319862574,0.8292300449757205,183.99599914550782,191.3235008239746,-0.03829901526424803,Downtrend,180.1699981689453,199.6199951171875,0.30951183635044227,0,0,Low,Markdown
2024-01-11,186.5399932861328,187.0500030517578,183.6199951171875,185.58999633789062,49128400,-0.0032225473744458277,0.8733796484359098,184.73199768066405,190.86750030517578,-0.03214535012352416,Downtrend,180.1699981689453,199.6199951171875,0.2786631886559319,0,0,Low,Markdown
2024-01-12,186.05999755859375,186.74000549316406,185.19000244140625,185.9199981689453,40477800,0.0017781229460982484,0.7392585717471357,185.67999877929688,190.2654998779297,-0.024100538991960067,Downtrend,180.1699981689453,199.6199951171875,0.29562986643654265,0,0,Low,Markdown
2024-01-16,182.16000366210938,184.25999450683594,180.92999267578125,183.6300048828125,65603000,-0.012317089655153213,1.1994735721980592,185.29400024414062,189.54150009155273,-0.022409339618819513,Downtrend,180.1699981689453,198.39999389648438,0.1897974506181778,0,0,Low,Markdown
2024-01-17,181.27000427246094,182.92999267578125,180.3000030517578,182.67999267578125,47317400,-0.005173512943255187,0.9345334413280426,184.8019989013672,188.79699935913087,-0.021160296357064186,Downtrend,180.1699981689453,197.67999267578125,0.14334639030617802,0,0,Low,Markdown
2024-01-18,186.08999633789062,189.13999938964844,185.8300018310547,188.6300048828125,78005800,0.032570683411353496,1.5075097876975283,185.28999938964844,188.43399963378906,-0.016684888344199043,Downtrend,180.1699981689453,197.67999267578125,0.48315301929788634,0,0,High,Markdown
2024-01-19,189.3300018310547,191.9499969482422,188.82000732421875,191.55999755859375,68903000,0.015533014896551123,1.2962839283782577,186.48399963378907,188.16499938964844,-0.008933647390917761,Sideways,180.1699981689453,197.67999267578125,0.6504856061035176,0,0,Medium,Distribusi
2024-01-22,192.3000030517578,195.3300018310547,192.25999450683594,193.88999938964844,60133900,0.01216330058858972,1.1229737059491804,188.0779998779297,188.1179992675781,-0.00021262925293777884,Sideways,180.1699981689453,197.0800018310547,0.8113541247448598,0,0,Low,Distribusi
2024-01-23,195.02000427246094,195.75,193.8300018310547,195.17999267578125,42355600,0.006653222395139657,0.7940316213387983,190.38799743652345,188.14299926757812,0.011932403425505509,Uptrend,180.1699981689453,195.75,0.9634141683422278,0,0,Low,Distribusi
2024-01-24,195.4199981689453,196.3800048828125,194.33999633789062,194.5,53631300,-0.0034839261261312426,0.9901185316508557,192.7519989013672,188.18799896240233,0.024252343210667153,Uptrend,180.1699981689453,196.3800048828125,0.8840219553268778,0,0,Low,Distribusi
2024-01-25,195.22000122070312,196.27000427246094,193.11000061035156,194.1699981689453,54822100,-0.0016966675118492702,0.9884679846997075,193.85999755859376,188.2439987182617,0.02983361423774962,Uptrend,180.1699981689453,196.3800048828125,0.8636640469755887,0,0,Low,Distribusi
2024-01-26,194.27000427246094,194.75999450683594,191.94000244140625,192.4199981689453,44594000,-0.009012720896651283,0.8065910611897914,194.03199768066406,188.20749893188477,0.03094721932884974,Uptrend,180.1699981689453,196.3800048828125,0.7557060411036401,0,0,Low,Distribusi
2024-01-29,192.00999450683594,192.1999969482422,189.5800018310547,191.72999572753906,47145600,-0.003585918553020817,0.8427618103355122,193.5999969482422,188.114998626709,0.029157687380459756,Uptrend,180.1699981689453,196.3800048828125,0.7131395910345003,0,0,Low,Distribusi
2024-01-30,190.94000244140625,191.8000030517578,187.47000122070312,188.0399932861328,55859400,-0.01924582758897042,0.986895142589859,192.1719970703125,187.89049835205077,0.02278720188521443,Uptrend,180.1699981689453,196.3800048828125,0.48550227375630567,0,0,Low,Distribusi
2024-01-31,187.0399932861328,187.10000610351562,184.35000610351562,184.39999389648438,55467800,-0.01935758093816564,1.0039401735073625,190.15199584960936,187.82849807739257,0.012370315452660577,Uptrend,180.1699981689453,196.3800048828125,0.2609496591954169,0,0,Low,Distribusi
2024-02-01,183.99000549316406,186.9499969482422,183.82000732421875,186.86000061035156,64885400,0.013340600842146166,1.167556926708971,188.68999633789062,187.95899810791016,0.0038891366592664002,Sideways,180.1699981689453,196.3800048828125,0.4127081844872494,0,0,Low,Distribusi
2024-02-02,179.86000061035156,187.3300018310547,179.25,185.85000610351562,102551700,-0.0054050867148502935,1.7959371164487863,187.3759979248047,188.15599822998047,-0.004145497951239333,Sideways,179.25,196.3800048828125,0.3852892132061085,0,0,High,Distribusi
2024-02-05,188.14999389648438,189.25,185.83999633789062,187.67999267578125,69668800,0.009846577950857638,1.2123374118247305,186.5659973144531,188.48099822998046,-0.010160180248996245,Downtrend,179.25,196.3800048828125,0.49211852147453483,0,0,Medium,Distribusi
2024-02-06,186.86000061035156,189.30999755859375,186.77000427246094,189.3000030517578,43490800,0.0086317691773099,0.7672523863730085,186.81799926757813,188.66799850463866,-0.009805580446728728,Sideways,179.25,196.3800048828125,0.5866900284331821,0,0,Low,Distribusi
2024-02-07,190.63999938964844,191.0500030517578,188.61000061035156,189.41000366210938,53439000,0.0005810914346444651,0.934024787950645,187.82000122070312,188.88149871826172,-0.00561991251002275,Sideways,179.25,196.3800048828125,0.5931115450120787,0,0,Low,Distribusi
2024-02-08,189.38999938964844,189.5399932861328,187.35000610351562,188.32000732421875,40962000,-0.005754692554861496,0.7196145471691683,188.11200256347655,188.98799896240234,-0.004635195905217586,Sideways,179.25,196.3800048828125,0.5294807203072779,0,0,Low,Distribusi
2024-02-09,188.64999389648438,189.99000549316406,188.0,188.85000610351562,45155200,0.0028143519471321987,0.7960583518500628,188.71200256347657,189.1509994506836,-0.0023208806111621053,Sideways,179.25,196.3800048828125,0.5604205117972764,0,0,Low,Distribusi
2024-02-12,188.4199981689453,188.6699981689453,186.7899932861328,187.14999389648438,41781900,-0.009001917670574011,0.7357433967699728,188.6060028076172,189.21249923706054,-0.0032053719066597523,Sideways,179.25,196.3800048828125,0.46117872998453635,0,0,Low,Distribusi
2024-02-13,185.77000427246094,186.2100067138672,183.50999450683594,185.0399932861328,56529500,-0.011274382469489308,1.003452382452759,187.75400085449218,189.28299865722656,-0.008077840131343491,Sideways,179.25,196.3800048828125,0.338003014344861,0,0,Low,Distribusi
2024-02-14,185.32000732421875,185.52999877929688,182.44000244140625,184.14999389648438,54630500,-0.004809767736384418,0.9634895816477638,186.70199890136718,189.35649871826172,-0.014018530311146592,Downtrend,179.25,196.3800048828125,0.28604743139336847,0,0,Low,Distribusi
2024-02-15,183.5500030517578,184.49000549316406,181.35000610351562,183.86000061035156,65434500,-0.0015747667431138535,1.1669707394586613,185.80999755859375,189.11799850463868,-0.017491729883995093,Downtrend,179.25,196.3800048828125,0.2691184644656486,0,0,Low,Distribusi
2024-02-16,183.4199981689453,184.85000610351562,181.6699981689453,182.30999755859375,49752500,-0.008430343993322875,0.9027103992002116,184.5019958496094,188.65549850463867,-0.022016335001903795,Downtrend,179.25,196.3800048828125,0.1786337820407756,0,0,Low,Distribusi
2024-02-20,181.7899932861328,182.42999267578125,180.0,181.55999755859375,53665600,-0.004113872031395016,0.9794572701143761,183.38399658203124,188.03899841308595,-0.02475551279436487,Downtrend,179.25,196.3800048828125,0.13485095739298364,0,0,Low,Distribusi
2024-02-21,181.94000244140625,182.88999938964844,180.66000366210938,182.32000732421875,41371400,0.004185997884141424,0.7557531289988756,182.83999938964843,187.3959991455078,-0.024312150614921972,Downtrend,179.25,196.3800048828125,0.1792181231249421,0,0,Low,Distribusi
2024-02-22,183.47999572753906,184.9600067138672,182.4600067138672,184.3699951171875,52292200,0.011243899246467626,0.956418926055686,182.88399963378907,186.88949890136718,-0.021432446933211828,Downtrend,179.25,196.27000427246094,0.3008221992912106,0,0,Low,Distribusi
2024-02-23,185.00999450683594,185.0399932861328,182.22999572753906,182.52000427246094,45119700,-0.010034121026855192,0.8326223302784884,182.61600036621093,186.30699920654297,-0.019811380442235245,Downtrend,179.25,194.75999450683594,0.21083207160516418,0,0,Low,Distribusi
2024-02-26,182.24000549316406,182.75999450683594,180.64999389648438,181.16000366210938,40867400,-0.007451241390074692,0.7567540242034111,182.38600158691406,185.74399948120117,-0.018078634592052955,Downtrend,179.25,192.1999969482422,0.14749066503592,0,0,Low,Distribusi
2024-02-27,181.10000610351562,183.9199981689453,179.55999755859375,182.6300048828125,54318900,0.008114380608232441,0.9992033068559942,182.60000305175782,185.28899993896485,-0.014512447517622713,Downtrend,179.25,191.8000030517578,0.2693230327413411,0,0,Low,Distribusi
2024-02-28,182.50999450683594,183.1199951171875,180.1300048828125,181.4199981689453,48953900,-0.006625454095802064,0.9062694875227556,182.4200012207031,184.95800018310547,-0.01372202856805208,Downtrend,179.25,191.0500030517578,0.18389810235024084,0,0,Low,Distribusi
2024-02-29,181.27000427246094,182.57000732421875,179.52999877929688,180.75,136682600,-0.003693077806788292,2.3534447616919927,181.6960021972656,184.77550048828124,-0.01666616127613158,Downtrend,179.25,191.0500030517578,0.12711861119193094,0,0,High,Distribusi
2024-03-01,179.5500030517578,180.52999877929688,177.3800048828125,179.66000366210938,73563100,-0.00603040850838521,1.2572404495795362,181.1240020751953,184.41550064086914,-0.017848274978163034,Downtrend,177.3800048828125,191.0500030517578,0.1667885211920833,0,0,Medium,Distribusi
2024-03-04,176.14999389648438,176.89999389648438,173.7899932861328,175.10000610351562,81510100,-0.025381261636673647,1.418566614247118,179.91200256347656,183.87800064086915,-0.021568638246934974,Downtrend,173.7899932861328,191.0500030517578,0.07589872979051444,0,1,Medium,Markdown
2024-03-05,170.75999450683594,172.0399932861328,169.6199951171875,170.1199951171875,95132400,-0.028440952671264008,1.6197529619806084,177.41000061035157,183.00000076293946,-0.03054644879389508,Downtrend,169.6199951171875,191.0500030517578,0.023331769242764182,0,1,High,Markdown
2024-03-06,171.05999755859375,171.24000549316406,168.67999267578125,169.1199951171875,68587700,-0.005878203789690617,1.1433664393943372,174.95,181.99100036621093,-0.03868872829998573,Downtrend,168.67999267578125,191.0500030517578,0.019669299835407057,0,1,Low,Markdown
2024-03-07,169.14999389648438,170.72999572753906,168.49000549316406,169.0,71765100,-0.0007095264939214196,1.17833514849071,172.6,180.97050018310546,-0.04625339585532567,Downtrend,168.49000549316406,189.99000549316406,0.023720674736555234,0,0,Low,Markdown
2024-03-08,169.0,173.6999969482422,168.94000244140625,170.72999572753906,76267000,0.010236661109698675,1.2169801174614714,170.81399841308593,180.09099960327148,-0.05151285300554817,Downtrend,168.49000549316406,189.99000549316406,0.10418559229651163,0,0,Medium,Markdown
2024-03-11,172.94000244140625,174.3800048828125,172.0500030517578,172.75,60139500,0.01183157220764297,0.9482992087060078,170.3439971923828,179.2859992980957,-0.0498756296683557,Downtrend,168.49000549316406,188.6699981689453,0.21109990351723534,0,0,Low,Markdown
2024-03-12,173.14999389648438,174.02999877929688,171.00999450683594,173.22999572753906,59825400,0.002778557033511264,0.9301147613239646,170.96599731445312,178.58999938964843,-0.04268997200991768,Downtrend,168.49000549316406,186.2100067138672,0.26749378712440736,0,0,Low,Markdown
2024-03-13,172.77000427246094,173.19000244140625,170.75999450683594,171.1300048828125,52488700,-0.012122559005482425,0.8186213600742751,171.3679992675781,177.8944999694824,-0.03668747883168907,Downtrend,168.49000549316406,185.52999877929688,0.15492960268927308,0,0,Low,Markdown
2024-03-14,172.91000366210938,174.30999755859375,172.0500030517578,173.0,72913500,0.010927336316434166,1.1211845266432692,172.16799926757812,177.3370002746582,-0.029147899192353395,Downtrend,168.49000549316406,185.0399932861328,0.27250742195423283,0,0,Low,Markdown
2024-03-15,171.1699981689453,172.6199951171875,170.2899932861328,172.6199951171875,121752700,-0.002196560016257232,1.7944796691804545,172.5459991455078,176.775,-0.023923070878190913,Downtrend,168.49000549316406,185.0399932861328,0.24954638490900038,0,0,High,Markdown
2024-03-18,175.57000732421875,177.7100067138672,173.52000427246094,173.72000122070312,75604200,0.006372414173507979,1.0934776740100365,172.73999938964843,176.34550018310546,-0.02044566370966831,Downtrend,168.49000549316406,185.0399932861328,0.316012059523151,0,0,Low,Markdown
2024-03-19,174.33999633789062,176.61000061035156,173.02999877929688,176.0800018310547,55215200,0.013585082856137465,0.7976938546879099,173.31000061035155,176.0715003967285,-0.015683968047950303,Downtrend,168.49000549316406,185.0399932861328,0.45861038889196215,0,0,Low,Markdown
2024-03-20,175.72000122070312,178.6699981689453,175.08999633789062,178.6699981689453,53423100,0.014709202129471022,0.765142409631928,174.81799926757813,175.88899993896484,-0.006089071356130062,Sideways,168.49000549316406,185.0399932861328,0.615105751323044,0,0,Low,Markdown
2024-03-21,177.0500030517578,177.49000549316406,170.83999633789062,171.3699951171875,106181300,-0.04085746418856029,1.4642550927852396,174.49199829101562,175.23899993896484,-0.004262759135862433,Sideways,168.49000549316406,185.0399932861328,0.1740176282937803,0,0,Medium,Akumulasi
2024-03-22,171.75999450683594,173.0500030517578,170.05999755859375,172.27999877929688,71160100,0.005310169154682409,0.9639991657815458,174.4239990234375,174.72699966430665,-0.0017341374913510568,Sideways,168.49000549316406,183.9199981689453,0.24562508652914303,0,0,Low,Akumulasi
2024-03-25,170.57000732421875,171.94000244140625,169.4499969482422,170.85000610351562,54288300,-0.0083003986876804,0.7288131451990532,173.85,174.21149978637695,-0.002075062707227906,Sideways,168.49000549316406,183.9199981689453,0.15294891319396373,0,0,Low,Akumulasi
2024-03-26,170.0,171.4199981689453,169.5800018310547,169.7100067138672,57388400,-0.006672515943357493,0.7688474529426182,172.5760009765625,173.56549987792968,-0.005701011445610416,Sideways,168.49000549316406,183.1199951171875,0.08339043649763087,0,0,Low,Akumulasi
2024-03-27,170.41000366210938,173.60000610351562,170.11000061035156,173.30999755859375,60273300,0.021212602099510702,0.8014204855767834,171.50400085449218,173.1599998474121,-0.009563403755943594,Sideways,168.49000549316406,182.57000732421875,0.34232893740104275,0,0,Low,Akumulasi
2024-03-28,171.75,172.22999572753906,170.50999450683594,171.47999572753906,65672700,-0.010559124440792766,0.9164793289866433,171.5260009765625,172.69649963378907,-0.006777778702571682,Sideways,168.49000549316406,180.52999877929688,0.248338197814342,0,0,Low,Akumulasi
2024-04-01,171.19000244140625,171.25,169.47999572753906,170.02999877929688,46240500,-0.008455779008450959,0.6578395156395955,171.0760009765625,172.21499938964843,-0.006613816549793387,Sideways,168.49000549316406,178.6699981689453,0.15127646307610215,0,0,Low,Akumulasi
2024-04-02,169.0800018310547,169.33999633789062,168.22999572753906,168.83999633789062,49329500,-0.006998779332762939,0.7182258985303811,170.6739990234375,171.9019989013672,-0.007143604412850942,Sideways,168.22999572753906,178.6699981689453,0.05842916357301124,0,0,Low,Akumulasi
2024-04-03,168.7899932861328,170.67999267578125,168.5800018310547,169.64999389648438,47691700,0.004797427008780275,0.7192190606012828,170.66199645996093,171.87849884033204,-0.007077687951540645,Sideways,168.22999572753906,178.6699981689453,0.136015118474823,0,0,Low,Akumulasi
2024-04-04,170.2899932861328,171.9199981689453,168.82000732421875,168.82000732421875,53704400,-0.00489234660846527,0.8190862887800625,169.76399841308594,171.8634994506836,-0.012216096171136767,Downtrend,168.22999572753906,178.6699981689453,0.05651450753877544,0,0,Low,Akumulasi
2024-04-05,169.58999633789062,170.38999938964844,168.9499969482422,169.5800018310547,42104800,0.004501803541427263,0.6570332028441457,169.38399963378907,171.89249954223632,-0.014593422721337972,Downtrend,168.22999572753906,178.6699981689453,0.12931089921601413,0,0,Low,Akumulasi
2024-04-08,169.02999877929688,169.1999969482422,168.24000549316406,168.4499969482422,37425500,-0.0066635503633162285,0.6022660672140872,169.06799926757813,171.77849960327148,-0.015779043023156854,Downtrend,168.22999572753906,178.6699981689453,0.021072908932528105,0,0,Low,Akumulasi
2024-04-09,168.6999969482422,170.0800018310547,168.35000610351562,169.6699981689453,42373800,0.007242512572309456,0.6917848972100974,169.23399963378907,171.62449951171874,-0.013928663359431642,Downtrend,168.22999572753906,178.6699981689453,0.1379312360785506,0,0,Low,Akumulasi
2024-04-10,168.8000030517578,169.08999633789062,167.11000061035156,167.77999877929688,49709300,-0.01113926687125033,0.8182998186743224,168.86000061035156,171.35199966430665,-0.014543157120063524,Downtrend,167.11000061035156,178.6699981689453,0.05795833135338624,0,1,Low,Akumulasi
2024-04-11,168.33999633789062,175.4600067138672,168.16000366210938,175.0399932861328,91070300,0.04327091762818491,1.4530300450905314,170.10399780273437,171.54749908447266,-0.008414586568979884,Sideways,167.11000061035156,178.6699981689453,0.6859856704628853,0,0,Medium,Distribusi
2024-04-12,174.25999450683594,178.36000061035156,174.2100067138672,176.5500030517578,101670900,0.00862665575607413,1.5857831362884862,171.497998046875,171.72499923706056,-0.001321887850889895,Sideways,167.11000061035156,178.6699981689453,0.8166093801973612,0,0,High,Distribusi
2024-04-15,175.36000061035156,176.6300048828125,172.5,172.69000244140625,73531800,-0.021863497839872292,1.1917062967243628,172.34599914550782,171.72849960327147,0.0035957895379211805,Sideways,167.11000061035156,178.6699981689453,0.48269922227678075,0,0,Low,Distribusi
2024-04-16,171.75,173.75999450683594,168.27000427246094,169.3800048828125,73711200,-0.019167279586534414,1.1964490826358556,172.28800048828126,171.51149978637696,0.004527397304970531,Sideways,167.11000061035156,178.6699981689453,0.1963671930686012,0,0,Low,Distribusi
2024-04-17,169.61000061035156,170.64999389648438,168.0,168.0,50901200,-0.008147389556206863,0.8291096297347214,172.33200073242188,171.1074996948242,0.007156325934173542,Sideways,167.11000061035156,178.6699981689453,0.07698958283834656,0,0,Low,Distribusi
2024-04-18,168.02999877929688,168.63999938964844,166.5500030517578,167.0399932861328,43122900,-0.0057143256777808515,0.7083541982892064,170.73200073242188,170.5259994506836,0.001208034448716761,Sideways,166.5500030517578,178.36000061035156,0.04148944417168402,0,1,Low,Distribusi
2024-04-19,166.2100067138672,166.39999389648438,164.0800018310547,165.0,68149400,-0.012212603975853775,1.155544628323386,168.4220001220703,170.2074996948242,-0.010490134547274599,Downtrend,164.0800018310547,178.36000061035156,0.06442564759032926,0,1,Low,Distribusi
2024-04-22,165.52000427246094,167.25999450683594,164.77000427246094,165.83999633789062,48116400,0.005090886896306879,0.8321208138895713,167.0519989013672,169.8854995727539,-0.016678884769522357,Downtrend,164.0800018310547,178.36000061035156,0.12324892558027213,0,0,Low,Distribusi
2024-04-23,165.35000610351562,167.0500030517578,164.9199981689453,166.89999389648438,49537800,0.006391688265803275,0.860236004090557,166.55599670410157,169.68799896240233,-0.018457417598487413,Downtrend,164.0800018310547,178.36000061035156,0.19747845283559187,0,0,Low,Distribusi
2024-04-24,166.5399932861328,169.3000030517578,166.2100067138672,169.02000427246094,48251800,0.012702279529689164,0.8446045175291347,166.75999755859374,169.65349884033202,-0.017055358725383413,Downtrend,164.0800018310547,178.36000061035156,0.34593857588897414,0,0,Low,Distribusi
2024-04-25,169.52999877929688,170.61000061035156,168.14999389648438,169.88999938964844,50558300,0.005147290824730311,0.8925668887154461,167.3299987792969,169.48249893188478,-0.012700427278057678,Downtrend,164.0800018310547,178.36000061035156,0.40686260891121906,0,0,Low,Distribusi
2024-04-26,169.8800048828125,171.33999633789062,169.17999267578125,169.3000030517578,44838400,-0.003472813820767917,0.8064171078753559,168.18999938964845,169.3734992980957,-0.0069875152450166456,Sideways,164.0800018310547,178.36000061035156,0.3655463352189551,0,0,Low,Distribusi
2024-04-29,173.3699951171875,176.02999877929688,173.10000610351562,173.5,68169400,0.024808014604454476,1.202315266522324,169.7220001220703,169.54699935913087,0.0010321666770920818,Sideways,164.0800018310547,178.36000061035156,0.6596637937114123,0,0,Medium,Distribusi
2024-04-30,173.3300018310547,174.99000549316406,170.0,170.3300018310547,65934800,-0.01827088281812861,1.1461200108710947,170.4080017089844,169.62149963378906,0.004636806518592153,Sideways,164.0800018310547,178.36000061035156,0.4376751074419728,0,0,Low,Distribusi
2024-05-01,169.5800018310547,172.7100067138672,169.11000061035156,169.3000030517578,50383100,-0.006047077838456816,0.8737467651637892,170.46400146484376,169.60400009155273,0.005070643220836748,Sideways,164.0800018310547,178.36000061035156,0.3655463352189551,0,0,Low,Distribusi
2024-05-02,172.50999450683594,173.4199981689453,170.88999938964844,173.02999877929688,94214900,0.02203187040935095,1.5784351503129566,171.09200134277344,169.81449966430665,0.007522924608865479,Sideways,164.0800018310547,178.36000061035156,0.6267505401483565,0,0,High,Distribusi
2024-05-03,186.64999389648438,187.0,182.66000366210938,183.3800048828125,163224100,0.05981625253732603,2.482693488979693,173.9080017089844,170.50449981689454,0.019961361112140055,Uptrend,164.0800018310547,187.0,0.8420595372432319,1,0,High,Markup
2024-05-06,182.35000610351562,184.1999969482422,180.4199981689453,181.7100067138672,78569700,-0.009106762593950823,1.158811376807239,175.5500030517578,171.1675003051758,0.02560359144562153,Uptrend,164.0800018310547,187.0,0.7691974821664553,0,0,Low,Markup
2024-05-07,183.4499969482422,184.89999389648438,181.32000732421875,182.39999389648438,77305800,0.0037971886914498487,1.1115367928099174,177.96400146484376,171.80400009155272,0.035854819270846036,Uptrend,164.0800018310547,187.0,0.7993016373906936,0,0,Low,Markup
2024-05-08,182.85000610351562,183.07000732421875,181.4499969482422,182.74000549316406,45057100,0.0018640987283840005,0.6500248535817109,180.652001953125,172.5520004272461,0.04694237972218778,Uptrend,164.0800018310547,187.0,0.8141363504728427,0,0,Low,Markup
2024-05-09,182.55999755859375,184.66000366210938,182.11000061035156,184.57000732421875,48983000,0.01001423758369735,0.7287878878050813,182.9600036621094,173.02850112915038,0.05739807296571343,Uptrend,164.0800018310547,187.0,0.8939793686775382,0,0,Low,Markup
2024-05-10,184.89999389648438,185.08999633789062,182.1300048828125,183.0500030517578,50759500,-0.008235380680192916,0.7849484497502012,182.89400329589844,173.3535011291504,0.0550349551904363,Uptrend,164.0800018310547,187.0,0.8276615504448817,0,0,Low,Markup
2024-05-13,185.44000244140625,187.10000610351562,184.6199951171875,186.27999877929688,72044800,0.017645428427694565,1.1153882357603953,183.80800170898436,174.03300094604492,0.05616751253958992,Uptrend,164.0800018310547,187.10000610351562,0.9643784894862191,0,0,Low,Markup
2024-05-14,187.50999450683594,188.3000030517578,186.2899932861328,187.42999267578125,52393600,0.006173469529849429,0.8247609632621706,184.81400146484376,174.93550033569335,0.05646939077656627,Uptrend,164.0800018310547,188.3000030517578,0.9640788467329687,1,0,Low,Markup
2024-05-15,187.91000366210938,190.64999389648438,187.3699951171875,189.72000122070312,70400000,0.012217940748059153,1.0914603460363401,186.21000061035156,176.02150039672853,0.05788213479978034,Uptrend,164.0800018310547,190.64999389648438,0.9649983833833633,1,0,Low,Markup
2024-05-16,190.47000122070312,191.10000610351562,189.66000366210938,189.83999633789062,52845200,0.000632485327932919,0.8131675244170533,187.26399841308594,177.1615005493164,0.05702422835912543,Uptrend,164.0800018310547,191.10000610351562,0.9533675215992021,0,0,Low,Markup
2024-05-17,189.50999450683594,190.80999755859375,189.17999267578125,189.8699951171875,41282900,0.00015802138577525326,0.6486582375301936,188.62799682617188,178.40500030517578,0.057302186057054824,Uptrend,164.77000427246094,191.10000610351562,0.953284811971513,0,0,Low,Markup
2024-05-20,189.3300018310547,191.9199981689453,189.00999450683594,191.0399932861328,44361300,0.006162101432736655,0.6990900355405004,189.57999572753906,179.66500015258788,0.05518601601052214,Uptrend,164.9199981689453,191.9199981689453,0.9674072265625,0,0,Low,Markup
2024-05-21,191.08999633789062,192.72999572753906,190.9199981689453,192.35000610351562,42309400,0.006857270013722827,0.6705734609696858,190.56399841308593,180.93750076293946,0.05320344101999561,Uptrend,166.2100067138672,192.72999572753906,0.9856715768687709,1,0,Low,Markup
2024-05-22,192.27000427246094,192.82000732421875,190.27000427246094,190.89999389648438,34648500,-0.0075384047882530725,0.5551381825190714,190.79999694824218,182.03150024414063,0.04817021610183536,Uptrend,168.14999389648438,192.82000732421875,0.9221721774348177,0,0,Low,Markup
2024-05-23,190.97999572753906,191.0,186.6300048828125,186.8800048828125,51005900,-0.021058088749084547,0.8169234793006727,190.20799865722657,182.88100051879883,0.04006429381752304,Uptrend,169.11000061035156,192.82000732421875,0.7494727642598202,0,0,Low,Markup
2024-05-24,188.82000732421875,190.5800018310547,188.0399932861328,189.97999572753906,36327000,0.016588135507972,0.5858154198448662,190.22999877929686,183.91500015258788,0.034336506655083324,Uptrend,169.11000061035156,192.82000732421875,0.8802188615569366,0,0,Low,Markup
2024-05-28,191.50999450683594,193.0,189.10000610351562,189.99000549316406,52280100,5.268852431883353e-05,0.8540192612992552,190.02000122070314,184.7395004272461,0.02858349611883138,Uptrend,169.11000061035156,193.0,0.8740060869093127,0,0,Low,Markup
2024-05-29,189.61000061035156,192.25,189.50999450683594,190.2899932861328,53068000,0.0015789661787211084,0.8760970921213583,189.60799865722657,185.7375,0.020838541798110573,Uptrend,169.11000061035156,193.0,0.886563131724422,0,0,Low,Markup
2024-05-30,190.75999450683594,192.17999267578125,190.6300048828125,191.2899932861328,49889100,0.005255137081729533,0.8239527671166723,189.68599853515624,186.83699951171874,0.015248580478615563,Uptrend,170.88999938964844,193.0,0.9226591285996352,0,0,Low,Markup
2024-05-31,191.44000244140625,192.57000732421875,189.91000366210938,192.25,75158300,0.005018593484036549,1.2611370306883898,190.75999755859374,187.7979995727539,0.01577225525606491,Uptrend,180.4199981689453,193.0,0.940381566706249,0,0,Medium,Markup
2024-06-03,192.89999389648438,194.99000549316406,192.52000427246094,194.02999877929688,50080500,0.009258771283728873,0.928474353701258,191.56999816894532,188.33049926757812,0.017201137967380157,Uptrend,180.4199981689453,194.99000549316406,0.9341107596925203,1,0,Low,Markup
2024-06-04,194.63999938964844,195.32000732421875,193.02999877929688,194.35000610351562,47471400,0.0016492672588364066,0.9062268951887014,192.44199829101564,188.96249923706054,0.018413701491055815,Uptrend,181.32000732421875,195.32000732421875,0.9307141985212054,0,0,Low,Markup
2024-06-05,195.39999389648438,196.89999389648438,194.8699951171875,195.8699951171875,54156800,0.007820884826019947,1.0572106573755733,193.55799865722656,189.6359992980957,0.020681723795310258,Uptrend,181.4499969482422,196.89999389648438,0.9333333991749388,1,0,Low,Markup
2024-06-06,195.69000244140625,196.5,194.1699981689453,194.47999572753906,41181800,-0.007096540686677422,0.8069743205070588,194.1959991455078,190.22299880981444,0.020886014627839976,Uptrend,182.11000061035156,196.89999389648438,0.8363759792092457,0,0,Low,Markup
2024-06-07,194.64999389648438,196.94000244140625,194.13999938964844,196.88999938964844,53103900,0.012392038847459208,1.0364082406944792,195.1239990234375,190.83899841308593,0.022453485115638445,Uptrend,182.1300048828125,196.94000244140625,0.9966236961511991,0,0,Low,Markup
2024-06-10,196.89999389648438,197.3000030517578,192.14999389648438,193.1199951171875,97010200,-0.019147769232301326,1.8115500691071034,194.94199829101564,191.3424980163574,0.018811818137497677,Uptrend,184.6199951171875,197.3000030517578,0.6703465836820108,0,0,High,Markup
2024-06-11,193.64999389648438,207.16000366210938,193.6300048828125,207.14999389648438,172373300,0.07264912559045644,2.9431632226550763,197.5019958496094,192.3859977722168,0.026592361900733975,Uptrend,186.2899932861328,207.16000366210938,0.9995203756277705,1,0,High,Markup
2024-06-12,207.3699951171875,220.1999969482422,206.89999389648438,213.07000732421875,198134300,0.02857839054869915,3.0086723900508083,200.94199829101564,193.66799850463866,0.037559120983029895,Uptrend,186.6300048828125,220.1999969482422,0.7876082422025388,1,0,High,Markup
2024-06-13,214.74000549316406,216.75,211.60000610351562,214.24000549316406,97862700,0.005491144359726752,1.4556938206713828,204.8940002441406,194.8939987182617,0.0513099510074442,Uptrend,186.6300048828125,220.1999969482422,0.8224607428127542,0,0,Medium,Markup
2024-06-14,213.85000610351562,215.1699981689453,211.3000030517578,212.49000549316406,70122700,-0.008168409051202308,1.0298318855368016,208.01400146484374,196.0264991760254,0.06115245815849602,Uptrend,186.6300048828125,220.1999969482422,0.7703308526242442,0,0,Low,Markup
2024-06-17,213.3699951171875,218.9499969482422,212.72000122070312,216.6699981689453,93728300,0.019671478976528656,1.3254621542438574,212.7240020751953,197.3664993286133,0.07781210488519595,Uptrend,186.6300048828125,220.1999969482422,0.8948466007255312,0,0,Medium,Markup
2024-06-18,217.58999633789062,218.6300048828125,213.0,214.2899932861328,79943300,-0.010984469021671939,1.1027761042393536,214.152001953125,198.52899932861328,0.07869380633230254,Uptrend,186.6300048828125,220.1999969482422,0.8239498046174552,0,0,Low,Markup
2024-06-20,213.92999267578125,214.24000549316406,208.85000610351562,209.67999267578125,86172500,-0.021512906597537684,1.153798312480008,213.4739990234375,199.39549865722657,0.07060590866403038,Uptrend,186.6300048828125,220.1999969482422,0.6866247614251176,0,0,Low,Markup
2024-06-21,210.38999938964844,211.88999938964844,207.11000061035156,207.49000549316406,241805100,-0.010444426073609514,2.84330208353911,212.1239990234375,200.22499923706056,0.05942814249827455,Uptrend,186.6300048828125,220.1999969482422,0.6213883092285014,0,0,High,Markup
2024-06-24,207.72000122070312,212.6999969482422,206.58999633789062,208.13999938964844,80727000,0.00313265159417897,0.9329385484066965,211.25399780273438,201.28799896240236,0.049511142699538296,Uptrend,188.0399932861328,220.1999969482422,0.625000118616195,0,0,Low,Markup
2024-06-25,209.14999389648438,211.3800048828125,208.61000061035156,209.07000732421875,55549700,0.004468184574312861,0.6349193830904797,209.73399963378907,202.24249954223632,0.03704216526451814,Uptrend,189.10000610351562,220.1999969482422,0.6421224147752222,0,0,Low,Markup
2024-06-26,211.5,214.86000061035156,210.63999938964844,213.25,66213200,0.01999326794540668,0.750822068475496,209.5260009765625,203.40549926757814,0.030090148648994477,Uptrend,189.50999450683594,220.1999969482422,0.7735419877691045,0,0,Low,Markup
2024-06-27,214.69000244140625,215.74000549316406,212.35000610351562,214.10000610351562,49772700,0.003985960626099017,0.5654521031132375,210.41000366210938,204.59599990844725,0.028416996208448723,Uptrend,189.91000366210938,220.1999969482422,0.7986136613797394,0,0,Low,Markup
2024-06-28,215.77000427246094,216.07000732421875,210.3000030517578,210.6199951171875,82542700,-0.016254137725925877,0.9206650075756629,211.03600158691407,205.5625,0.02662694599897388,Uptrend,189.91000366210938,220.1999969482422,0.6837238707662392,0,0,Low,Markup
2024-07-01,212.08999633789062,217.50999450683594,211.9199981689453,216.75,60402900,0.029104572333703782,0.6793120608652378,212.75800170898438,206.7875,0.028872643215786187,Uptrend,192.14999389648438,220.1999969482422,0.8770054697720974,0,0,Low,Markup
2024-07-02,216.14999389648438,220.3800048828125,215.10000610351562,220.27000427246094,58046200,0.016239927439266166,0.6498967402661795,214.9980010986328,208.0995002746582,0.03315001148426446,Uptrend,192.14999389648438,220.3800048828125,0.9961034159566982,1,0,Low,Markup
2024-07-03,220.0,221.5500030517578,219.02999877929688,221.5500030517578,37369800,0.0058110444203451905,0.42077917076784055,216.6580017089844,209.45950012207032,0.03436703316258689,Uptrend,192.14999389648438,221.5500030517578,1.0,1,0,Low,Markup
2024-07-05,221.64999389648438,226.4499969482422,221.64999389648438,226.33999633789062,60412400,0.021620371113304726,0.6778486112593912,219.1059997558594,210.98300018310547,0.03850073022804784,Uptrend,192.14999389648438,226.4499969482422,0.9967929854062819,1,0,Low,Markup
2024-07-08,227.08999633789062,227.85000610351562,223.25,227.82000732421875,59085900,0.006538884025246272,0.6563718701864296,222.54600219726564,212.65000076293944,0.04653656900456906,Uptrend,192.14999389648438,227.85000610351562,0.9991596983462385,1,0,Low,Markup
2024-07-09,227.92999267578125,229.39999389648438,226.3699951171875,228.67999267578125,48076100,0.00377484559702701,0.5355621268487332,224.93200073242187,214.2395004272461,0.049909098386862846,Uptrend,192.14999389648438,229.39999389648438,0.9806711081690436,1,0,Low,Markup
2024-07-10,229.3000030517578,233.0800018310547,229.25,232.97999572753906,62627700,0.018803582252402418,0.7112869991711948,227.4739990234375,216.23250045776368,0.05198801540876417,Uptrend,193.6300048828125,233.0800018310547,0.9974649908427919,1,0,Low,Markup
2024-07-11,231.38999938964844,232.38999938964844,225.77000427246094,227.57000732421875,64710600,-0.023220827978926883,0.7828025523166978,228.6779998779297,217.25350112915038,0.052586028254558756,Uptrend,206.58999633789062,233.0800018310547,0.7919972304929181,0,0,Low,Markup
2024-07-12,228.9199981689453,232.63999938964844,228.67999267578125,230.5399932861328,53046500,0.013050867277438316,0.7034327928721179,229.51799926757812,218.1270004272461,0.052221865326256924,Uptrend,206.58999633789062,233.0800018310547,0.904114457598835,0,0,Low,Markup
2024-07-15,236.47999572753906,237.22999572753906,233.08999633789062,234.39999389648438,62631300,0.01674330147811176,0.8503987748428941,230.83399658203126,219.1349998474121,0.05338716655379284,Uptrend,206.58999633789062,237.22999572753906,0.9076370141178661,1,0,Low,Markup
2024-07-16,235.0,236.27000427246094,232.3300018310547,234.82000732421875,43234300,0.0017918662059346335,0.5979441783414156,232.06199951171874,220.25149993896486,0.05362278838521762,Uptrend,206.58999633789062,237.22999572753906,0.9213450244344811,0,0,Low,Markup
2024-07-17,229.4499969482422,231.4600067138672,226.63999938964844,228.8800048828125,57345900,-0.025295980990260425,0.8135810068951487,231.24200134277345,220.86200027465821,0.046997677532608306,Uptrend,206.58999633789062,237.22999572753906,0.7274807111273128,0,0,Low,Markup
2024-07-18,230.27999877929688,230.44000244140625,222.27000427246094,224.17999267578125,66034600,-0.020534830945314275,0.9461851856176975,230.56399841308593,221.35650024414062,0.041595788507634,Uptrend,206.58999633789062,237.22999572753906,0.5740860537952005,0,0,Low,Markup
2024-07-19,224.82000732421875,226.8000030517578,223.27999877929688,224.30999755859375,49151500,0.0005799129586043783,0.7234619194294084,229.31799926757813,222.08800048828124,0.03255465744840362,Uptrend,206.58999633789062,237.22999572753906,0.5783290330837844,0,0,Low,Markup
2024-07-22,227.00999450683594,227.77999877929688,223.08999633789062,223.9600067138672,48201800,-0.0015602998017738567,0.8273688901003344,227.2300018310547,222.9115005493164,0.019373165005377897,Uptrend,206.58999633789062,237.22999572753906,0.5669063551562905,0,0,Low,Markup
2024-07-23,224.3699951171875,226.94000244140625,222.67999267578125,225.00999450683594,39960300,0.004688282557118395,0.7107742409593744,225.26799926757812,223.75500030517577,0.006761855423739335,Sideways,208.61000061035156,237.22999572753906,0.5730257405472265,0,0,Low,Markup
2024-07-24,224.0,224.8000030517578,217.1300048828125,218.5399932861328,61777600,-0.02875428371474653,1.0927860582110727,223.1999969482422,224.22849960327147,-0.0045868507208005225,Sideways,210.3000030517578,237.22999572753906,0.3059781832687021,0,0,Low,Markup
2024-07-25,218.92999267578125,220.85000610351562,214.6199951171875,217.49000549316406,51391200,-0.004804556718339459,0.9211361668796636,221.86199951171875,224.44049987792968,-0.011488569877599386,Downtrend,210.3000030517578,237.22999572753906,0.266988651945397,0,0,Low,Markup
2024-07-26,218.6999969482422,219.49000549316406,216.00999450683594,217.9600067138672,41601300,0.002161024455525684,0.7511628667018282,220.59200134277344,224.63349990844728,-0.017991522045113513,Downtrend,210.3000030517578,237.22999572753906,0.2844413570523615,0,0,Low,Markup
2024-07-29,216.9600067138672,219.3000030517578,215.75,218.24000549316406,36311800,0.0012846337432190769,0.68421190976576,219.4480010986328,225.0145004272461,-0.024738402716464575,Downtrend,211.9199981689453,237.22999572753906,0.24970398790389675,0,0,Low,Markup
2024-07-30,219.19000244140625,220.3300018310547,216.1199951171875,218.8000030517578,41643800,0.0025659711533103646,0.798798765389236,218.20600280761718,225.11700057983398,-0.030699581792650674,Downtrend,214.6199951171875,237.22999572753906,0.18487429552109674,0,0,Low,Markup
2024-07-31,221.44000244140625,223.82000732421875,220.6300048828125,222.0800018310547,50036300,0.014990853444005525,0.9672114463364303,218.91400451660155,225.20750045776367,-0.027945321218741683,Downtrend,214.6199951171875,237.22999572753906,0.3299427913527682,0,0,Low,Markup
2024-08-01,224.3699951171875,224.47999572753906,217.02000427246094,218.36000061035156,62501000,-0.016750725819666967,1.179506840039446,219.08800354003907,225.04800033569336,-0.026483224853204864,Downtrend,214.6199951171875,237.22999572753906,0.16541377232213658,0,0,Low,Markup
2024-08-02,219.14999389648438,225.60000610351562,217.7100067138672,219.86000061035156,105568600,0.006869389978967133,1.9108509336405362,219.46800231933594,224.7240005493164,-0.023388682192968604,Downtrend,214.6199951171875,237.22999572753906,0.23175609693548724,0,0,High,Markup
2024-08-05,199.08999633789062,213.5,196.0,209.27000427246094,119548600,-0.0481669985831521,2.0516306493010816,217.67400207519532,223.7965003967285,-0.027357435485719,Downtrend,196.0,237.22999572753906,0.3218531566229924,0,1,High,Markdown
2024-08-06,205.3000030517578,209.99000549316406,201.07000732421875,207.22999572753906,69660500,-0.009748212850733573,1.1737383077733403,215.36000061035156,222.7240005493164,-0.033063342615984814,Downtrend,196.0,237.22999572753906,0.2723744091983528,0,0,Low,Markdown
2024-08-07,206.89999389648438,213.63999938964844,206.38999938964844,209.82000732421875,63516400,0.01249824663455068,1.0694131759271754,212.9080017089844,221.56600112915038,-0.03907638977118724,Downtrend,196.0,237.22999572753906,0.3351930331389253,0,0,Low,Markdown
2024-08-08,213.11000061035156,214.1999969482422,208.8300018310547,213.30999755859375,47161100,0.016633257613904107,0.8059491881054518,211.89800109863282,220.85300064086914,-0.040547330198144424,Downtrend,196.0,237.22999572753906,0.41983990667822824,0,0,Low,Markdown
2024-08-09,212.10000610351562,216.77999877929688,211.97000122070312,216.24000549316406,42201600,0.013735914716165532,0.7279404249924212,211.17400207519532,220.13800125122071,-0.04071990808073029,Downtrend,196.0,237.22999572753906,0.4909048651597362,0,0,Low,Markdown
2024-08-12,216.07000732421875,219.50999450683594,215.60000610351562,217.52999877929688,38028100,0.005965562584919537,0.6701717182744938,212.8260009765625,219.29450149536132,-0.029496865971058703,Downtrend,196.0,236.27000427246094,0.5346410850524888,0,0,Low,Markdown
2024-08-13,219.00999450683594,221.88999938964844,219.00999450683594,221.27000427246094,44155300,0.017193056195245138,0.7775207776951045,215.63400268554688,218.61700134277345,-0.013644861282080608,Downtrend,196.0,231.4600067138672,0.7126339393099638,0,0,Low,Markdown
2024-08-14,220.57000732421875,223.02999877929688,219.6999969482422,221.72000122070312,41960600,0.002033700635211577,0.7490208958847281,218.01400146484374,218.25900115966797,-0.0011225181711749881,Sideways,196.0,230.44000244140625,0.7468060219932124,0,0,Low,Markdown
2024-08-15,224.60000610351562,225.35000610351562,222.75999450683594,224.72000122070312,46414000,0.01353057903429189,0.843284204436917,220.29600219726564,218.28600158691407,0.009208105859922742,Sideways,196.0,227.77999877929688,0.9037131001846611,0,0,Low,Markdown
2024-08-16,223.9199981689453,226.8300018310547,223.64999389648438,226.0500030517578,44340200,0.0059184844421056315,0.8091424287722012,222.25800170898438,218.37300186157228,0.017790660082947544,Uptrend,196.0,227.77999877929688,0.9455633796730644,0,0,Low,Markdown
2024-08-19,225.72000122070312,225.99000549316406,223.0399932861328,225.88999938964844,40687800,-0.0007078241979617816,0.7476172202331336,223.93000183105468,218.46950149536133,0.02499433695924506,Uptrend,196.0,226.94000244140625,0.9660632524594562,0,0,Low,Markdown
2024-08-20,225.77000427246094,227.1699981689453,225.4499969482422,226.50999450683594,30299000,0.0027446771387078517,0.5617142229993786,224.97799987792968,218.54450149536132,0.02943793295437777,Uptrend,196.0,227.1699981689453,0.9788256753005864,0,0,Low,Markdown
2024-08-21,226.52000427246094,227.97999572753906,225.0500030517578,226.39999389648438,34765500,-0.00048563247988708813,0.6610713308810757,225.91399841308595,218.9375015258789,0.03186524391017777,Uptrend,196.0,227.97999572753906,0.9505940574690542,0,0,Low,Markdown
2024-08-22,227.7899932861328,228.33999633789062,223.89999389648438,224.52999877929688,43695300,-0.008259695969967673,0.8369971060154576,225.8759979248047,219.28950119018555,0.030035622767488557,Uptrend,196.0,228.33999633789062,0.8821893014833205,0,0,Low,Markdown
2024-08-23,225.66000366210938,228.22000122070312,224.3300018310547,226.83999633789062,38677300,0.010288146667049025,0.7429564045468725,226.03399658203125,219.7335006713867,0.02867335154354541,Uptrend,196.0,228.33999633789062,0.9536178055084518,0,0,Low,Markdown
2024-08-26,226.75999450683594,227.27999877929688,223.88999938964844,227.17999267578125,30602200,0.0014988376978466444,0.5910823291450628,226.2919952392578,220.18050003051758,0.027756750520110337,Uptrend,196.0,228.33999633789062,0.9641309896887565,0,0,Low,Markdown
2024-08-27,226.0,228.85000610351562,224.88999938964844,228.02999877929688,35934600,0.0037415535298863656,0.6979259124023796,226.59599609375,220.64199981689453,0.026984872697838766,Uptrend,196.0,228.85000610351562,0.9750378334288653,0,0,Low,Markdown
2024-08-28,227.9199981689453,229.86000061035156,225.67999267578125,226.49000549316406,38052200,-0.006753467940081581,0.7477564427873137,226.61399841308594,220.8625,0.02604108172770808,Uptrend,196.0,229.86000061035156,0.9004726799633537,0,0,Low,Markdown
2024-08-29,230.10000610351562,232.9199981689453,228.8800048828125,229.7899932861328,51906300,0.014570125448949867,1.0307303039232896,227.66599731445314,221.43399963378906,0.028143815723740043,Uptrend,196.0,232.9199981689453,0.9152219653833771,0,0,Low,Markdown
2024-08-30,230.19000244140625,230.39999389648438,227.47999572753906,229.0,52990800,-0.0034378924636161434,1.1102230112925093,228.097998046875,221.8909996032715,0.027973187081500695,Uptrend,196.0,232.9199981689453,0.8938245297031852,0,0,Low,Markdown
2024-09-03,228.5500030517578,229.0,221.1699981689453,222.77000427246094,50190600,-0.027205221517637823,1.1339441059672672,227.21600036621095,222.56599960327148,0.020892682490713736,Uptrend,201.07000732421875,232.9199981689453,0.6813187813469993,0,0,Low,Markdown
2024-09-04,221.66000366210938,221.77999877929688,217.47999572753906,220.85000610351562,43840200,-0.00861874638471094,1.0202286637567166,225.78000183105468,223.24700012207032,0.011346184753207549,Uptrend,206.38999938964844,232.9199981689453,0.5450436252997981,0,0,Low,Markdown
2024-09-05,221.6300048828125,225.47999572753906,221.52000427246094,222.3800048828125,36615400,0.006927773316790065,0.8796301245582528,224.95800170898437,223.875,0.004837528571677808,Sideways,208.8300018310547,232.9199981689453,0.5624742678123745,0,0,Low,Markdown
2024-09-06,223.9499969482422,225.24000549316406,219.77000427246094,220.82000732421875,48423000,-0.007015008203708928,1.1615294202307562,223.16400451660155,224.25050048828126,-0.004845010242179984,Sideways,211.97000122070312,232.9199981689453,0.42243472041451474,0,0,Low,Markdown
2024-09-09,220.82000732421875,221.27000427246094,216.7100067138672,220.91000366210938,67180000,0.00040755518026269755,1.5645844046474537,221.54600524902344,224.4840003967285,-0.013087770810003275,Downtrend,215.60000610351562,232.9199981689453,0.3065819856345307,0,0,High,Markdown
2024-09-10,218.9199981689453,221.47999572753906,216.72999572753906,220.11000061035156,51591000,-0.0036213980285901837,1.182843981913545,221.01400451660157,224.61300048828124,-0.01602309734456996,Downtrend,216.7100067138672,232.9199981689453,0.20974680374795968,0,0,Low,Markdown
2024-09-11,221.4600067138672,223.08999633789062,217.88999938964844,222.66000366210938,44587100,0.011585130365211915,1.021757470698185,221.37600402832032,224.68250045776367,-0.014716305999384697,Downtrend,216.7100067138672,232.9199981689453,0.36705737721892656,0,0,Low,Markdown
2024-09-12,222.5,223.5500030517578,219.82000732421875,222.77000427246094,37455600,0.0004940295003250661,0.8627856484799679,221.45400390625,224.73500061035156,-0.01459940238588026,Downtrend,216.7100067138672,232.9199981689453,0.37384335305712496,0,0,Low,Markdown
2024-09-13,223.5800018310547,224.0399932861328,221.91000366210938,222.5,36766600,-0.001212031545013148,0.8564307017219995,221.79000244140624,224.6240005493164,-0.012616630907559476,Downtrend,216.7100067138672,232.9199981689453,0.35718669575972994,0,0,Low,Markdown
2024-09-16,216.5399932861328,217.22000122070312,213.9199981689453,216.32000732421875,59357400,-0.027775247981039364,1.358886991669928,220.87200317382812,224.13750076293945,-0.014569171057926222,Downtrend,213.9199981689453,232.9199981689453,0.12631627133018092,0,1,Medium,Markdown
2024-09-17,215.75,216.89999389648438,214.5,216.7899932861328,45519300,0.0021726421320320544,1.0363556512190686,220.20800170898437,223.68250045776367,-0.015533171981128498,Downtrend,213.9199981689453,232.9199981689453,0.1510523745888158,0,0,Low,Markdown
2024-09-18,217.5500030517578,222.7100067138672,217.5399932861328,220.69000244140625,59894900,0.017989802463465043,1.3192051101415314,219.81400146484376,223.3915008544922,-0.016014482985987323,Downtrend,213.9199981689453,232.9199981689453,0.35631601434004934,0,0,Medium,Markdown
2024-09-19,224.99000549316406,229.82000732421875,224.6300048828125,228.8699951171875,66781300,0.03706553348719566,1.4207863722900564,221.03399963378905,223.51500091552734,-0.011099931868447288,Downtrend,213.9199981689453,232.9199981689453,0.7868419446443257,0,0,Medium,Markdown
2024-09-20,229.97000122070312,233.08999633789062,227.6199951171875,228.1999969482422,318679900,-0.002927418111763669,5.245562368559471,222.1739990234375,223.6985008239746,-0.006814984431821113,Sideways,213.9199981689453,233.08999633789062,0.7449139354864386,0,0,High,Distribusi
2024-09-23,227.33999633789062,229.4499969482422,225.80999755859375,226.47000122070312,54146000,-0.007581050616453089,0.8800547153288089,224.20399780273436,223.68000106811525,0.002342617722268116,Sideways,213.9199981689453,233.08999633789062,0.654668974986568,0,0,Low,Distribusi
2024-09-24,228.64999389648438,229.35000610351562,225.72999572753906,227.3699951171875,43556100,0.0039740093241191765,0.7005582691573239,226.31999816894532,223.68950119018555,0.011759590703916235,Uptrend,213.9199981689453,233.08999633789062,0.7016170178894793,0,0,Low,Distribusi
2024-09-25,224.92999267578125,227.2899932861328,224.02000427246094,226.3699951171875,42308700,-0.004398117700115112,0.677024559256431,227.45599670410155,223.60650100708008,0.017215490961506437,Uptrend,213.9199981689453,233.08999633789062,0.6494521720096312,0,0,Low,Distribusi
2024-09-26,227.3000030517578,228.5,225.41000366210938,227.52000427246094,36636700,0.005080219022305155,0.5869258344241061,227.18599853515624,223.65800094604492,0.01577407279949003,Uptrend,213.9199981689453,233.08999633789062,0.7094422223548843,0,0,Low,Distribusi
2024-09-27,228.4600067138672,229.52000427246094,227.3000030517578,227.7899932861328,34026000,0.0011866605511687833,0.5530225348637752,227.10399780273437,223.55800094604493,0.015861641460755672,Uptrend,213.9199981689453,233.08999633789062,0.7235261576423299,0,0,Low,Distribusi
2024-09-30,230.0399932861328,233.0,229.64999389648438,233.0,54541900,0.02287197360475246,0.8853502445463538,228.40999755859374,223.75800094604492,0.02079030288472487,Uptrend,213.9199981689453,233.08999633789062,0.9953053549041848,0,0,Low,Distribusi
2024-10-01,229.52000427246094,229.64999389648438,223.74000549316406,226.2100067138672,63285000,-0.029141602086406926,1.0164696676119291,228.1779998779297,223.93000106811525,0.018970208500656806,Uptrend,213.9199981689453,233.08999633789062,0.6411064016078643,0,0,Low,Distribusi
2024-10-02,225.88999938964844,227.3699951171875,223.02000427246094,226.77999877929688,32880600,0.002519747352073054,0.5328104712847863,228.26000061035157,224.22650070190429,0.017988506692211102,Uptrend,213.9199981689453,233.08999633789062,0.6708399498537401,0,0,Low,Distribusi
2024-10-03,225.13999938964844,226.80999755859375,223.32000732421875,225.6699981689453,34044200,-0.004894614235498862,0.5528175643742318,227.88999938964844,224.39100036621093,0.015593312645012786,Uptrend,213.9199981689453,233.08999633789062,0.6129369390882137,0,0,Low,Distribusi
2024-10-04,227.89999389648438,228.0,224.1300048828125,226.8000030517578,37245100,0.005007333238716605,0.6103335776627523,227.69200134277344,224.69000015258788,0.01336063548954952,Uptrend,213.9199981689453,233.08999633789062,0.6718834696436033,0,0,Low,Distribusi
2024-10-07,224.5,225.69000244140625,221.3300018310547,221.69000244140625,39505400,-0.022530866585506182,0.6623928327825884,225.43000183105468,224.72900009155273,0.003119320333452136,Sideways,213.9199981689453,233.08999633789062,0.40532107535868506,0,0,Low,Distribusi
2024-10-08,224.3000030517578,225.97999572753906,223.25,225.77000427246094,31855700,0.01840408582309916,0.5431151585983316,225.34200134277344,225.0120002746582,0.0014665931937516204,Sideways,213.9199981689453,233.08999633789062,0.6181537420651504,0,0,Low,Distribusi
2024-10-09,225.22999572753906,229.75,224.8300018310547,229.5399932861328,33591100,0.016698360908574017,0.5781215108286668,225.8940002441406,225.3559997558594,0.002387335987788534,Sideways,213.9199981689453,233.08999633789062,0.8148146379320638,0,0,Low,Distribusi
2024-10-10,227.77999877929688,229.5,227.1699981689453,229.0399932861328,28183500,-0.0021782696463562568,0.4889550309184881,226.56799926757813,225.66949920654298,0.003981486484413219,Sideways,213.9199981689453,233.08999633789062,0.7887322149921397,0,0,Low,Distribusi
2024-10-11,229.3000030517578,229.41000366210938,227.33999633789062,227.5500030517578,31759200,-0.006505371454991304,0.5533935413722624,226.71799926757814,225.92199935913087,0.0035233395185297178,Sideways,213.9199981689453,233.08999633789062,0.7110071040534893,0,0,Low,Distribusi
2024-10-14,228.6999969482422,231.72999572753906,228.60000610351562,231.3000030517578,39882100,0.01647989430765695,0.7069271937895072,228.63999938964844,226.6709991455078,0.008686599748372145,Sideways,214.5,233.08999633789062,0.9037120151291046,0,0,Low,Distribusi
2024-10-15,233.61000061035156,237.49000549316406,232.3699951171875,233.85000610351562,64751400,0.011024656368842312,1.1285108127298147,230.25599975585936,227.52399978637695,0.01200752435807871,Uptrend,217.5399932861328,237.49000549316406,0.8175440018845932,1,0,Low,Distribusi
2024-10-16,231.60000610351562,232.1199951171875,229.83999633789062,231.77999877929688,34082200,-0.008851859184055066,0.6076655231180144,230.7040008544922,228.0784996032715,0.011511393032607611,Uptrend,221.3300018310547,237.49000549316406,0.6466580804523248,0,0,Low,Distribusi
2024-10-17,233.42999267578125,233.85000610351562,230.52000427246094,232.14999389648438,32993800,0.001596320300009113,0.6065289856764243,231.3260009765625,228.24249954223632,0.013509760191508909,Uptrend,221.3300018310547,237.49000549316406,0.6695538127135144,0,0,Low,Distribusi
2024-10-18,236.17999267578125,236.17999267578125,234.00999450683594,235.0,46431500,0.01227657195109133,1.1384368538574305,232.81600036621094,228.5824996948242,0.018520668367170694,Uptrend,221.3300018310547,237.49000549316406,0.845915536578595,0,0,Low,Distribusi
2024-10-21,234.4499969482422,236.85000610351562,234.4499969482422,236.47999572753906,36254500,0.006297854159740712,0.9088451240620159,233.85199890136718,229.082999420166,0.02081777998922676,Uptrend,221.3300018310547,237.49000549316406,0.9374994098551359,0,0,Low,Distribusi
2024-10-22,233.88999938964844,236.22000122070312,232.60000610351562,235.86000061035156,38846600,-0.002621765597043635,0.9796077493881014,234.25399780273438,229.50749969482422,0.020681233137137427,Uptrend,221.3300018310547,237.49000549316406,0.8991333840700545,0,0,Low,Distribusi
2024-10-23,234.0800018310547,235.13999938964844,227.75999450683594,230.75999450683594,52287000,-0.021623022514703605,1.3021560024580259,234.04999694824218,229.72699966430665,0.0188179765123499,Uptrend,221.3300018310547,237.49000549316406,0.5835390184899467,0,0,Medium,Distribusi
2024-10-24,229.97999572753906,230.82000732421875,228.41000366210938,230.57000732421875,31109500,-0.0008233107433687215,0.7801204755074971,233.73399963378907,229.87949981689454,0.016767479570665277,Uptrend,221.3300018310547,237.49000549316406,0.5717823885664862,0,0,Low,Distribusi
2024-10-25,229.74000549316406,233.22000122070312,229.57000732421875,231.41000366210938,38802300,0.0036431292501519774,0.9672372779069428,233.01600036621093,230.06050033569335,0.012846620894091157,Uptrend,221.3300018310547,237.49000549316406,0.6237623481911352,0,0,Low,Distribusi
2024-10-28,233.32000732421875,234.72999572753906,232.5500030517578,233.39999389648438,36087100,0.008599413175243154,0.9207327978927328,232.4,230.08050003051758,0.01008125403576038,Uptrend,221.3300018310547,237.49000549316406,0.7469052803329739,0,0,Low,Distribusi
2024-10-29,233.10000610351562,234.3300018310547,232.32000732421875,233.6699981689453,35417200,0.0011568306749001334,0.9369505694369122,231.96199951171874,230.4534996032715,0.0065457886777339006,Sideways,221.3300018310547,237.49000549316406,0.7636134617236763,0,0,Low,Distribusi
2024-10-30,232.61000061035156,233.47000122070312,229.5500030517578,230.10000610351562,47070900,-0.015277922255336196,1.2223028217464988,231.8300018310547,230.61949996948243,0.005248913737704046,Sideways,221.3300018310547,237.49000549316406,0.5426981612030268,0,0,Medium,Distribusi
2024-10-31,229.33999633789062,229.8300018310547,225.3699951171875,225.91000366210938,64370100,-0.01820948426885871,1.608194709929544,230.89800109863282,230.63150024414062,0.0011555266917575534,Sideways,221.3300018310547,237.49000549316406,0.2834158906655134,0,0,High,Akumulasi
2024-11-01,220.97000122070312,225.35000610351562,220.27000427246094,222.91000366210938,65276700,-0.013279624414008095,1.5756703998200245,229.1980010986328,230.4370002746582,-0.00537673713226885,Sideways,220.27000427246094,237.49000549316406,0.15331005821732696,0,0,High,Akumulasi
2024-11-04,220.99000549316406,222.7899932861328,219.7100067138672,222.00999450683594,44944500,-0.004037544930633463,1.077809761642999,226.9200012207031,230.4529998779297,-0.015330668982820811,Downtrend,219.7100067138672,237.49000549316406,0.12935815246775315,0,0,Low,Akumulasi
2024-11-05,221.8000030517578,223.9499969482422,221.13999938964844,223.4499969482422,28111300,0.006486205472888695,0.6771747149210632,224.8760009765625,230.33699951171874,-0.023708733493675704,Downtrend,219.7100067138672,237.49000549316406,0.21034817160560576,0,0,Low,Akumulasi
2024-11-06,222.61000061035156,226.07000732421875,221.19000244140625,222.72000122070312,54561100,-0.0032669310248778505,1.281946847034706,223.4,229.99599990844726,-0.028678759243955864,Downtrend,219.7100067138672,237.49000549316406,0.16929104125365807,0,0,Medium,Akumulasi
2024-11-07,224.6300048828125,227.8800048828125,224.57000732421875,227.47999572753906,42137700,0.02137210165565251,0.9740830977070927,223.71399841308593,229.9180000305176,-0.026983540290921915,Downtrend,219.7100067138672,237.49000549316406,0.4370072861151876,0,0,Low,Akumulasi
2024-11-08,227.1699981689453,228.66000366210938,226.41000366210938,226.9600067138672,38328800,-0.0022858669924307184,0.8793567578090093,224.5239990234375,229.88850021362305,-0.023335230710542686,Downtrend,219.7100067138672,237.49000549316406,0.40776155780403867,0,0,Low,Akumulasi
2024-11-11,225.0,225.6999969482422,221.5,224.22999572753906,42005600,-0.01202859933719469,0.9613697601175827,224.96799926757814,229.5349998474121,-0.019896750312022028,Downtrend,219.7100067138672,237.49000549316406,0.2542176222719978,0,0,Low,Akumulasi
2024-11-12,224.5500030517578,225.58999633789062,223.36000061035156,224.22999572753906,40398300,0.0,0.9510890133178076,225.1239990234375,229.0539993286133,-0.01715752755548961,Downtrend,219.7100067138672,236.85000610351562,0.2637099868510897,0,0,Low,Akumulasi
2024-11-13,224.00999450683594,226.64999389648438,222.75999450683594,225.1199951171875,48566200,0.003969136184303723,1.1242166817688921,225.60399780273437,228.72099914550782,-0.013627963127209293,Downtrend,219.7100067138672,236.85000610351562,0.3156352739771759,0,0,Low,Akumulasi
2024-11-14,225.02000427246094,228.8699951171875,225.0,228.22000122070312,44923900,0.013770460957508002,1.0257408461946993,225.7519989013672,228.52449951171874,-0.012132181084634135,Downtrend,219.7100067138672,236.85000610351562,0.49649911376166556,0,0,Low,Akumulasi
2024-11-15,226.39999389648438,226.9199981689453,224.27000427246094,225.0,47923700,-0.014109198157391867,1.0923739177112977,225.35999755859376,228.02449951171874,-0.011685156458321916,Downtrend,219.7100067138672,236.85000610351562,0.3086343917449414,0,0,Low,Akumulasi
2024-11-18,225.25,229.74000549316406,225.1699981689453,228.02000427246094,44633700,0.013422241210937491,1.0077577138553053,226.1179992675781,227.60149993896485,-0.006517974054584708,Sideways,219.7100067138672,236.22000122070312,0.5033313339476284,0,0,Low,Akumulasi
2024-11-19,226.97999572753906,230.16000366210938,226.66000366210938,228.27999877929688,36211800,0.0011402267431117608,0.8200438557854377,226.9279998779297,227.2224998474121,-0.0012960863016654744,Sideways,219.7100067138672,235.13999938964844,0.5554112853780582,0,0,Low,Akumulasi
2024-11-20,228.05999755859375,229.92999267578125,225.88999938964844,229.0,35169600,0.0031540267415159917,0.8121840540384504,227.7040008544922,227.1345001220703,0.0025073281783076374,Sideways,219.7100067138672,234.72999572753906,0.6185086605374105,0,0,Low,Akumulasi
2024-11-21,228.8800048828125,230.16000366210938,225.7100067138672,228.52000427246094,42108300,-0.002096051211960992,0.9602270706031409,227.76400146484374,227.03199996948243,0.003224221675621552,Sideways,219.7100067138672,234.72999572753906,0.5865515314674659,0,0,Low,Akumulasi
2024-11-22,228.05999755859375,230.72000122070312,228.05999755859375,229.8699951171875,38168300,0.005907539031537068,0.8710099373036603,228.73800048828124,226.95499954223632,0.007856187128026257,Sideways,219.7100067138672,234.72999572753906,0.6764311474577133,0,0,Low,Akumulasi
2024-11-25,231.4600067138672,233.25,229.74000549316406,232.8699951171875,90152800,0.013050855108212911,1.9377687119719327,229.70799865722657,226.9284996032715,0.012248347205460516,Uptrend,219.7100067138672,234.3300018310547,0.9001363063281205,0,0,High,Akumulasi
2024-11-26,233.3300018310547,235.57000732421875,233.3300018310547,235.05999755859375,45986200,0.009404399395912533,0.9773385990853829,231.06399841308593,226.9979995727539,0.017912047013563408,Uptrend,219.7100067138672,235.57000732421875,0.9678430172762966,1,0,Low,Akumulasi
2024-11-27,234.47000122070312,235.69000244140625,233.80999755859375,234.92999267578125,33498400,-0.000553071063399857,0.7223553791630413,232.2499969482422,227.2394989013672,0.022049415137329605,Uptrend,219.7100067138672,235.69000244140625,0.9524399268570992,0,0,Low,Akumulasi
2024-11-29,234.80999755859375,237.80999755859375,233.97000122070312,237.3300018310547,28481400,0.01021584825308186,0.6388912909691614,234.01199645996093,227.81049880981445,0.027222176688721195,Uptrend,219.7100067138672,237.80999755859375,0.973480885617193,1,0,Low,Akumulasi
2024-12-02,237.27000427246094,240.7899932861328,237.16000366210938,239.58999633789062,48137100,0.009522582435425697,1.1009702455958823,235.95599670410155,228.6444984436035,0.03197758227408854,Uptrend,219.7100067138672,240.7899932861328,0.9430741123041799,1,0,Low,Akumulasi
2024-12-03,239.80999755859375,242.75999450683594,238.89999389648438,242.64999389648438,38861000,0.01277180852859261,0.8950381705761585,237.91199645996093,229.67649841308594,0.035856947070235255,Uptrend,221.13999938964844,242.75999450683594,0.994912089028914,1,0,Low,Akumulasi
2024-12-04,242.8699951171875,244.11000061035156,241.25,243.00999450683594,44383900,0.0014836209330593153,1.003436660744092,239.5019958496094,230.6544982910156,0.03835822680306425,Uptrend,221.19000244140625,244.11000061035156,0.9520067106721657,1,0,Low,Akumulasi
2024-12-05,243.99000549316406,244.5399932861328,242.1300048828125,243.0399932861328,40033900,0.00012344668933361724,0.9202025581575491,241.12399597167968,231.6704978942871,0.04080579168827213,Uptrend,221.5,244.5399932861328,0.934895814361942,0,0,Low,Akumulasi
2024-12-06,242.91000366210938,244.6300048828125,242.0800018310547,242.83999633789062,36870600,-0.0008228972752098995,0.8526536882106416,242.2259948730469,232.4384979248047,0.04210789966216573,Uptrend,221.5,244.6300048828125,0.9226109741873856,0,0,Low,Akumulasi
2024-12-09,241.8300018310547,247.24000549316406,241.75,246.75,44649200,0.01610115187396466,1.0250470663442321,243.65799560546876,233.42799758911133,0.04382506863793028,Uptrend,221.5,247.24000549316406,0.980963271616465,1,0,Low,Akumulasi
2024-12-10,246.88999938964844,248.2100067138672,245.33999633789062,247.77000427246094,36914800,0.004133755916761572,0.8524638393687554,244.68199768066407,234.60499801635743,0.04295304767379269,Uptrend,222.75999450683594,248.2100067138672,0.9827111107913462,1,0,Low,Akumulasi
2024-12-11,247.9600067138672,250.8000030517578,246.25999450683594,246.49000549316406,45205800,-0.005166076430661581,1.0381629812399082,245.37799987792968,235.71799850463867,0.040981178503859184,Uptrend,222.75999450683594,250.8000030517578,0.8462911467488015,0,0,Low,Akumulasi
2024-12-12,246.88999938964844,248.74000549316406,245.67999267578125,247.9600067138672,32777500,0.005963735599591624,0.7666427433121515,246.36200256347655,236.85999908447266,0.04011653937233673,Uptrend,224.27000427246094,250.8000030517578,0.8929515089119845,0,0,Low,Akumulasi
2024-12-13,247.82000732421875,249.2899932861328,246.24000549316406,248.1300048828125,33155300,0.0006855870476785153,0.786301054411754,247.42000427246094,237.85549926757812,0.040211410012947084,Uptrend,224.27000427246094,250.8000030517578,0.8993592803694778,0,0,Low,Akumulasi
2024-12-16,247.99000549316406,251.3800048828125,247.64999389648438,251.0399932861328,51694800,0.011727676403724852,1.2205204048096647,248.2780029296875,239.15749893188476,0.038135973316899295,Uptrend,225.1699981689453,251.3800048828125,0.9870274128354269,1,0,Medium,Markup
2024-12-17,250.0800018310547,253.8300018310547,249.77999877929688,253.47999572753906,51356400,0.009719576588042456,1.2029836366594204,249.4200012207031,240.43049850463868,0.037389194681934246,Uptrend,225.7100067138672,253.8300018310547,0.9875531236027244,1,0,Medium,Markup
2024-12-18,252.16000366210938,254.27999877929688,247.74000549316406,248.0500030517578,56774100,-0.021421779893107784,1.2986147660843794,249.73200073242188,241.41899871826172,0.034433918035844044,Uptrend,225.7100067138672,254.27999877929688,0.7819391859377696,0,0,Medium,Markup
2024-12-19,247.5,252.0,247.08999633789062,249.7899932861328,60882300,0.007014675319362729,1.3528015633066883,250.097998046875,242.45849838256837,0.03150848378287195,Uptrend,225.7100067138672,254.27999877929688,0.8428419061901993,0,0,Medium,Markup
2024-12-20,248.0399932861328,255.0,245.69000244140625,254.49000549316406,147495300,0.018815854651340613,2.9338312452242916,251.3699981689453,243.75699844360352,0.031231922668686577,Uptrend,228.05999755859375,255.0,0.9810692479354758,1,0,High,Markup
2024-12-23,254.77000427246094,255.64999389648438,253.4499969482422,255.27000427246094,40858800,0.0030649485734630666,0.8105540972471299,252.21600036621095,245.0269989013672,0.029339629906407195,Uptrend,229.74000549316406,255.64999389648438,0.985334241833364,1,0,Low,Markup
2024-12-24,255.49000549316406,258.2099914550781,255.2899932861328,258.20001220703125,23234700,0.011478073747524853,0.49369801801112667,253.16000366210938,246.2934997558594,0.027879354968996226,Uptrend,233.3300018310547,258.2099914550781,0.9995989046539939,1,0,Low,Markup
2024-12-26,258.19000244140625,260.1000061035156,257.6300048828125,259.0199890136719,27237100,0.003175742710589624,0.5905046967899488,255.3540008544922,247.4914993286133,0.03176877406782877,Uptrend,233.80999755859375,260.1000061035156,0.9589191046477479,1,0,Low,Markup
2024-12-27,257.8299865722656,258.70001220703125,253.05999755859375,255.58999633789062,42355300,-0.013242192962953925,0.9095372752491976,256.5140014648438,248.52449951171874,0.032147743859547724,Uptrend,233.97000122070312,260.1000061035156,0.8274011127877154,0,0,Low,Markup
2024-12-30,252.22999572753906,253.5,250.75,252.1999969482422,35557500,-0.013263427513676485,0.7578038935871345,256.0559997558594,249.26799926757812,0.027231736557545995,Uptrend,237.16000366210938,260.1000061035156,0.65562300285487,0,0,Low,Markup
2024-12-31,252.44000244140625,253.27999877929688,249.42999267578125,250.4199981689453,39480700,-0.007057885808230857,0.8492491226409716,255.08599853515625,249.80949935913085,0.021122091792193223,Uptrend,238.89999389648438,260.1000061035156,0.5433961150569613,0,0,Low,Markup
2025-01-02,248.92999267578125,249.10000610351562,241.82000732421875,243.85000610351562,55740700,-0.026235892155055618,1.1776303328749844,252.21599731445312,249.86949996948243,0.009390891426353649,Sideways,241.25,260.1000061035156,0.13793131361536856,0,0,Low,Markup
2025-01-03,243.36000061035156,244.17999267578125,241.88999938964844,243.36000061035156,40244100,-0.0020094545044057055,0.8539690822115079,249.08399963378906,249.8870002746582,-0.0032134550416249245,Sideways,241.75,260.1000061035156,0.0877384236969331,0,0,Low,Markup
2025-01-06,244.30999755859375,247.3300018310547,243.1999969482422,245.0,45045600,0.006738984983297502,0.9507999002881806,246.96600036621095,249.98500061035156,-0.012076725550611298,Downtrend,241.75,260.1000061035156,0.1771116577109662,0,0,Low,Markup
2025-01-07,242.97999572753906,245.5500030517578,241.35000610351562,242.2100067138672,40856000,-0.011387727698501271,0.8587559221284771,244.96800231933594,249.9535011291504,-0.01994570505031039,Downtrend,241.35000610351562,260.1000061035156,0.04586669921875,0,0,Low,Markup
2025-01-08,241.9199981689453,243.7100067138672,240.0500030517578,242.6999969482422,37628900,0.0020229974847978394,0.7968040510930859,243.42400207519532,249.7510009765625,-0.025333227401002183,Downtrend,240.0500030517578,260.1000061035156,0.13216925152797152,0,0,Low,Markup
2025-01-10,240.00999450683594,240.16000366210938,233.0,236.85000610351562,61710900,-0.024103794471716178,1.273319345113618,242.0240020751953,249.20500106811522,-0.0288156295505367,Downtrend,233.0,260.1000061035156,0.14206661388966152,0,1,Medium,Markdown
2025-01-13,233.52999877929688,234.6699981689453,229.72000122070312,234.39999389648438,49630700,-0.010344150913639716,1.019407390260432,240.23200073242188,248.60050048828126,-0.03366244130411096,Downtrend,229.72000122070312,260.1000061035156,0.15404845041446844,0,0,Low,Markdown
2025-01-14,234.75,236.1199951171875,232.47000122070312,233.27999877929688,39435300,-0.004778136289893098,0.8044946089479071,237.88800048828125,247.86650009155272,-0.04025755638452871,Downtrend,229.72000122070312,260.1000061035156,0.11718225761733897,0,0,Low,Markdown
2025-01-15,234.63999938964844,238.9600067138672,234.42999267578125,237.8699951171875,39832000,0.019675910330543056,0.8070908581034094,237.0199981689453,247.35349960327147,-0.04177624917739185,Downtrend,229.72000122070312,260.1000061035156,0.2682683537386539,0,0,Low,Markdown
2025-01-16,237.35000610351562,238.00999450683594,228.02999877929688,228.25999450683594,71759100,-0.040400222002010655,1.425042112846044,234.13199768066406,246.21449966430663,-0.0490730724637098,Downtrend,228.02999877929688,260.1000061035156,0.007171676801126686,0,1,Medium,Markdown
2025-01-17,232.1199951171875,232.2899932861328,228.47999572753906,229.97999572753906,68488300,0.007535272330218223,1.3373390061815142,232.75799560546875,245.03949966430665,-0.050120507410695084,Downtrend,228.02999877929688,260.1000061035156,0.060804381131824105,0,0,Medium,Markdown
2025-01-21,224.0,224.4199981689453,219.3800048828125,222.63999938964844,98070400,-0.031915803436166845,1.8407579154191425,230.40599670410157,243.76899948120118,-0.05481830259606135,Downtrend,219.3800048828125,260.1000061035156,0.08005880179538084,0,1,High,Markdown
2025-01-22,219.7899932861328,224.1199951171875,219.7899932861328,223.8300018310547,64126500,0.00534496247156202,1.1999855163030944,228.51599731445313,242.47099990844725,-0.057553285132091195,Downtrend,219.3800048828125,260.1000061035156,0.10928282944106818,0,0,Low,Markdown
2025-01-23,224.74000549316406,227.02999877929688,222.3000030517578,223.66000366210938,60234800,-0.0007594967946863429,1.227368690879134,225.6739990234375,240.92949981689452,-0.06331935609815798,Downtrend,219.3800048828125,260.1000061035156,0.105108021880923,0,0,Medium,Markdown
2025-01-24,224.77999877929688,225.6300048828125,221.41000366210938,222.77999877929688,54697900,-0.003934565270516388,1.0990504502612857,224.5779998779297,239.30499954223632,-0.06154071035907198,Downtrend,219.3800048828125,260.1000061035156,0.08349690065224576,0,0,Low,Markdown
2025-01-27,224.02000427246094,232.14999389648438,223.97999572753906,229.86000061035156,94863400,0.03178024001189028,1.7781410825465755,224.5540008544922,237.88799896240235,-0.056051579592367624,Downtrend,219.3800048828125,260.1000061035156,0.2573672743951382,0,0,High,Markdown
2025-01-28,230.85000610351562,240.19000244140625,230.80999755859375,238.25999450683594,75707600,0.036543956643956044,1.3574169066785289,227.6779998779297,236.84999923706056,-0.03872492881011459,Downtrend,219.3800048828125,258.70001220703125,0.48016241371334906,0,0,Medium,Markdown
2025-01-29,234.1199951171875,239.86000061035156,234.00999450683594,239.36000061035156,45486100,0.004616830894303092,0.813270915830686,230.78399963378905,236.0384994506836,-0.022261198190646772,Downtrend,219.3800048828125,253.5,0.5855802633885607,0,0,Low,Markdown
2025-01-30,238.6699981689453,240.7899932861328,237.2100067138672,237.58999633789062,55658300,-0.0073947370820001135,0.9775785013277892,233.56999816894532,235.30799942016603,-0.0073860695577855524,Sideways,219.3800048828125,253.27999877929688,0.5371679862445817,0,0,Low,Markdown
2025-01-31,247.19000244140625,247.19000244140625,233.44000244140625,236.0,100959800,-0.006692185539787565,1.6824160181786612,236.21399841308593,234.58699951171874,0.006935588522610824,Sideways,219.3800048828125,249.10000610351562,0.5592191936253998,0,0,High,Markdown
2025-02-03,229.99000549316406,231.8300018310547,225.6999969482422,228.00999450683594,73063300,-0.033855955479508704,1.2002194662993564,235.8439971923828,233.79499893188478,0.008764080796676885,Sideways,219.3800048828125,247.3300018310547,0.3087653154311414,0,0,Medium,Akumulasi
2025-02-04,227.25,233.1300048828125,226.64999389648438,232.8000030517578,45067300,0.021007888515072404,0.7374045893954966,234.7519989013672,233.2669990539551,0.0063660948759777835,Sideways,219.3800048828125,247.3300018310547,0.4801430996145176,0,0,Low,Akumulasi
2025-02-05,228.52999877929688,232.6699981689453,228.27000427246094,232.47000122070312,39620300,-0.0014175336199687694,0.6511693800847056,233.3739990234375,232.64049911499023,0.003152933007097422,Sideways,219.3800048828125,247.19000244140625,0.470693904604303,0,0,Low,Akumulasi
2025-02-06,231.2899932861328,233.8000030517578,230.42999267578125,233.22000122070312,29925300,0.00322622272147699,0.49628754106043765,232.5,232.19099884033204,0.001330805936540393,Sideways,219.3800048828125,247.19000244140625,0.4976626232609588,0,0,Low,Akumulasi
2025-02-07,232.60000610351562,234.0,227.25999450683594,227.6300048828125,39707200,-0.023968769010513147,0.6573797571198743,230.8260009765625,231.43749923706054,-0.002642174507216174,Sideways,219.3800048828125,247.19000244140625,0.296655905223214,0,0,Low,Akumulasi
2025-02-10,229.57000732421875,230.58999633789062,227.1999969482422,227.64999389648438,33115600,8.781361526644105e-05,0.5615434730041785,230.75400085449218,230.97749862670898,-0.0009676170776184797,Sideways,219.3800048828125,247.19000244140625,0.29737467600446843,0,0,Low,Akumulasi
2025-02-11,228.1999969482422,235.22999572753906,228.1300048828125,232.6199951171875,53718400,0.021831765227118938,0.9077604593485847,230.71799926757814,230.88849868774415,-0.000738449169772614,Sideways,219.3800048828125,247.19000244140625,0.47608742886363986,0,0,Low,Akumulasi
2025-02-12,231.1999969482422,236.9600067138672,230.67999267578125,236.8699951171875,45243300,0.018270140526221557,0.7608104259748371,231.597998046875,231.06799850463867,0.0022936951272622885,Sideways,219.3800048828125,247.19000244140625,0.6289101679180228,0,0,Low,Akumulasi
2025-02-13,236.91000366210938,242.33999633789062,235.57000732421875,241.52999877929688,53614100,0.01967325435120615,0.8912458950717589,233.25999755859374,231.25099868774413,0.008687525166377077,Sideways,219.3800048828125,247.19000244140625,0.7964759381879075,0,0,Low,Akumulasi
2025-02-14,241.25,245.5500030517578,240.99000549316406,244.60000610351562,40896200,0.012710666748373622,0.6977301445979622,236.65399780273438,232.06799926757813,0.019761442980634827,Uptrend,219.3800048828125,247.19000244140625,0.9068681565888784,0,0,Low,Akumulasi
2025-02-18,244.14999389648438,245.17999267578125,241.83999633789062,244.47000122070312,48822500,-0.0005314999164697243,0.8471728615251298,240.01799926757812,232.79249954223633,0.03103836996273518,Uptrend,219.3800048828125,247.19000244140625,0.9021934031107961,0,0,Low,Akumulasi
2025-02-19,244.66000366210938,246.00999450683594,243.16000366210938,244.8699951171875,32204200,0.001636167605379324,0.5926796493818486,242.46799926757814,233.90399932861328,0.03661331128816329,Uptrend,219.7899932861328,247.19000244140625,0.9153282281377545,0,0,Low,Akumulasi
2025-02-20,244.94000244140625,246.77999877929688,244.2899932861328,245.8300018310547,32316900,0.003920475080696484,0.6126876618898545,244.26000061035157,235.00399932861328,0.03938656919959623,Uptrend,221.41000366210938,247.19000244140625,0.9472459009019141,0,0,Low,Akumulasi
2025-02-21,245.9499969482422,248.69000244140625,245.22000122070312,245.5500030517578,53197400,-0.001138993520771736,1.0153288752745888,245.06400146484376,236.0984992980957,0.03797356693668898,Uptrend,221.41000366210938,248.69000244140625,0.8848973779268854,0,0,Low,Akumulasi
2025-02-24,244.92999267578125,248.86000061035156,244.4199981689453,247.10000610351562,51326400,0.00631237235794746,0.9827808848060954,245.56400146484376,237.31449966430665,0.03476189534228393,Uptrend,223.97999572753906,248.86000061035156,0.9292606848300191,0,0,Low,Akumulasi
2025-02-25,248.0,250.0,244.91000366210938,247.0399932861328,48013300,-0.0002428685386501872,0.9625149161014711,246.0779998779297,238.1734992980957,0.033187993639631624,Uptrend,225.6999969482422,250.0,0.8781890394185334,0,0,Low,Akumulasi
2025-02-26,244.3300018310547,244.97999572753906,239.1300048828125,240.36000061035156,44433600,-0.027040126527384523,0.919579527716309,245.1760009765625,238.27849960327148,0.028947225136868038,Uptrend,225.6999969482422,250.0,0.6032922560085399,0,0,Low,Akumulasi
2025-02-27,239.41000366210938,242.4600067138672,237.05999755859375,237.3000030517578,41153600,-0.012730893454915293,0.8555335078898652,243.47000122070312,238.1754997253418,0.022229412771115446,Uptrend,225.6999969482422,250.0,0.47736644636661907,0,0,Low,Akumulasi
2025-02-28,236.9499969482422,242.08999633789062,230.1999969482422,241.83999633789062,56833400,0.019131872009047424,1.1800561879115117,242.72799987792968,238.38799972534179,0.018205615037620235,Uptrend,225.6999969482422,250.0,0.6641974223324595,0,0,Low,Akumulasi
2025-03-03,241.7899932861328,244.02999877929688,236.11000061035156,238.02999877929688,47184000,-0.01575420780800274,1.0376309449942784,240.91399841308595,238.48949966430663,0.010166060779162156,Uptrend,225.6999969482422,250.0,0.5074074190358079,0,0,Low,Akumulasi
2025-03-04,237.7100067138672,240.07000732421875,234.67999267578125,235.92999267578125,53798100,-0.00882244302938795,1.2086865393284656,238.69199829101564,238.8854995727539,-0.0008100168578015021,Sideways,226.64999389648438,250.0,0.3974302506884424,0,0,Medium,Akumulasi
2025-03-05,235.4199981689453,236.5500030517578,229.22999572753906,235.74000549316406,47227600,-0.0008052693108767661,1.0584978070298314,237.76799926757812,239.03249969482422,-0.00529007741148383,Sideways,227.1999969482422,250.0,0.3745617281513243,0,0,Low,Akumulasi
2025-03-06,234.44000244140625,237.86000061035156,233.16000366210938,235.3300018310547,45170400,-0.0017392197020257294,1.0061326325883184,237.3739990234375,239.1754997253418,-0.007532128934498155,Sideways,227.1999969482422,250.0,0.3565791137990966,0,0,Low,Akumulasi
2025-03-07,235.11000061035156,241.3699951171875,234.75999450683594,239.07000732421875,46273600,0.015892599600832114,1.0122747634180504,236.82000122070312,239.46800003051757,-0.011057839917972316,Downtrend,227.1999969482422,250.0,0.5206144204906771,0,0,Low,Akumulasi
2025-03-10,235.5399932861328,236.16000366210938,224.22000122070312,227.47999572753906,72071200,-0.04847957184759566,1.5227160220989806,234.71000061035156,239.46049957275392,-0.019838340648575502,Downtrend,224.22000122070312,250.0,0.126454408890583,0,0,High,Akumulasi
2025-03-11,223.80999755859375,225.83999633789062,217.4499969482422,220.83999633789062,76137400,-0.029189377151217277,1.5386956572702113,231.69200134277344,239.11999969482423,-0.031063894118144614,Downtrend,217.4499969482422,250.0,0.1041474369221408,0,1,High,Markdown
2025-03-12,220.13999938964844,221.75,214.91000366210938,216.97999572753906,62547500,-0.017478720677234882,1.2528735367409585,227.93999938964845,238.3379997253418,-0.043627119249452034,Downtrend,214.91000366210938,250.0,0.05899094561017334,0,1,Medium,Markdown
2025-03-13,215.9499969482422,216.83999633789062,208.4199981689453,209.67999267578125,61368300,-0.03364366852013578,1.209716597753752,222.80999755859375,236.97849960327147,-0.059788132967325644,Downtrend,208.4199981689453,250.0,0.03030289685785657,0,1,Medium,Markdown
2025-03-14,211.25,213.9499969482422,209.5800018310547,213.49000549316406,60107600,0.01817060735629683,1.177330113745873,217.69399719238282,235.57649993896484,-0.07590953576105923,Downtrend,208.4199981689453,250.0,0.12193379271167165,0,0,Low,Markdown
2025-03-17,213.30999755859375,215.22000122070312,209.97000122070312,214.0,48073400,0.00238884488132296,0.9350433022607892,214.997998046875,234.04649963378907,-0.0813876798701075,Downtrend,208.4199981689453,250.0,0.1341991723263267,0,0,Low,Markdown
2025-03-18,214.16000366210938,215.14999389648438,211.49000549316406,212.69000244140625,42432400,-0.006121483918662407,0.8304850429648459,213.3679992675781,232.4574996948242,-0.08212038954349611,Downtrend,208.4199981689453,250.0,0.1026937009240778,0,0,Low,Markdown
2025-03-19,214.22000122070312,218.75999450683594,213.75,215.24000549316406,54385400,0.011989294383784266,1.041814508192364,213.02000122070314,230.97600021362305,-0.07773967414931823,Downtrend,208.4199981689453,250.0,0.16402133294580856,0,0,Low,Markdown
2025-03-20,213.99000549316406,217.49000549316406,212.22000122070312,214.10000610351562,48862900,-0.0052964103352275416,0.9214221229071349,213.90400390625,229.3895004272461,-0.06750743382828685,Downtrend,208.4199981689453,250.0,0.13660432141511133,0,0,Low,Markdown
2025-03-21,211.55999755859375,218.83999633789062,211.27999877929688,218.27000427246094,94127800,0.019476870855058115,1.709040687938998,214.86000366210936,228.02550048828124,-0.05773694958669099,Downtrend,208.4199981689453,250.0,0.2368928732504045,0,0,High,Markdown
2025-03-24,221.0,221.47999572753906,218.5800018310547,220.72999572753906,44299500,0.011270405492856295,0.809492179541179,216.20600280761718,226.7069999694824,-0.04631968648201773,Downtrend,208.4199981689453,250.0,0.29605572430253796,0,0,Low,Markdown
2025-03-25,220.77000427246094,224.10000610351562,220.0800018310547,223.75,34493600,0.013681893403326706,0.6381905033879864,218.41800231933593,225.5425003051758,-0.03158827261469519,Downtrend,208.4199981689453,244.97999572753906,0.41931080018497524,0,0,Low,Markdown
2025-03-26,223.50999450683594,225.02000427246094,220.47000122070312,221.52999877929688,34466100,-0.009921793165153625,0.6436163567640305,219.6760009765625,224.60100021362305,-0.021927770723978387,Downtrend,208.4199981689453,244.02999877929688,0.3681550234666546,0,0,Low,Markdown
2025-03-27,221.38999938964844,224.99000549316406,220.55999755859375,223.85000610351562,37094800,0.010472655337889991,0.6953395410303153,221.6260009765625,223.92850036621093,-0.010282297188088797,Downtrend,208.4199981689453,244.02999877929688,0.43330546672568504,0,0,Low,Markdown
2025-03-28,221.6699981689453,223.80999755859375,217.67999267578125,217.89999389648438,39818600,-0.026580353115021937,0.758492721775964,221.5519989013672,222.73150024414062,-0.005295619799985833,Sideways,208.4199981689453,244.02999877929688,0.26621723013347265,0,0,Low,Markdown
2025-03-31,217.00999450683594,225.6199951171875,216.22999572753906,222.1300048828125,65299300,0.019412625538381745,1.2227697905211854,221.83200073242188,221.9365005493164,-0.00047085457613273667,Sideways,208.4199981689453,241.3699951171875,0.4160852195344008,0,0,Medium,Markdown
2025-04-01,219.80999755859375,223.67999267578125,218.89999389648438,223.19000244140625,36412700,0.0047719692760685994,0.6931328872878366,221.72000122070312,221.29950103759765,0.001900140674217036,Sideways,208.4199981689453,241.3699951171875,0.4482551028961138,0,0,Low,Markdown
2025-04-02,221.32000732421875,225.19000244140625,221.02000427246094,223.88999938964844,35905900,0.003136327526256366,0.6909309717511471,222.19200134277344,220.70700073242188,0.006728380184695319,Sideways,208.4199981689453,241.3699951171875,0.4694993218058072,0,0,Low,Markdown
2025-04-03,205.5399932861328,207.49000549316406,201.25,203.19000244140625,103419000,-0.09245610346452682,1.8844621477646166,218.06000061035155,219.10000076293946,-0.0047466916885735705,Sideways,201.25,241.3699951171875,0.048355001932070235,0,1,High,Akumulasi
2025-04-04,193.88999938964844,199.8800048828125,187.33999633789062,188.3800048828125,125910900,-0.07288743235713335,2.1390966946851617,212.1560028076172,216.56550064086915,-0.02036103543825396,Downtrend,187.33999633789062,236.16000366210938,0.021302916609886393,0,1,High,Markdown
2025-04-07,177.1999969482422,194.14999389648438,174.6199951171875,181.4600067138672,160466300,-0.036734249865053914,2.53575493742481,204.02200317382812,214.26450119018554,-0.04780305631340194,Downtrend,174.6199951171875,225.83999633789062,0.13354180854480252,0,1,High,Markdown
2025-04-08,186.6999969482422,190.33999633789062,169.2100067138672,172.4199981689453,120859500,-0.049818186985832624,1.8446882382322607,193.86800231933594,211.84350128173827,-0.08485272785638143,Downtrend,169.2100067138672,225.6199951171875,0.05690466433226892,0,1,High,Markdown
2025-04-09,171.9499969482422,200.61000061035156,171.88999938964844,198.85000610351562,184395900,0.15328852926139658,2.5750022744729977,188.86000366210936,210.9370018005371,-0.10466157170141178,Downtrend,169.2100067138672,225.6199951171875,0.5254388491933073,0,0,High,Markdown
2025-04-10,189.07000732421875,194.77999877929688,183.0,190.4199981689453,121880000,-0.04239380274487847,1.6330013111708919,186.30600280761718,209.9740020751953,-0.11271871295334081,Downtrend,169.2100067138672,225.6199951171875,0.37599708944151633,0,0,High,Markdown
2025-04-11,186.10000610351562,199.5399932861328,186.05999755859375,198.14999389648438,87435900,0.0405944533235465,1.150442169314108,188.26000061035157,209.20700149536134,-0.10012571632538896,Downtrend,169.2100067138672,225.6199951171875,0.5130294829295474,0,0,Low,Markdown
2025-04-14,211.44000244140625,212.94000244140625,201.16000366210938,202.52000427246094,101352900,0.022054052538903912,1.288395731979152,192.4720001220703,208.63300170898438,-0.07746138652338685,Downtrend,169.2100067138672,225.6199951171875,0.5904982167419327,0,0,Medium,Markdown
2025-04-15,201.86000061035156,203.50999450683594,199.8000030517578,202.13999938964844,51343900,-0.0018763819612667154,0.6490064124016286,198.41600036621094,208.1055015563965,-0.046560523954046945,Downtrend,169.2100067138672,225.6199951171875,0.5837617345413774,0,0,Low,Markdown
2025-04-16,198.36000061035156,200.6999969482422,192.3699951171875,194.27000427246094,59732400,-0.038933388448355366,0.7524972475366406,197.5,207.05700149536133,-0.0461563792885093,Downtrend,169.2100067138672,225.6199951171875,0.44424752190019434,0,0,Low,Markdown
2025-04-17,197.1999969482422,198.8300018310547,194.4199981689453,196.97999572753906,52164700,0.013949613401343264,0.6557969153795853,198.81199951171874,206.2010009765625,-0.03583397476175992,Downtrend,169.2100067138672,225.6199951171875,0.4922885077572064,0,0,Low,Markdown
2025-04-21,193.27000427246094,193.8000030517578,189.80999755859375,193.16000366210938,46742500,-0.019392791899099593,0.6056711316866455,197.81400146484376,204.94550094604492,-0.03479705311061519,Downtrend,169.2100067138672,225.6199951171875,0.42457014486520406,0,0,Low,Markdown
2025-04-22,196.1199951171875,201.58999633789062,195.97000122070312,199.74000549316406,52976400,0.03406503264808869,0.6826102247864009,197.25800170898438,203.89600143432617,-0.032555811191225595,Downtrend,169.2100067138672,225.6199951171875,0.5412161860593445,0,0,Low,Markdown
2025-04-23,206.0,208.0,202.8000030517578,204.60000610351562,52929200,0.024331633507028716,0.6739967843003873,197.7500030517578,202.93850173950196,-0.025566852239819294,Downtrend,169.2100067138672,225.6199951171875,0.6273711516587613,0,0,Low,Markdown
2025-04-24,204.88999938964844,208.8300018310547,202.94000244140625,208.3699951171875,47311000,0.018426143212158408,0.5975679209180854,200.57000122070312,202.28050155639647,-0.008456081147378709,Sideways,169.2100067138672,225.6199951171875,0.6942030926036379,0,0,Low,Markdown
2025-04-25,206.3699951171875,209.75,206.1999969482422,209.27999877929688,38222300,0.0043672490446504675,0.48242836442455106,203.03000183105468,201.55200119018554,0.007333098317761139,Sideways,169.2100067138672,225.6199951171875,0.7103350523481256,0,0,Low,Markdown
2025-04-28,210.0,211.5,207.4600067138672,210.13999938964844,38743100,0.0041093301575299,0.48933384308897776,206.4260009765625,201.16400146484375,0.02615775920841565,Uptrend,169.2100067138672,225.6199951171875,0.7255805901454874,0,0,Low,Markdown
2025-04-29,208.69000244140625,212.24000549316406,208.3699951171875,211.2100067138672,36827600,0.005091878401668248,0.47365710328423444,208.72000122070312,200.61800155639648,0.04038520771541562,Uptrend,169.2100067138672,225.19000244140625,0.7502680101016571,0,0,Low,Markdown
2025-04-30,209.3000030517578,213.5800018310547,206.6699981689453,212.5,52286500,0.006107633374967891,0.665685958656085,210.3,200.08350143432617,0.05106117442185621,Uptrend,169.2100067138672,225.19000244140625,0.77331183619288,0,0,Low,Markdown
2025-05-01,209.0800018310547,214.55999755859375,208.89999389648438,213.32000732421875,57365700,0.0038588579963234615,0.7205091142066172,211.29000244140624,199.55500183105468,0.05880584551965545,Uptrend,169.2100067138672,214.55999755859375,0.9726573211751995,0,0,Low,Markdown
2025-05-02,206.08999633789062,206.99000549316406,202.16000366210938,205.35000610351562,101010600,-0.0373617145464924,1.270607707515164,210.50400390625,199.66300201416016,0.0542964985136355,Uptrend,169.2100067138672,214.55999755859375,0.7969130470916271,0,0,Medium,Markdown
2025-05-05,203.10000610351562,204.10000610351562,198.2100067138672,198.88999938964844,69018500,-0.03145851727226512,0.9003989328827501,208.25400390625,200.18850173950196,0.04028953759413911,Uptrend,169.2100067138672,214.55999755859375,0.6544652407406722,0,0,Low,Markdown
2025-05-06,198.2100067138672,200.64999389648438,197.02000427246094,198.50999450683594,51216500,-0.0019106284075551816,0.7194262794375478,205.71400146484376,201.0410011291504,0.023244016441658015,Uptrend,169.2100067138672,214.55999755859375,0.6460858590531743,0,0,Low,Markdown
2025-05-07,199.1699981689453,199.44000244140625,193.25,196.25,68536700,-0.011384789528862349,0.9994470986093031,202.46400146484376,202.2325012207031,0.001144723240543832,Sideways,171.88999938964844,214.55999755859375,0.5708929377944165,0,0,Low,Markdown
2025-05-08,197.72000122070312,200.0500030517578,194.67999267578125,197.49000549316406,50478900,0.006318499328224592,0.8157709676332422,199.29800109863282,202.16450119018555,-0.014179047630405069,Downtrend,183.0,214.55999755859375,0.459125684856666,0,0,Low,Markdown
2025-05-09,199.0,200.5399932861328,197.5399932861328,198.52999877929688,36453900,0.0052660552797889615,0.6327982521708126,197.93399963378906,202.57000122070312,-0.02288592367565357,Downtrend,186.05999755859375,214.55999755859375,0.43754390248081143,0,0,Low,Markdown
2025-05-12,210.97000122070312,211.27000427246094,206.75,210.7899932861328,63775800,0.06175386381009962,1.1302865043180301,200.31399841308593,203.20200119018554,-0.014212472122243561,Downtrend,189.80999755859375,214.55999755859375,0.8476765950520834,0,0,Low,Markdown
2025-05-13,210.42999267578125,213.39999389648438,209.0,212.92999267578125,51909300,0.010152281691776288,0.9621336635016781,203.197998046875,203.72250061035157,-0.002574593193707945,Sideways,189.80999755859375,214.55999755859375,0.9341412168560606,0,0,Low,Markdown
2025-05-14,212.42999267578125,213.94000244140625,210.5800018310547,212.3300018310547,49325800,-0.0028177845553216674,0.9159618408965269,206.41399841308595,204.23200073242188,0.010683916687095724,Uptrend,189.80999755859375,214.55999755859375,0.9098991625236742,0,0,Low,Markdown
2025-05-15,210.9499969482422,212.9600067138672,209.5399932861328,211.4499969482422,45029500,-0.004144515024837148,0.8477541466849348,209.20599670410155,205.09100036621095,0.020064246264062564,Uptrend,189.80999755859375,214.55999755859375,0.8743434096827651,0,0,Low,Markdown
2025-05-16,212.36000061035156,212.57000732421875,209.77000427246094,211.25999450683594,54737900,-0.0008985691376138805,1.0280405338465846,211.7519958496094,205.80500030517578,0.028896263626321837,Uptrend,189.80999755859375,214.55999755859375,0.8666665433633207,0,0,Low,Markdown
2025-05-19,207.91000366210938,209.47999572753906,204.25999450683594,208.77999877929688,46140500,-0.011739069355408915,0.8670616634080172,211.3499969482422,206.58600006103515,0.02306059890699048,Uptrend,193.25,214.55999755859375,0.7287658638437545,0,0,Low,Markdown
2025-05-20,207.6699981689453,208.47000122070312,205.02999877929688,206.86000061035156,42496600,-0.009196274452396014,0.8065279713467979,210.13599853515626,206.94199981689454,0.01543427009059458,Uptrend,193.25,214.55999755859375,0.6386673941622774,0,0,Low,Markdown
2025-05-21,205.1699981689453,207.0399932861328,200.7100067138672,202.08999633789062,59211800,-0.02305909435553888,1.1170999675973505,208.08799743652344,206.81649932861328,0.006147952953646426,Sideways,193.25,214.55999755859375,0.4148285945873181,0,0,Low,Markdown
2025-05-22,200.7100067138672,202.75,199.6999969482422,201.36000061035156,46742400,-0.003612230891026025,0.8823233775658431,206.06999816894532,206.46599960327148,-0.0019179982906972132,Sideways,193.25,214.55999755859375,0.38057257341547734,0,0,Low,Markdown
2025-05-23,193.6699981689453,197.6999969482422,193.4600067138672,195.27000427246094,78432900,-0.03024432021966106,1.4263892254581876,202.87200012207032,205.7654998779297,-0.014062122938859762,Downtrend,193.25,214.55999755859375,0.09479138920155925,0,0,Medium,Markdown
2025-05-27,198.3000030517578,200.74000549316406,197.42999267578125,200.2100067138672,56288500,0.025298316860348224,1.0075934906186501,201.1580017089844,205.2690002441406,-0.020027371547904127,Downtrend,193.25,214.55999755859375,0.3266075791294684,0,0,Low,Markdown
2025-05-28,200.58999633789062,202.72999572753906,199.89999389648438,200.4199981689453,45339700,0.0010488559414427723,0.805467765975779,199.87000122070313,204.72949981689453,-0.023736191416174158,Downtrend,193.25,214.55999755859375,0.3364617076670591,0,0,Low,Markdown
2025-05-29,203.5800018310547,203.80999755859375,198.50999450683594,199.9499969482422,51396800,-0.0023450814539321962,0.9137953733651001,199.44200134277344,204.10199966430665,-0.022831713208090382,Downtrend,193.25,214.55999755859375,0.31440627479284994,0,0,Low,Markdown
2025-05-30,199.3699951171875,201.9600067138672,196.77999877929688,200.85000610351562,70819900,0.0045011711378339925,1.2442416189921928,199.34000244140626,203.47849960327147,-0.020338744240468536,Downtrend,193.25,213.94000244140625,0.3673274628670885,0,0,Medium,Markdown
2025-06-02,200.27999877929688,202.1300048828125,200.1199951171875,201.6999969482422,35423300,0.0042319682295079986,0.6604049012318703,200.6260009765625,203.2959991455078,-0.01313354999689039,Downtrend,193.25,213.94000244140625,0.4084096641444312,0,0,Low,Markdown
2025-06-03,201.35000610351562,203.77000427246094,200.9600067138672,203.27000427246094,46381600,0.0077838738124602624,0.8833426987664387,201.23800048828124,203.51499938964844,-0.01118835912928298,Downtrend,193.25,213.94000244140625,0.48429207782055256,0,0,Low,Markdown
2025-06-04,202.91000366210938,206.24000549316406,202.10000610351562,202.82000732421875,43604000,-0.00221378923984783,0.8365068758969803,201.71800231933594,203.7305000305176,-0.009878234780163952,Sideways,193.25,213.94000244140625,0.4625425903801053,0,0,Low,Markdown
2025-06-05,203.5,204.75,200.14999389648438,200.6300048828125,55126100,-0.010797763348392997,1.0713300124223217,201.85400390625,203.9495002746582,-0.010274584471088151,Downtrend,193.4600067138672,213.94000244140625,0.3500976398790919,0,0,Low,Markdown
2025-06-06,203.0,205.6999969482422,202.0500030517578,203.9199981689453,46607700,0.0163983113495636,0.909202102133736,202.46800231933594,204.27099990844727,-0.008826498083033901,Sideways,193.4600067138672,213.94000244140625,0.510741876816545,0,0,Low,Markdown
2025-06-09,204.38999938964844,206.0,200.02000427246094,201.4499969482422,72862600,-0.012112599268742419,1.3726259067583966,202.41800231933593,204.41699981689453,-0.009779017886717822,Sideways,193.4600067138672,213.94000244140625,0.3901363233016212,0,0,Medium,Markdown
2025-06-10,200.60000610351562,204.35000610351562,200.57000732421875,202.6699981689453,54672600,0.0060560994747325125,1.0388604051400907,202.29800109863282,204.01100006103516,-0.008396600976858357,Sideways,193.4600067138672,213.94000244140625,0.4497067078336166,0,0,Low,Markdown
2025-06-11,203.5,204.5,198.41000366210938,198.77999877929688,60989900,-0.019193760422328232,1.148985885008347,201.48999938964843,203.30350036621093,-0.008920166024174852,Sideways,193.4600067138672,213.94000244140625,0.25976529176107177,0,0,Low,Markdown
2025-06-12,199.0800018310547,199.67999267578125,197.36000061035156,199.1999969482422,43904600,0.002112879422097258,0.8313620534725659,201.20399780273436,202.64700012207032,-0.007120768224877377,Sideways,193.4600067138672,212.9600067138672,0.2943584735576923,0,0,Low,Markdown
2025-06-13,199.72999572753906,200.3699951171875,195.6999969482422,196.4499969482422,51447300,-0.013805221095031128,0.9683042972663871,199.70999755859376,201.89700012207032,-0.010832268741755795,Downtrend,193.4600067138672,212.57000732421875,0.15646206901507753,0,0,Low,Markdown
2025-06-16,197.3000030517578,198.69000244140625,196.55999755859375,198.4199981689453,43020700,0.010028003315378786,0.8187327262718627,199.10399780273437,201.25500030517577,-0.010687945637026153,Downtrend,193.4600067138672,209.47999572753906,0.30961266270814164,0,0,Low,Markdown
2025-06-17,197.1999969482422,198.38999938964844,195.2100067138672,195.63999938964844,38856200,-0.014010678383989505,0.7446389757548975,197.697998046875,200.59800033569337,-0.014456785630790555,Downtrend,193.4600067138672,208.47000122070312,0.14523607418966245,0,0,Low,Markdown
2025-06-18,195.94000244140625,197.57000732421875,195.07000732421875,196.5800018310547,45394700,0.004804755900321256,0.867533479665479,197.25799865722655,200.08400039672853,-0.014124076557338676,Downtrend,193.4600067138672,207.0399932861328,0.2297494994258285,0,0,Low,Markdown
2025-06-20,198.24000549316406,201.6999969482422,196.86000061035156,201.0,96813500,0.022484475164182616,1.7860209846650525,197.6179992675781,200.02950057983398,-0.012055728306402527,Downtrend,193.4600067138672,206.24000549316406,0.5899838815593099,0,0,High,Markdown
2025-06-23,201.6300048828125,202.3000030517578,198.9600067138672,201.5,55814300,0.0024875621890547706,1.0211207148501793,198.62799987792968,200.0365005493164,-0.007041218315251777,Sideways,193.4600067138672,206.24000549316406,0.6291075159691959,0,0,Low,Markdown
2025-06-24,202.58999633789062,203.44000244140625,200.1999969482422,200.3000030517578,54064000,-0.005955319842392948,1.0116501438959309,199.00400085449218,200.28800048828126,-0.0064107666493190925,Sideways,195.07000732421875,206.24000549316406,0.4682181365149576,0,0,Low,Markdown
2025-06-25,201.4499969482422,203.6699981689453,200.6199951171875,201.55999755859375,39525700,0.0062905366332437485,0.7513925942992887,200.18800048828126,200.3555000305176,-0.0008360117002568688,Sideways,195.07000732421875,206.24000549316406,0.5810198118401119,0,0,Low,Markdown
2025-06-26,201.42999267578125,202.63999938964844,199.4600067138672,201.0,50799100,-0.002778316954637594,0.9607171313083402,201.0720001220703,200.3845001220703,0.003430904084802909,Sideways,195.07000732421875,206.24000549316406,0.5308857339178211,0,0,Low,Markdown
2025-06-27,201.88999938964844,203.22000122070312,200.0,201.0800018310547,73188600,0.00039801905997349785,1.3562028706318185,201.08800048828124,200.44100036621094,0.003227883122156691,Sideways,195.07000732421875,206.24000549316406,0.538047940199744,0,0,Medium,Markdown
2025-06-30,202.00999450683594,207.38999938964844,199.25999450683594,205.1699981689453,91912800,0.020340144721736175,1.6705202327897446,201.8220001220703,200.65699996948243,0.005805928289394649,Sideways,195.07000732421875,207.38999938964844,0.8198049796693845,0,0,High,Distribusi
2025-07-01,206.6699981689453,210.19000244140625,206.13999938964844,207.82000732421875,78788900,0.012916163079025322,1.3776994057134844,203.3260009765625,200.96300048828124,0.0117583857851439,Uptrend,195.07000732421875,210.19000244140625,0.8432542405722452,1,0,Medium,Markup
2025-07-02,208.91000366210938,213.33999633789062,208.13999938964844,212.44000244140625,67941800,0.022230752354752248,1.1660474313354159,205.502001953125,201.4215003967285,0.020258520308702656,Uptrend,195.07000732421875,213.33999633789062,0.9507392207071997,1,0,Low,Markup
2025-07-03,212.14999389648438,214.64999389648438,211.80999755859375,213.5500030517578,34955800,0.005225007520218483,0.6044124818911669,208.01200256347656,201.95800018310547,0.029976541532804938,Uptrend,195.07000732421875,214.64999389648438,0.9438206537748773,1,0,Low,Markup
2025-07-07,212.67999267578125,216.22999572753906,208.8000030517578,209.9499969482422,50229000,-0.016857907057220234,0.8721903944626007,209.78600158691407,202.42399978637695,0.03636921416584208,Uptrend,195.07000732421875,216.22999572753906,0.7032135056221746,0,0,Low,Markup
2025-07-08,210.10000610351562,211.42999267578125,208.4499969482422,210.00999450683594,42848900,0.00028577070476720756,0.7464763582168077,210.75400085449218,202.72849960327147,0.039587434755972484,Uptrend,195.07000732421875,216.22999572753906,0.7060489305501172,0,0,Low,Markup
2025-07-09,209.52999877929688,211.3300018310547,207.22000122070312,211.13999938964844,48749400,0.005380719548448543,0.8674904872936438,211.41799926757812,203.2129997253418,0.04037635167694005,Uptrend,195.07000732421875,216.22999572753906,0.7594518370770028,0,0,Low,Markup
2025-07-10,210.50999450683594,213.47999572753906,210.02999877929688,212.41000366210938,44443600,0.0060149866256142825,0.79813319483863,211.41199951171876,203.7,0.0378595950501658,Uptrend,195.07000732421875,216.22999572753906,0.8194709754741513,0,0,Low,Markup
2025-07-11,210.57000732421875,212.1300048828125,209.86000061035156,211.16000366210938,39765800,-0.005884845244805148,0.728001554649775,210.93399963378906,204.31900024414062,0.03237584063030934,Uptrend,195.07000732421875,216.22999572753906,0.7603972190913805,0,0,Low,Markup
2025-07-14,209.92999267578125,210.91000366210938,207.5399932861328,208.6199951171875,38840100,-0.012028833590031152,0.7143662471277824,210.66799926757812,204.79000015258788,0.0287025690249064,Uptrend,195.07000732421875,216.22999572753906,0.6403589422970836,0,0,Low,Markup
2025-07-15,209.22000122070312,211.88999938964844,208.9199981689453,209.11000061035156,42296300,0.0023487944810314243,0.7845366358723012,210.48800048828124,205.42300033569336,0.02465644131529031,Uptrend,195.07000732421875,216.22999572753906,0.6635161144005982,0,0,Low,Markup
2025-07-16,210.3000030517578,212.39999389648438,208.63999938964844,210.16000366210938,47490500,0.005021295245053015,0.8772451577925574,210.29200134277343,206.01000061035157,0.020785402260742006,Uptrend,195.07000732421875,216.22999572753906,0.7131382139851637,0,0,Low,Markup
2025-07-17,210.57000732421875,211.8000030517578,209.58999633789062,210.02000427246094,48068100,-0.0006661562010320532,0.8804238436699612,209.81400146484376,206.7290008544922,0.014922921300833638,Uptrend,195.07000732421875,216.22999572753906,0.706521982114901,0,0,Low,Markup
2025-07-18,210.8699951171875,211.7899932861328,209.6999969482422,211.17999267578125,48974600,0.005523228167424676,0.8940961604394955,209.81799926757813,207.45900039672853,0.01137091601877208,Uptrend,196.86000061035156,216.22999572753906,0.7392873348080086,0,0,Low,Markup
2025-07-21,212.10000610351562,215.77999877929688,211.6300048828125,212.47999572753906,51377400,0.006155900638530998,0.9785475261902796,210.58999938964843,208.03300018310546,0.012291315340798633,Uptrend,198.9600067138672,216.22999572753906,0.7828603135166274,0,0,Low,Markup
2025-07-22,213.13999938964844,214.9499969482422,212.22999572753906,214.39999389648438,46404100,0.00903613614246912,0.8918167190290435,211.647998046875,208.6779998779297,0.014232445062165894,Uptrend,199.25999450683594,216.22999572753906,0.8921625398104206,0,0,Low,Markup
2025-07-23,215.0,215.14999389648438,212.41000366210938,214.14999389648438,46989300,-0.0011660448093142595,0.9092446539236358,212.44599609375,209.37049942016603,0.014689255086563357,Uptrend,199.25999450683594,216.22999572753906,0.877430661082268,0,0,Low,Markup
2025-07-24,213.89999389648438,215.69000244140625,213.52999877929688,213.75999450683594,46022600,-0.0018211505989440546,0.8849762236167428,213.193994140625,209.98049926757812,0.015303777656761894,Uptrend,199.25999450683594,216.22999572753906,0.8544489662328507,0,0,Low,Markup
2025-07-25,214.6999969482422,215.24000549316406,213.39999389648438,213.8800048828125,40268800,0.0005614258002459849,0.7822553480314435,213.73399658203124,210.62449951171874,0.014763225918737405,Uptrend,199.25999450683594,216.22999572753906,0.8615208794528776,0,0,Low,Markup
2025-07-28,214.02999877929688,214.85000610351562,213.05999755859375,214.0500030517578,37858000,0.0007948296477664485,0.7615573846504486,214.047998046875,211.27299957275392,0.01313465743248218,Uptrend,199.25999450683594,216.22999572753906,0.871538449088519,0,0,Low,Markup
2025-07-29,214.17999267578125,214.80999755859375,210.82000732421875,211.27000427246094,51411700,-0.012987613826964783,1.0781245363572947,213.4220001220703,211.5779998779297,0.008715463068960391,Sideways,206.13999938964844,216.22999572753906,0.5084248508146594,0,0,Low,Markup
2025-07-30,211.89999389648438,212.38999938964844,207.72000122070312,209.0500030517578,45512500,-0.010507886476113892,0.9889202902542163,212.402001953125,211.63949966430664,0.0036028354349155124,Sideways,207.22000122070312,216.22999572753906,0.20310798521200585,0,0,Low,Markup
2025-07-31,208.49000549316406,209.83999633789062,207.16000366210938,207.57000732421875,80698400,-0.007079625476841711,1.7294894186689334,211.16400451660155,211.39599990844727,-0.001097444568233025,Sideways,207.16000366210938,216.22999572753906,0.045204412435166916,0,0,High,Akumulasi
2025-08-01,210.8699951171875,213.5800018310547,201.5,202.3800048828125,104434500,-0.025003624118486445,2.083099793394447,208.86400451660157,210.8375,-0.009360267900152664,Sideways,201.5,216.22999572753906,0.059742371898129684,0,1,High,Akumulasi
2025-08-04,204.50999450683594,207.8800048828125,201.67999267578125,203.35000610351562,75109300,0.004792969647692269,1.461890593859905,206.72400512695313,210.50750045776368,-0.017973209137836278,Downtrend,201.5,215.77999877929688,0.12955225921992106,0,0,Medium,Akumulasi
2025-08-05,203.39999389648438,205.33999633789062,202.16000366210938,202.9199981689453,44155100,-0.002114619727876521,0.8583221535935391,205.05400390625,210.15300064086915,-0.024263259240027927,Downtrend,201.5,215.77999877929688,0.09943965618568708,0,0,Low,Akumulasi
2025-08-06,205.6300048828125,215.3800048828125,205.58999633789062,213.25,108483100,0.05090677076812433,1.993068552580838,205.89400329589844,210.2585006713867,-0.02075776894418908,Downtrend,201.5,215.77999877929688,0.8228292019909088,0,0,High,Akumulasi
2025-08-07,218.8800048828125,220.85000610351562,216.5800018310547,220.02999877929688,90224800,0.03179366367782821,1.5907262525509418,208.38600158691406,210.6395004272461,-0.010698367759898816,Downtrend,201.5,220.85000610351562,0.9576223738725453,1,0,High,Akumulasi
2025-08-08,220.8300018310547,231.0,219.25,229.35000610351562,113854000,0.04235789381413979,1.8842618934371071,213.78000183105468,211.54900054931642,0.010546026102440348,Uptrend,201.5,231.0,0.9440680035090042,1,0,High,Markup
2025-08-11,227.9199981689453,229.55999755859375,224.75999450683594,227.17999267578125,61806100,-0.009461579986856261,1.0038027049975347,218.5459991455078,212.47700042724608,0.02856308544481642,Uptrend,201.5,231.0,0.8705082262976694,0,0,Low,Markup
2025-08-12,228.00999450683594,230.8000030517578,227.07000732421875,229.64999389648438,55626200,0.010872441677679756,0.8937593325541259,223.89199829101562,213.50400009155274,0.04865481768495392,Uptrend,201.5,231.0,0.9542370812367584,0,0,Low,Markup
2025-08-13,231.07000732421875,235.0,230.42999267578125,233.3300018310547,69878500,0.01602441991019199,1.1029177045214047,227.90799865722656,214.6625,0.061703831163927386,Uptrend,201.5,235.0,0.9501493083896921,1,0,Low,Markup
2025-08-14,234.05999755859375,235.1199951171875,230.85000610351562,232.77999877929688,51916300,-0.0023571895917441354,0.8169328640879783,230.45799865722657,215.8004997253418,0.06792152451240828,Uptrend,201.5,235.1199951171875,0.9303986710963456,0,0,Low,Markup
2025-08-15,234.0,234.27999877929688,229.33999633789062,231.58999633789062,56038700,-0.005112133549474374,0.8769273405653871,230.90599670410157,216.82099990844728,0.06496140503734271,Uptrend,201.5,235.1199951171875,0.8950029954795491,0,0,Low,Markup
2025-08-18,231.6999969482422,233.1199951171875,230.11000061035156,230.88999938964844,37476200,-0.0030225698834628334,0.5928989512629728,231.647998046875,217.74150009155272,0.06386700720567769,Uptrend,201.5,235.1199951171875,0.8741821433110034,0,0,Low,Markup
2025-08-19,231.27999877929688,232.8699951171875,229.35000610351562,230.55999755859375,39402600,-0.001429259958971918,0.6268476567188743,231.8299987792969,218.54950027465821,0.060766547111517716,Uptrend,201.5,235.1199951171875,0.8643665014614309,0,0,Low,Markup
2025-08-20,229.97999572753906,230.47000122070312,225.77000427246094,226.00999450683594,42263900,-0.019734572779050663,0.6749042849353498,230.36599731445312,219.1425003051758,0.05121551955301962,Uptrend,201.5,235.1199951171875,0.7290302815750777,0,0,Low,Markup
2025-08-21,226.27000427246094,226.52000427246094,223.77999877929688,224.89999389648438,30621200,-0.004911289931109564,0.4950721476324248,228.7899963378906,219.6995002746582,0.04137695375668995,Uptrend,201.5,235.1199951171875,0.6960141967576203,0,0,Low,Markup
2025-08-22,226.1699981689453,229.08999633789062,225.41000366210938,227.75999450683594,42477800,0.012716766064777785,0.6855410563608327,228.02399597167968,220.39349975585938,0.034622147315020516,Uptrend,201.5,235.1199951171875,0.7810826389267106,0,0,Low,Markup
2025-08-25,226.47999572753906,229.3000030517578,226.22999572753906,227.16000366210938,30983100,-0.0026343118159346535,0.502819760884277,227.2779968261719,221.04899978637695,0.02817925910460881,Uptrend,201.5,235.1199951171875,0.7632363887224733,0,0,Low,Markup
2025-08-26,226.8699951171875,229.49000549316406,224.69000244140625,229.30999755859375,54575100,0.009464667467088184,0.8834228733181205,227.0279968261719,221.95099945068358,0.022874406459324766,Uptrend,201.5,235.1199951171875,0.8271862462102645,0,0,Low,Markup
2025-08-27,228.61000061035156,230.89999389648438,228.25999450683594,230.49000549316406,31259500,0.00514590705653295,0.5119118855526198,227.9239990234375,223.02299957275392,0.021975309542389958,Uptrend,201.5,235.1199951171875,0.8622846431748452,0,0,Low,Markup
2025-08-28,230.82000732421875,233.41000366210938,229.33999633789062,232.55999755859375,38074700,0.008980832210059075,0.6460671845595598,229.45599975585938,224.27249908447266,0.023112511308996244,Uptrend,201.5,235.1199951171875,0.9238549098632972,0,0,Low,Markup
2025-08-29,232.50999450683594,233.3800048828125,231.3699951171875,232.13999938964844,39418400,-0.00180597769760249,0.7079170500175729,230.33200073242188,225.76049880981446,0.020249343648281636,Uptrend,201.67999267578125,235.1199951171875,0.9108853017352309,0,0,Low,Markup
2025-09-02,229.25,230.85000610351562,226.97000122070312,229.72000122070312,44075600,-0.010424735828844955,0.8142463742051738,230.84400024414063,227.07899856567383,0.01658014040157008,Uptrend,202.16000366210938,235.1199951171875,0.836165191248786,0,0,Low,Markup
2025-09-03,237.2100067138672,238.85000610351562,234.36000061035156,238.47000122070312,66427800,0.038089848308826335,1.2024397864173204,232.6760009765625,228.85649871826172,0.016689507528483426,Uptrend,205.58999633789062,238.85000610351562,0.9885747212496238,1,0,Medium,Markup
2025-09-04,238.4499969482422,239.89999389648438,236.74000549316406,239.77999877929688,47549400,0.005493343195739575,0.9109517611908388,234.53399963378905,230.18299865722656,0.018902355960014727,Uptrend,216.5800018310547,239.89999389648438,0.9948544100336387,1,0,Low,Markup
2025-09-05,240.0,241.32000732421875,238.49000549316406,239.69000244140625,54870400,-0.00037532879451496193,1.0880556179360308,235.96000061035156,231.16599884033204,0.02073835163505499,Uptrend,219.25,241.32000732421875,0.9261438902639694,0,0,Low,Markup
2025-09-08,239.3000030517578,240.14999389648438,236.33999633789062,237.8800048828125,48999500,-0.007551410322323426,1.038409902716953,237.10800170898438,231.59249877929688,0.023815550843655203,Uptrend,223.77999877929688,241.32000732421875,0.8038768092617499,0,0,Low,Markup
2025-09-09,237.0,238.77999877929688,233.36000061035156,234.35000610351562,66313900,-0.014839409394815983,1.398660351587052,238.03400268554688,231.95099945068358,0.026225380572919843,Uptrend,223.77999877929688,241.32000732421875,0.6026227009609378,0,0,Medium,Markup
2025-09-10,232.19000244140625,232.4199981689453,225.9499969482422,226.7899932861328,83440800,-0.03225949486019408,1.709741395897029,235.6980010986328,231.80799942016603,0.01678113649311951,Uptrend,223.77999877929688,241.32000732421875,0.17160735692499882,0,0,High,Markup
2025-09-11,226.8800048828125,230.4499969482422,226.64999389648438,230.02999877929688,50208600,0.014286368839370622,1.0499569476371389,233.7480010986328,231.64299926757812,0.009087267207342362,Sideways,223.77999877929688,241.32000732421875,0.356328218654687,0,0,Low,Markup
2025-09-12,229.22000122070312,234.50999450683594,229.02000427246094,234.07000732421875,55824200,0.017562963814985233,1.1626391464179893,232.6240020751953,231.7074996948242,0.003955428208315227,Sideways,223.77999877929688,241.32000732421875,0.5866592663605631,0,0,Low,Markup
2025-09-15,237.0,238.19000244140625,235.02999877929688,236.6999969482422,42699500,0.011235910376080627,0.9018205795331641,232.38800048828125,231.9629997253418,0.001832192045467053,Sideways,223.77999877929688,241.32000732421875,0.7366015892099361,0,0,Low,Markup
2025-09-16,237.17999267578125,241.22000122070312,236.32000732421875,238.14999389648438,63421100,0.0061258849469238985,1.303744211549078,233.147998046875,232.32599945068358,0.003538125729083085,Sideways,223.77999877929688,241.32000732421875,0.8192695619494355,0,0,Medium,Distribusi
2025-09-17,238.97000122070312,240.10000610351562,237.72999572753906,238.99000549316406,46508000,0.0035272375318422533,0.9491307508832796,235.58800048828124,232.74749984741212,0.012204215481289119,Uptrend,223.77999877929688,241.32000732421875,0.8671607356924999,0,0,Low,Distribusi
2025-09-18,239.97000122070312,241.1999969482422,236.64999389648438,237.8800048828125,44249600,-0.0046445482440198305,0.9012155012096763,237.1580017089844,233.34100036621095,0.016358039679194587,Uptrend,223.77999877929688,241.32000732421875,0.8038768092617499,0,0,Low,Distribusi
2025-09-19,241.22999572753906,246.3000030517578,240.2100067138672,245.5,163741300,0.03203293660995743,2.9367520916839047,239.44400024414062,234.37100067138672,0.021645167525938033,Uptrend,224.69000244140625,246.3000030517578,0.9629799616306074,1,0,High,Markup
2025-09-22,248.3000030517578,256.6400146484375,248.1199951171875,256.0799865722656,105517400,0.04309566831880085,1.7912267956612606,243.31999816894532,235.7870002746582,0.03194831727581357,Uptrend,224.69000244140625,256.6400146484375,0.9824717414020696,1,0,High,Markup
2025-09-23,255.8800048828125,257.3399963378906,253.5800018310547,254.42999267578125,60275200,-0.006443275472520216,0.9983883390616589,246.57599792480468,237.1504997253418,0.03974479585908153,Uptrend,224.69000244140625,257.3399963378906,0.9108727655099895,0,0,Low,Markup
2025-09-24,255.22000122070312,255.74000549316406,251.0399932861328,252.30999755859375,42303700,-0.008332331793480807,0.7079059146474008,249.23999633789063,238.3004997253418,0.04590630999581355,Uptrend,225.9499969482422,257.3399963378906,0.8397579204491596,0,0,Low,Markup
2025-09-25,253.2100067138672,257.1700134277344,251.7100067138672,256.8699951171875,55202100,0.018072995928489766,0.905604791385795,253.03799438476562,239.61949920654297,0.05599917879244218,Uptrend,225.9499969482422,257.3399963378906,0.9850270395080633,0,0,Low,Markup
2025-09-26,254.10000610351562,257.6000061035156,253.77999877929688,255.4600067138672,46076300,-0.005489112898051984,0.7509647771192908,255.02999572753907,240.76449966430664,0.059250828436594856,Uptrend,225.9499969482422,257.6000061035156,0.932385504877749,0,0,Low,Markup
2025-09-29,254.55999755859375,255.0,253.00999450683594,254.42999267578125,40127700,-0.004031997224675621,0.6536349717522453,254.6999969482422,241.87899932861328,0.053005832069821374,Uptrend,225.9499969482422,257.6000061035156,0.8998416268323197,0,0,Low,Markup
2025-09-30,254.86000061035156,255.9199981689453,253.11000061035156,254.6300048828125,37704300,0.0007861188255666729,0.6173640611307378,254.73999938964843,243.12449951171874,0.047775933323288215,Uptrend,225.9499969482422,257.6000061035156,0.9061611260163484,0,0,Low,Markup
2025-10-01,255.0399932861328,258.7900085449219,254.92999267578125,255.4499969482422,48713900,0.003220327729275496,0.8093711393981575,255.3679992675781,243.9734992980957,0.04670384284466976,Uptrend,225.9499969482422,258.7900085449219,0.8982944452730528,0,0,Low,Markup
2025-10-02,256.5799865722656,258.17999267578125,254.14999389648438,257.1300048828125,42630200,0.00657666061710982,0.7111981146248122,255.4200012207031,244.84099960327148,0.04320763938463465,Uptrend,225.9499969482422,258.7900085449219,0.9494517942777703,0,0,Low,Markup
2025-10-03,254.6699981689453,259.239990234375,253.9499969482422,258.0199890136719,49155600,0.0034612223931820285,0.8239890793235074,255.93199768066407,245.75749893188475,0.04140056272138139,Uptrend,225.9499969482422,259.239990234375,0.9633523140056828,0,0,Low,Markup
2025-10-06,257.989990234375,259.07000732421875,255.0500030517578,256.69000244140625,44664100,-0.005154587353288997,0.7514290941744776,256.3839996337891,246.69799880981446,0.039262583688170836,Uptrend,225.9499969482422,259.239990234375,0.9234007717859479,0,0,Low,Markup
2025-10-07,256.80999755859375,257.3999938964844,255.42999267578125,256.4800109863281,31955800,-0.0008180741481198517,0.5536254848108062,256.7540008544922,247.80449905395508,0.036115170768503665,Uptrend,225.9499969482422,259.239990234375,0.9170928265342557,0,0,Low,Markup
2025-10-08,256.5199890136719,258.5199890136719,256.1099853515625,258.05999755859375,36496900,0.006160271773966164,0.6591008108080043,257.2760009765625,249.3679992675781,0.03171217530802299,Uptrend,226.64999389648438,259.239990234375,0.9637927950789814,0,0,Low,Markup
2025-10-09,257.80999755859375,258.0,253.13999938964844,254.0399932861328,38322000,-0.015577789314472068,0.6995689715366776,256.6579986572266,250.56849899291993,0.024302734337242938,Uptrend,229.02000427246094,259.239990234375,0.8279285452086017,0,0,Low,Markup
2025-10-10,254.94000244140625,256.3800048828125,244.0,245.27000427246094,61999100,-0.034522080166306646,1.1254517529074743,254.10800170898438,251.12849884033204,0.011864455378068045,Uptrend,235.02999877929688,259.239990234375,0.4229660928284296,0,0,Low,Markup
2025-10-13,249.3800048828125,249.69000244140625,245.55999755859375,247.66000366210938,38142900,0.009744360696440912,0.6952725064144676,252.302001953125,251.6764991760254,0.0024853443970631293,Sideways,236.32000732421875,259.239990234375,0.49476460703928676,0,0,Low,Markup
2025-10-14,246.60000610351562,248.85000610351562,244.6999969482422,247.77000427246094,35478000,0.0004441597703503941,0.66359658011524,250.56000061035155,252.15749969482422,-0.006335322512342723,Sideways,236.64999389648438,259.239990234375,0.4922537485021527,0,0,Low,Markup
2025-10-15,249.49000549316406,251.82000732421875,247.47000122070312,249.33999633789062,33893600,0.0063364896410271765,0.6415295438024541,248.81600036621094,252.67499923706055,-0.01527257893539787,Downtrend,236.64999389648438,259.239990234375,0.5617531871893697,0,0,Low,Markup
2025-10-16,248.25,249.0399932861328,245.1300048828125,247.4499969482422,39777000,-0.007580008893106838,0.756089445398498,247.4980010986328,253.15349884033202,-0.02234019188992612,Downtrend,240.2100067138672,259.239990234375,0.38045173431562707,0,0,Low,Markup
2025-10-17,248.02000427246094,253.3800048828125,247.27000427246094,252.2899932861328,49147000,0.019559492412937862,1.0483767406995947,248.9019989013672,253.49299850463868,-0.018110952295936778,Downtrend,244.0,259.239990234375,0.5439631626163434,0,0,Low,Markup
2025-10-20,255.88999938964844,264.3800048828125,255.6300048828125,262.239990234375,90483000,0.03943873008454002,1.9615881399826827,251.8179962158203,253.80099868774414,-0.007813217765795959,Sideways,244.0,264.3800048828125,0.8949943996214503,1,0,High,Distribusi
2025-10-21,261.8800048828125,265.2900085449219,261.8299865722656,262.7699890136719,46695900,0.002021044840732289,1.0274474676861953,254.8179931640625,254.21799850463867,0.0023601580649407878,Sideways,244.0,265.2900085449219,0.8816337003372843,0,0,Low,Distribusi
2025-10-22,262.6499938964844,262.8500061035156,255.42999267578125,258.45001220703125,45015300,-0.016440145325788524,0.9875233730405831,256.63999633789064,254.52499923706054,0.008309584941242728,Sideways,244.0,265.2900085449219,0.6787227058430603,0,0,Low,Distribusi
2025-10-23,259.94000244140625,260.6199951171875,258.010009765625,259.5799865722656,32754900,0.004372119604812541,0.7366996407580236,259.0659942626953,254.66049880981444,0.017299484896442393,Uptrend,244.0,265.2900085449219,0.7317980422314949,0,0,Low,Distribusi
2025-10-24,261.19000244140625,264.1300048828125,259.17999267578125,262.82000732421875,38253700,0.012481781799657865,0.8680105952853544,261.1719970703125,255.02849884033202,0.02408945767989167,Uptrend,244.0,265.2900085449219,0.8839830798803379,0,0,Low,Distribusi
2025-10-27,264.8800048828125,269.1199951171875,264.6499938964844,268.80999755859375,44888200,0.02279122619072771,1.0130816679482095,262.4859985351562,255.74749908447265,0.02634825159505419,Uptrend,244.0,269.1199951171875,0.9876593304597562,1,0,Low,Distribusi
2025-10-28,268.989990234375,269.8900146484375,268.1499938964844,269.0,41534800,0.0007068280314419528,0.9333642995593605,263.73200073242185,256.465998840332,0.028331248293905133,Uptrend,244.0,269.8900146484375,0.9656232466252693,0,0,Low,Distribusi
2025-10-29,269.2799987792969,271.4100036621094,267.1099853515625,269.70001220703125,51086700,0.0026022758625696696,1.1449607435083042,265.98200073242185,257.17849960327146,0.03423109296745584,Uptrend,244.0,271.4100036621094,0.9376143295653054,0,0,Low,Distribusi
2025-10-30,271.989990234375,274.1400146484375,268.4800109863281,271.3999938964844,69886500,0.006303231785351748,1.5198813437128587,268.34600219726565,257.8919990539551,0.04053636088618404,Uptrend,244.0,274.1400146484375,0.9090902647555558,0,0,High,Distribusi
2025-10-31,276.989990234375,277.32000732421875,269.1600036621094,270.3699951171875,86167100,-0.0037951319176879883,1.801448294425556,269.8559997558594,258.50949935913087,0.04389200561239547,Uptrend,244.0,277.32000732421875,0.7914162461189013,0,0,High,Distribusi
2025-11-03,270.4200134277344,270.8500061035156,266.25,269.04998779296875,50194600,-0.0048822256465500535,1.0433591464320866,269.90399780273435,259.127498626709,0.04158763247103179,Uptrend,244.0,277.32000732421875,0.751800188674061,0,0,Low,Distribusi
2025-11-04,268.3299865722656,271.489990234375,267.6199951171875,270.0400085449219,49274800,0.003679690752169673,1.0061297080527458,270.11199951171875,259.80549850463865,0.03967006497707394,Uptrend,244.0,277.32000732421875,0.7815126897044412,0,0,Low,Distribusi
2025-11-05,268.6099853515625,271.70001220703125,266.92999267578125,270.1400146484375,43683100,0.00037033809935982376,0.8854578929584134,270.2,260.40949935913085,0.03759655721071472,Uptrend,244.0,277.32000732421875,0.784514072703626,0,0,Low,Distribusi
2025-11-06,267.8900146484375,273.3999938964844,267.8900146484375,269.7699890136719,51204000,-0.001369754996301431,1.0245305885528455,269.8739990234375,261.1959991455078,0.0332240918939011,Uptrend,244.0,277.32000732421875,0.773408864017292,0,0,Low,Distribusi
2025-11-07,269.79998779296875,272.2900085449219,266.7699890136719,268.4700012207031,48227400,-0.004818874767062664,0.9784532889154215,269.49400024414064,262.3559989929199,0.027207310976766895,Uptrend,244.6999969482422,277.32000732421875,0.7286939519175221,0,0,Low,Distribusi
2025-11-10,268.9599914550781,273.7300109863281,267.4599914550781,269.42999267578125,41312400,0.003575786682732396,0.835473296135933,269.57000122070315,263.4444984436035,0.023251587386672882,Uptrend,244.6999969482422,277.32000732421875,0.7581234782730724,0,0,Low,Distribusi
2025-11-11,269.80999755859375,275.9100036621094,269.79998779296875,275.25,46208300,0.021601185771556786,0.9244541523592904,270.61199951171875,264.8184982299805,0.02187725298822183,Uptrend,245.1300048828125,277.32000732421875,0.9356940923509816,0,0,Low,Distribusi
2025-11-12,275.0,275.7300109863281,271.70001220703125,273.4700012207031,48398000,-0.006466843884820661,0.9544142843859948,271.2779968261719,266.0249984741211,0.019746258367375924,Uptrend,245.1300048828125,277.32000732421875,0.8803974584803593,0,0,Low,Distribusi
2025-11-13,274.1099853515625,276.70001220703125,272.0899963378906,272.95001220703125,49602800,-0.0019014480979659965,0.968787184997146,271.91400146484375,267.29999923706055,0.017261512311831994,Uptrend,247.27000427246094,277.32000732421875,0.8545758844130343,0,0,Low,Distribusi
2025-11-14,271.04998779296875,275.9599914550781,269.6000061035156,272.4100036621094,47431300,-0.0019784155368063328,0.9279305505179092,272.702001953125,268.3059997558594,0.01638428585743767,Uptrend,255.42999267578125,277.32000732421875,0.775696647948116,0,0,Low,Distribusi
2025-11-17,268.82000732421875,270.489990234375,265.7300109863281,267.4599914550781,45018300,-0.018171183658773127,0.9217146628494527,272.30800170898436,268.5669998168945,0.013929492062094083,Uptrend,255.42999267578125,277.32000732421875,0.5495655883517452,0,0,Low,Distribusi
2025-11-18,269.989990234375,270.7099914550781,265.32000732421875,267.44000244140625,45677300,-7.473646268785217e-05,0.9361833822751031,270.7460021972656,268.8005004882813,0.00723771609595336,Sideways,255.42999267578125,277.32000732421875,0.5486524316456897,0,0,Low,Distribusi
2025-11-19,265.5299987792969,272.2099914550781,265.5,268.55999755859375,40424500,0.004187836924032684,0.8324403922577659,269.7640014648438,269.3059997558594,0.0017006739894380421,Sideways,258.010009765625,277.32000732421875,0.5463484788621098,0,0,Low,Distribusi
2025-11-20,270.8299865722656,275.42999267578125,265.9200134277344,266.25,45823600,-0.008601420835542606,0.9310925742565205,268.4239990234375,269.6395004272461,-0.004507875893118939,Sideways,259.17999267578125,277.32000732421875,0.38974650579059644,0,0,Low,Distribusi
2025-11-21,265.95001220703125,273.3299865722656,265.6700134277344,271.489990234375,59030800,0.019680714495305063,1.1746552121260663,268.2399963378906,270.07299957275393,-0.006787065859093926,Sideways,264.6499938964844,277.32000732421875,0.5398570709418529,0,0,Low,Distribusi
2025-11-24,270.8999938964844,277.0,270.8999938964844,275.9200134277344,65585800,0.0163174457722548,1.2787596777100878,269.9320007324219,270.4285003662109,-0.0018359737716870624,Sideways,265.32000732421875,277.32000732421875,0.8833338419596354,0,0,Medium,Distribusi
2025-11-25,275.2699890136719,280.3800048828125,275.25,276.9700012207031,46914200,0.003805406428931457,0.9099380643872409,271.83800048828124,270.8270004272461,0.0037330105914115627,Sideways,265.32000732421875,280.3800048828125,0.7735720972834083,0,0,Low,Distribusi
2025-11-26,276.9599914550781,279.5299987792969,276.6300048828125,277.54998779296875,33431400,0.0020940411225383038,0.6597242298491104,273.63599853515626,271.219499206543,0.008909755145492037,Sideways,265.32000732421875,280.3800048828125,0.8120838281126517,0,0,Low,Distribusi
2025-11-28,277.260009765625,279.0,275.989990234375,278.8500061035156,20135600,0.004683906927485104,0.417861441191983,276.1559997558594,271.59199981689454,0.016804618479343548,Uptrend,265.32000732421875,280.3800048828125,0.8984064390884442,0,0,Low,Distribusi
2025-12-01,278.010009765625,283.4200134277344,276.1400146484375,283.1000061035156,46587700,0.015241168753721723,1.008210755233449,278.4780029296875,272.22850036621094,0.022956826912206102,Uptrend,265.32000732421875,283.4200134277344,0.9823200432978532,1,0,Low,Distribusi
2025-12-02,283.0,287.3999938964844,282.6300048828125,286.19000244140625,53669500,0.010914857899228636,1.1571181431433373,280.53200073242186,273.0855010986328,0.027268015342563182,Uptrend,265.32000732421875,287.3999938964844,0.9451996290342867,1,0,Low,Distribusi
2025-12-03,286.20001220703125,288.6199951171875,283.29998779296875,284.1499938964844,43538700,-0.00712816145749029,0.9445379766476947,281.96799926757814,273.79100036621094,0.029865842523786393,Uptrend,265.32000732421875,288.6199951171875,0.8081543535378143,0,0,Low,Distribusi
2025-12-04,284.1000061035156,284.7300109863281,278.5899963378906,280.70001220703125,43989100,-0.012141410394363561,0.9539924010857822,282.59800415039064,274.3190002441406,0.030180205887604568,Uptrend,265.32000732421875,288.6199951171875,0.6600863922964686,0,0,Low,Distribusi
2025-12-05,280.5400085449219,281.1400146484375,278.04998779296875,278.7799987792969,47265800,-0.00684009028940924,1.0294504082393843,282.58400268554686,274.7695007324219,0.028440208728751762,Uptrend,265.32000732421875,288.6199951171875,0.5776823393504075,0,0,Low,Distribusi
2025-12-08,278.1300048828125,279.6700134277344,276.1499938964844,277.8900146484375,38211800,-0.00319242461710445,0.8414315377070077,281.54200439453126,275.2405014038086,0.0228945339024712,Uptrend,265.32000732421875,288.6199951171875,0.5394855755251515,0,0,Low,Distribusi
2025-12-09,278.1600036621094,280.0299987792969,276.9200134277344,277.17999267578125,32193300,-0.002555046727945598,0.7160926834574188,279.74000244140626,275.6280014038086,0.014918662170224842,Uptrend,265.32000732421875,288.6199951171875,0.5090125135233545,0,0,Low,Distribusi
2025-12-10,277.75,279.75,276.44000244140625,278.7799987792969,33038300,0.00577244442526248,0.7458126582027022,278.66600341796874,275.80450134277345,0.010375110127876331,Uptrend,265.32000732421875,288.6199951171875,0.5776823393504075,0,0,Low,Distribusi
2025-12-11,279.1000061035156,279.5899963378906,273.80999755859375,278.0299987792969,33248000,-0.0026902934331158868,0.7636040512722638,278.1320007324219,276.0325012207031,0.007605986622713302,Sideways,265.32000732421875,288.6199951171875,0.5454934812847252,0,0,Low,Distribusi
2025-12-12,277.8999938964844,279.2200012207031,276.82000732421875,278.2799987792969,39532900,0.0008991835452922814,0.9185709311634684,278.03200073242186,276.2990005493164,0.006272191284297186,Sideways,265.32000732421875,288.6199951171875,0.5562231006399526,0,0,Low,Distribusi
2025-12-15,280.1499938964844,280.1499938964844,272.8399963378906,274.1099853515625,50409100,-0.014984955605960026,1.1672478889999451,277.2759948730469,276.3839996337891,0.003227376550161096,Sideways,265.32000732421875,288.6199951171875,0.37725247349684476,0,0,Low,Distribusi
2025-12-16,272.82000732421875,275.5,271.7900085449219,274.6099853515625,37648600,0.0018240853187405648,0.8792745073310633,276.7619934082031,276.74149932861326,7.405495612181766e-05,Sideways,265.32000732421875,288.6199951171875,0.3987117122072996,0,0,Low,Distribusi
2025-12-17,275.010009765625,276.1600036621094,271.6400146484375,271.8399963378906,50138700,-0.010086993049891024,1.1649090736316436,275.3739929199219,276.9614990234375,-0.0057318656532159215,Sideways,265.5,288.6199951171875,0.274221352805453,0,0,Low,Distribusi
2025-12-18,273.6099853515625,273.6300048828125,266.95001220703125,272.19000244140625,51630700,0.001287544541755281,1.184158318651009,274.20599365234375,277.14299926757815,-0.010597437506977237,Downtrend,265.6700134277344,288.6199951171875,0.2840956085236528,0,0,Low,Distribusi
2025-12-19,272.1499938964844,274.6000061035156,269.8999938964844,273.6700134277344,144632000,0.005437418615868328,2.979547439721806,273.28399658203125,277.51399993896484,-0.01524248635335126,Downtrend,265.6700134277344,288.6199951171875,0.3485841561118314,0,0,High,Distribusi
2025-12-22,272.8599853515625,273.8800048828125,270.510009765625,270.9700012207031,36571800,-0.009865941003960987,0.7712535046864472,272.6559997558594,277.4880004882813,-0.01741336823184878,Downtrend,266.95001220703125,288.6199951171875,0.1855095608676181,0,0,Low,Distribusi
2025-12-23,270.8399963378906,272.5,269.55999755859375,272.3599853515625,29642000,0.005129660569795913,0.6497380837877613,272.20599975585935,277.3099990844727,-0.018405392324344474,Downtrend,266.95001220703125,288.6199951171875,0.249652856993981,0,0,Low,Distribusi
2025-12-24,272.3399963378906,275.42999267578125,272.20001220703125,273.80999755859375,17910600,0.005323881205087977,0.4054806652648508,272.6,277.15199890136716,-0.016424196539845656,Downtrend,266.95001220703125,288.6199951171875,0.3165662557282117,0,0,Low,Distribusi
2025-12-26,274.1600036621094,275.3699951171875,272.8599853515625,273.3999938964844,21521800,-0.0014974020881820538,0.49389339954745526,272.8419982910156,276.94449920654296,-0.014813440697616932,Downtrend,266.95001220703125,288.6199951171875,0.29764590568413224,0,0,Low,Distribusi
2025-12-29,272.69000244140625,274.3599853515625,272.3500061035156,273.760009765625,23715200,0.0013168100847762432,0.5420024966415098,272.85999755859376,276.68999938964845,-0.01384221272725181,Downtrend,266.95001220703125,288.6199951171875,0.31425947989105485,0,0,Low,Distribusi
2025-12-30,272.80999755859375,274.0799865722656,272.2799987792969,273.0799865722656,22139600,-0.0024840121606569676,0.5205352393323909,273.28199462890626,276.1889984130859,-0.01052541484593012,Downtrend,266.95001220703125,288.6199951171875,0.28287859711976926,0,0,Low,Distribusi
