Return,RVOL,TrendDiff,PricePosition,Breakout,Breakdown,Label
-0.04889021911926073,0.0063567845921075035,-0.16396127262058768,-0.6041914515078799,-0.3545440156522069,-0.2217277157152845,Akumulasi
0.6893859739745924,-0.5545920340440724,-0.16396127262058768,0.14545212779397487,-0.3545440156522069,-0.2217277157152845,Akumulasi
-2.0589222878783273,0.5239301369977343,-0.16396127262058768,-1.7481369721109563,-0.3545440156522069,4.51003608986834,Akumulasi
1.9887111872577674,-0.3879854993545536,-0.16396127262058768,0.16952925589442414,-0.3545440156522069,-0.2217277157152845,Akumulasi
0.46650875000142666,-0.4058266525945943,-0.16396127262058768,0.6711432268044111,-0.3545440156522069,-0.2217277157152845,Akumulasi
-1.4371483060893873,-0.44705153878312415,-0.14312121774104694,-0.6916460744163644,-0.3545440156522069,-0.2217277157152845,Akumulasi
-0.13222027845407922,-0.5817494521743665,-0.21668502519726038,-0.7715455883092862,-0.3545440156522069,-0.2217277157152845,Akumulasi
0.9200542049333498,-0.600350131489745,-0.04054246423982315,0.15621267024560392,-0.3545440156522069,-0.2217277157152845,Akumulasi
-0.9521798055038466,-0.5063625080734184,-0.11510293649708792,-0.7227158497831696,-0.3545440156522069,-0.2217277157152845,Akumulasi
-0.8687827120332337,0.06702770691600946,-0.2955924048953683,-1.5084282702702008,-0.3545440156522069,-0.2217277157152845,Akumulasi
0.2751788923620085,-0.45882737400152235,-0.3159536046014595,-1.2021332534646803,-0.3545440156522069,-0.2217277157152845,Akumulasi
1.9130483084049432,-0.0782855395790195,-0.21076619654435544,0.6622632452247553,-0.3545440156522069,-0.2217277157152845,Akumulasi
2.1400889553747824,0.3283359171604104,-0.05330071388015128,0.6874543694128683,2.820524267376039,-0.2217277157152845,Akumulasi
0.9109215144578594,0.1602768585748461,0.29045459455916683,1.1777865061725226,-0.3545440156522069,-0.2217277157152845,Akumulasi
1.604195732913087,1.210374279213567,0.8639943473860092,0.9914010330426757,2.820524267376039,-0.2217277157152845,Markup
0.051385871899061374,-0.3349341599616662,1.4306680559574458,1.0325704975667922,-0.3545440156522069,-0.2217277157152845,Markup
-0.5077105038622736,0.7378703421787943,1.7721005114842698,0.8438803902781185,-0.3545440156522069,-0.2217277157152845,Markup
-2.137964625827385,0.7306762278861667,1.7223001233742137,-0.008651300738986066,-0.3545440156522069,-0.2217277157152845,Markup
-2.2833880525186148,1.5038873348317785,1.3920309036542138,-0.8886266840146805,-0.3545440156522069,-0.2217277157152845,Markup
0.9375753272618533,-0.27348948579256094,0.9513126937209089,-0.5146805299278691,-0.3545440156522069,-0.2217277157152845,Markup
0.3294939518714853,-0.7972822937395769,0.4851331456565504,-0.3688742999844255,-0.3545440156522069,-0.2217277157152845,Markup
-0.5133607475082834,-0.6189749719052678,0.05559763434173563,-0.5489871083192223,-0.3545440156522069,-0.2217277157152845,Markup
1.4891851749067344,-0.6968120937999671,-0.06095559975189928,0.008032060206265587,-0.3545440156522069,-0.2217277157152845,Markup
-0.32270570717561364,-0.8929299518838918,0.09961137475657603,-0.10288162908076805,-0.3545440156522069,-0.2217277157152845,Markup
0.01660776096284777,-0.9819929082644344,0.1738600150331675,-0.07647220069041646,-0.3545440156522069,-0.2217277157152845,Markup
-0.44142754651425514,-0.8066831301846057,0.13763187540791455,-0.23492071200646722,-0.3545440156522069,-0.2217277157152845,Markup
-0.3210893048470663,-0.8925877532687139,0.12745421893722086,-0.3515994098359732,-0.3545440156522069,-0.2217277157152845,Markup
-0.1635594242442949,-1.1188378752910562,-0.031490035885124806,-0.397573748612085,-0.3545440156522069,-0.2217277157152845,Markup
0.057159859162040506,-1.2116852834556822,-0.1749149412059166,-0.35513672764426496,-0.3545440156522069,-0.2217277157152845,Markup
-1.010506565568568,-0.5832968644740635,-0.42352919464845107,-0.7406207250775384,-0.3545440156522069,-0.2217277157152845,Markup
-1.102467942397224,-0.08295913032159878,-0.7043575151598478,-1.40144491606854,-0.3545440156522069,-0.2217277157152845,Markup
-0.5645973639784697,-0.10356791353541699,-0.9470986377648908,-1.4282794770833855,-0.3545440156522069,-0.2217277157152845,Markup
0.02476172896935941,-0.3317413008647939,-1.116293642567792,-1.3992369618262306,-0.3545440156522069,-0.2217277157152845,Markup
-1.8282788397478806,0.17117172236669995,-1.4129569766493943,-1.779927966490063,-0.3545440156522069,4.51003608986834,Markup
-0.11523775732484035,1.805069926382541,-1.5685097673328579,-0.920499774961907,-0.3545440156522069,-0.2217277157152845,Markup
-0.2908557380839104,0.36306932639742145,-1.6281881837358878,-0.9836728945568171,-0.3545440156522069,-0.2217277157152845,Markup
-2.125866003442096,1.4572537553249767,-1.8085689457212606,-1.4922155624793234,-0.3545440156522069,-0.2217277157152845,Markup
0.08436688873174142,1.89096540518381,-2.047200581980063,-1.3731916215475832,-0.3545440156522069,-0.2217277157152845,Markup
3.166729954196067,0.5774063806079451,-1.9107109843708137,-0.29789336578979514,-0.3545440156522069,-0.2217277157152845,Markup
-1.296513029231583,0.15707336016322423,-1.8418702049493254,-0.7375633367928413,-0.3545440156522069,-0.2217277157152845,Markup
-1.5092660391482924,0.43130261093460287,-1.8530539973856324,-1.2414559641063,-0.3545440156522069,-0.2217277157152845,Markup
-0.993066827546568,2.157277769780092,-1.7326336951691572,-1.559270106483671,-0.3545440156522069,-0.2217277157152845,Markup
0.592330825666926,1.3134577975501724,-1.5337755902907628,-1.237411690085289,-0.3545440156522069,-0.2217277157152845,Markup
-2.5373424100405204,1.1779667040938004,-1.8652184562373015,-1.823580521525645,-0.3545440156522069,4.51003608986834,Markdown
2.378425395270859,0.42364510546904277,-1.8796402479033951,-1.123046029004997,-0.3545440156522069,-0.2217277157152845,Markdown
-0.5962604603265744,-0.07960099150855145,-1.791714597658707,-1.2635270481495287,-0.3545440156522069,-0.2217277157152845,Markdown
0.9365371029555803,-0.34265153962614453,-1.533029611262283,-0.9313158864335479,-0.3545440156522069,-0.2217277157152845,Markdown
-0.504229266537751,-0.7436328145433803,-1.378254769439252,-1.064511022186739,-0.3545440156522069,-0.2217277157152845,Markdown
1.4114961269515303,-0.6670014758080123,-0.838332511225559,-0.5847175999910015,-0.3545440156522069,-0.2217277157152845,Markdown
0.7120318037073115,-0.14248766947648653,-0.5068854657381054,0.030546803945638946,-0.3545440156522069,-0.2217277157152845,Markdown
-0.4340731493690654,-0.23862548582099663,-0.17783774494493482,0.04665977268421878,-0.3545440156522069,-0.2217277157152845,Markdown
-2.073468411366321,-0.04205881864816704,-0.13242578788770212,-0.889608451175493,-0.3545440156522069,-0.2217277157152845,Markdown
-0.31641779848244084,1.333386486338114,-0.05683630209400966,-0.9478218652489365,-0.3545440156522069,-0.2217277157152845,Akumulasi
1.6431211714499474,-0.37674547922651996,-0.053948600563218894,-0.0037741574779977197,-0.3545440156522069,-0.2217277157152845,Akumulasi
-0.46023633422129484,-0.7005964788079144,-0.1701768116022024,-0.22184046258675796,-0.3545440156522069,-0.2217277157152845,Akumulasi
-1.2427634996727723,-0.8454988628999782,-0.3480489680020992,-0.8503868212107794,-0.3545440156522069,-0.2217277157152845,Akumulasi
0.1997276780169161,-0.551946324347921,-0.339595795778824,-0.7221122938157492,-0.3545440156522069,-0.2217277157152845,Akumulasi
0.25811909221072105,-0.5998595873533791,-0.27424876588889746,-0.5630511752128876,-0.3545440156522069,-0.2217277157152845,Akumulasi
0.03978535511176704,-0.9008794678181569,-0.29580371388857285,-0.5168722670581185,-0.3545440156522069,-0.2217277157152845,Akumulasi
-0.781836174381219,-0.761895222391712,-0.3672112428283012,-0.7701561791981474,-0.3545440156522069,-0.2217277157152845,Akumulasi
1.0716631494791515,0.06714601894631336,-0.2586566441443629,-0.11427839975174235,-0.3545440156522069,-0.2217277157152845,Akumulasi
0.36663164954499206,-0.9480841401933103,-0.16848400917372092,0.13349720546575805,-0.3545440156522069,-0.2217277157152845,Akumulasi
1.358979055541361,-0.5137644913503107,0.021140457026502864,0.9788512326589329,-0.3545440156522069,-0.2217277157152845,Akumulasi
0.09813835794947758,-0.6684167235682194,0.1451060938500757,0.9791096124531402,-0.3545440156522069,-0.2217277157152845,Akumulasi
0.7506913677693134,-0.5203941725407406,0.4764589060712435,1.3565491288422904,2.820524267376039,-0.2217277157152845,Akumulasi
1.099616689193089,-0.3336700527938891,0.7687181279156343,1.3552824734291795,2.820524267376039,-0.2217277157152845,Akumulasi
1.1603948442352976,0.1871242663460295,1.1431786542959834,1.3545808922522893,2.820524267376039,-0.2217277157152845,Akumulasi
-0.8390754122150615,-0.26701133152573514,1.2829813762183988,0.9562324634102786,-0.3545440156522069,-0.2217277157152845,Akumulasi
1.4025258072248392,-0.2700092172085742,1.5678763206470807,1.3169110123680254,2.820524267376039,-0.2217277157152845,Akumulasi
-1.1149539746823498,-0.35278772042187073,1.6935008670021772,0.7730498082653707,-0.3545440156522069,-0.2217277157152845,Akumulasi
1.068214186676712,-0.25871759735282024,1.7741499180174622,1.2642080734149532,-0.3545440156522069,-0.2217277157152845,Akumulasi
-0.19983606690215402,-0.34395626388792805,1.6484992103178016,1.1966000050156858,-0.3545440156522069,-0.2217277157152845,Akumulasi
0.2537665485107028,0.08753071185040845,1.632165495225239,1.2419015276178642,-0.3545440156522069,-0.2217277157152845,Akumulasi
-0.8150079515269415,0.13401504965550648,1.4349804748511503,0.8977171355994488,-0.3545440156522069,-0.2217277157152845,Akumulasi
0.1260632095144196,-0.6787357740528541,1.363949638162243,0.9728026530415279,-0.3545440156522069,-0.2217277157152845,Akumulasi
-0.7466595372379572,-0.15269598037126358,1.0790946994521229,0.672460583273212,-0.3545440156522069,-0.2217277157152845,Akumulasi
1.0282458681580902,-0.3187575134593233,0.9087412870910598,1.1306764238204052,-0.3545440156522069,-0.2217277157152845,Akumulasi
0.1289302999649808,-0.6777019455164731,0.7290644569504637,1.20768615636967,-0.3545440156522069,-0.2217277157152845,Akumulasi
-0.19515962169249879,-0.6886925181275846,0.6270437017228253,1.144151805036682,-0.3545440156522069,-0.2217277157152845,Akumulasi
-0.40879363941532115,0.6979161361226766,0.45835160669985014,0.9284187001275669,-0.3545440156522069,-0.2217277157152845,Akumulasi
-0.09359503158346255,2.072979798485505,0.3922660359616777,0.5733803288459272,-0.3545440156522069,-0.2217277157152845,Akumulasi
-0.9525439361889118,0.6298476153239807,0.1471899222403909,0.07756919640343173,-0.3545440156522069,-0.2217277157152845,Akumulasi
0.44167180115932536,-0.48455823973546375,-0.04091028467274542,0.14496137724755695,-0.3545440156522069,-0.2217277157152845,Akumulasi
-2.161866559097665,1.4288399362076185,-0.3798079355057986,-1.116748295550123,-0.3545440156522069,-0.2217277157152845,Akumulasi
0.0678772187443149,-0.2790653200421094,-0.6493659010193105,-1.4125056294672478,-0.3545440156522069,-0.2217277157152845,Akumulasi
0.7155855983496314,-0.4517460372872373,-0.824280015252505,-0.9049398916540344,-0.3545440156522069,-0.2217277157152845,Akumulasi
0.16742859326586693,-0.3861452188481571,-0.8519429824713549,-0.7594785470553443,-0.3545440156522069,-0.2217277157152845,Akumulasi
-1.5897573715009399,-0.08487060011199585,-1.0776176801600674,-1.7993722641077574,-0.3545440156522069,-0.2217277157152845,Akumulasi
-0.49138097919062,1.0786332091135575,-1.0712499061979617,-1.1410675847222125,-0.3545440156522069,4.51003608986834,Akumulasi
-1.5380441709462755,0.5841695830646458,-1.222852006674983,-1.7331856800958125,-0.3545440156522069,-0.2217277157152845,Akumulasi
1.0211511208318764,0.35589147797688503,-1.344651680471703,-1.2567514362543903,-0.3545440156522069,-0.2217277157152845,Akumulasi
1.1360989328424185,-0.38899345906005994,-1.4012997580670576,-0.7196821495853251,-0.3545440156522069,-0.2217277157152845,Akumulasi
-0.601745555892685,-0.6045092661068363,-1.3277307844045234,-0.9752236874729358,-0.3545440156522069,-0.2217277157152845,Akumulasi
-0.720406940503439,-0.9153973737372962,-1.281336819064848,-1.2827392993742572,-0.3545440156522069,-0.2217277157152845,Akumulasi
-0.12541284925306717,-0.010770169224809036,-1.0789387693049366,-1.3173881313080567,-0.3545440156522069,-0.2217277157152845,Akumulasi
1.2058044838870368,-0.5015640431889161,-0.905323879531799,-0.7500004971121581,-0.3545440156522069,-0.2217277157152845,Akumulasi
-0.9306776844158399,-0.42458299512533815,-0.8977034135346548,-1.1571337726339348,-0.3545440156522069,-0.2217277157152845,Akumulasi
0.7461402767001458,-0.9375816625697524,-0.7619529550812688,-0.7954780184024081,-0.3545440156522069,-0.2217277157152845,Akumulasi
-0.14285109131650287,-0.6598291897886467,-0.5653072617274302,-0.8387894713761631,-0.3545440156522069,-0.2217277157152845,Akumulasi
-0.07241925323675276,-1.100762223773195,-0.37150300953181786,-0.8496181607326134,-0.3545440156522069,-0.2217277157152845,Akumulasi
-0.7879478707118189,0.24670871463523825,-0.371154811863733,-1.0230755859169136,-0.3545440156522069,-0.2217277157152845,Akumulasi
-0.3682359327993625,-0.4879606904640344,-0.32618476577284716,-1.2049969370720537,-0.3545440156522069,-0.2217277157152845,Akumulasi
-0.20702691759208613,-0.6047941819706879,-0.3653561648724345,-1.1406954174909663,-0.3545440156522069,-0.2217277157152845,Akumulasi
0.3258772611020378,-0.7960977581199989,-0.42411710392110696,-0.8448537431945959,-0.3545440156522069,-0.2217277157152845,Akumulasi
-0.7746508882642141,-0.16530141701874798,-0.5359729634452034,-1.386288218225051,-0.3545440156522069,-0.2217277157152845,Akumulasi
1.0869812631642481,-0.19905681349168325,-0.4557027087338286,-0.5492007180900018,-0.3545440156522069,-0.2217277157152845,Akumulasi
-0.04414593434006317,-0.33700092107360363,-0.33428549374959327,-0.23887843112399706,-0.3545440156522069,-0.2217277157152845,Akumulasi
0.34951119688951016,-0.19018104440505368,-0.20619013759785196,0.4747051253565274,-0.3545440156522069,-0.2217277157152845,Akumulasi
0.13485643848478035,-0.7455126524996547,-0.11531860602556333,0.6762629490346773,-0.3545440156522069,-0.2217277157152845,Akumulasi
-0.52798332437091,-0.113145530003314,-0.026195020141558622,0.016816695085766047,-0.3545440156522069,-0.2217277157152845,Akumulasi
0.5382483704075385,-0.7402890321044407,0.018098369432120894,0.727474024285075,-0.3545440156522069,-0.2217277157152845,Akumulasi
1.418731831803881,1.0137420612954091,0.2139545944280728,1.3385601048389144,2.820524267376039,-0.2217277157152845,Markup
-0.4333072985630304,-0.3648441049333944,0.3188489546493418,0.9655615319900774,-0.3545440156522069,-0.2217277157152845,Markup
0.18601663781975494,0.7615715188277867,0.4044847778533695,1.0678674422620607,-0.3545440156522069,-0.2217277157152845,Markup
0.703544367713251,0.9492486678742064,0.6019562738679278,1.1046947647000858,2.820524267376039,-0.2217277157152845,Markup
-0.6514970307401828,1.3488952151904843,0.7192525275218072,0.6515636453321615,-0.3545440156522069,-0.2217277157152845,Markup
0.7932972555267271,0.1909705668679636,0.7220756171318202,1.2784568919316028,-0.3545440156522069,-0.2217277157152845,Markup
0.7093673428823528,-0.024609251458761933,0.8523632244965353,1.334321141708322,2.820524267376039,-0.2217277157152845,Markup
-0.17368183100889215,-0.5770457453900198,0.9430985495778739,1.1858063553038756,-0.3545440156522069,-0.2217277157152845,Markup
-0.1784069166259194,-0.2632091863380231,0.9392632706374539,1.0206628785615193,-0.3545440156522069,-0.2217277157152845,Markup
-0.18316872261958703,-0.13755507971169795,0.9706881003423646,0.9370105429627782,-0.3545440156522069,-0.2217277157152845,Markup
0.7002696852906247,-0.4674251763446353,0.9630987594943161,1.2391744153185364,2.820524267376039,-0.2217277157152845,Markup
0.6378244445811312,-0.36409161269939994,0.9248834695393245,1.3251956401523801,2.820524267376039,-0.2217277157152845,Markup
0.2270542482149203,-0.42289812135512933,0.9340451409593675,1.2624960300501582,2.820524267376039,-0.2217277157152845,Markup
0.08626528007675964,-0.820020203317524,0.9493771768267667,1.3304972314987076,-0.3545440156522069,-0.2217277157152845,Markup
1.1212724607301419,0.24466246027733352,1.1068752258863863,1.3551716248851606,2.820524267376039,-0.2217277157152845,Markup
0.8299946081510134,1.3260618880496584,1.2556284401607505,1.152905085626671,2.820524267376039,-0.2217277157152845,Markup
1.0232717416449189,1.1136940824775803,1.4293030173861427,1.30943794309684,2.820524267376039,-0.2217277157152845,Markup
-0.5982327852321999,1.0129085635166644,1.52816504250258,1.0841847804965388,-0.3545440156522069,-0.2217277157152845,Markup
0.7306622645720116,0.732064736551344,1.6639636317753201,1.274984659792161,2.820524267376039,-0.2217277157152845,Markup
-0.299906645056927,-0.1782441464832016,1.6644453631463374,1.0601947286859645,-0.3545440156522069,-0.2217277157152845,Markup
0.4222020613453622,0.7057144271010745,1.6462960098100066,1.0562020009778503,-0.3545440156522069,-0.2217277157152845,Markup
1.390223072615615,1.4829867993754389,1.619540730953652,1.2997766241309,2.820524267376039,-0.2217277157152845,Markup
-0.3171277803476178,0.7435067363531083,1.638396345091072,1.1289840149414483,-0.3545440156522069,-0.2217277157152845,Markup
-0.8894077862396716,0.28020328726985044,1.5191410697224883,0.8063434430347304,-0.3545440156522069,-0.2217277157152845,Markup
-1.6560323936862904,1.2275401995325277,1.2790368600977309,0.19811049163531835,-0.3545440156522069,-0.2217277157152845,Markup
1.502096709223693,0.3315597938652136,1.136375917298673,0.6913629801517043,-0.3545440156522069,-0.2217277157152845,Markup
-0.35532049900450513,-0.3973430280748732,0.8290759815735904,0.5047967114809813,-0.3545440156522069,-0.2217277157152845,Markup
0.5260672279030443,-0.3431216760685642,0.5989482941885788,0.766182962668432,-0.3545440156522069,-0.2217277157152845,Markup
0.6670132447566054,-0.5458643741534214,0.5216648872140683,1.0947796468540445,-0.3545440156522069,-0.2217277157152845,Markup
0.12394959944572821,-0.5148802782356969,0.6335972428863355,1.168947664755904,-0.3545440156522069,-0.2217277157152845,Markup
-0.9386346802761794,0.49253237924170623,0.5236735260663544,0.7012400124823843,-0.3545440156522069,-0.2217277157152845,Markup
-0.7771511523380806,0.8420995724772306,0.40616257695360486,0.23221829404553126,-0.3545440156522069,-0.2217277157152845,Markup
0.22294609863384424,-1.1385956643591442,0.25602883511702224,0.38097069739178974,-0.3545440156522069,-0.2217277157152845,Markup
0.041311255639500916,-0.7199836116711577,0.03935906711221984,0.2789768537947303,-0.3545440156522069,-0.2217277157152845,Markup
-0.18807996573824282,-0.9427037173042194,-0.1766027927944321,-0.08432692500332785,-0.3545440156522069,-0.2217277157152845,Markup
0.7061385080029222,-0.8318754281842647,-0.20956524483907285,0.455498848451792,-0.3545440156522069,-0.2217277157152845,Markup
-0.21503141691189645,-1.056815195124784,-0.14869834829488623,0.31446160550888924,-0.3545440156522069,-0.2217277157152845,Markup
-0.004191535888119772,-1.338239305312814,-0.12817362912048627,0.2308923567312656,-0.3545440156522069,-0.2217277157152845,Markup
-0.42245130106091616,-1.0166197417667575,-0.12719251014069818,-0.12356963125362395,-0.3545440156522069,-0.2217277157152845,Markup
-0.06932154851492948,-1.1740299451706855,-0.11959819071551474,-0.14283508387045307,-0.3545440156522069,-0.2217277157152845,Markup
-0.24916956409651772,-0.3912302195089616,-0.19684782986697236,-0.3316212341394855,-0.3545440156522069,-0.2217277157152845,Markup
0.05773796055850122,-1.0605629586626726,-0.2087062564496078,-0.23144911111899352,-0.3545440156522069,-0.2217277157152845,Markup
1.191548913145214,-0.06512882716698522,-0.13236773520682582,0.9939183194494197,-0.3545440156522069,-0.2217277157152845,Markup
0.03533397556565248,-0.5257015405097644,-0.03163427748595133,1.0765165280434033,-0.3545440156522069,-0.2217277157152845,Markup
0.7600949542944069,1.3253122056129498,0.09396943927646512,1.337657824667109,2.820524267376039,-0.2217277157152845,Distribusi
-0.41636438551824545,0.8777505769721218,0.2509739709520024,0.8404359996667611,-0.3545440156522069,-0.2217277157152845,Distribusi
-1.5716351879713855,0.604078718673877,0.26226315532549904,-0.5044349656921673,-0.3545440156522069,-0.2217277157152845,Distribusi
0.08982402276468689,0.6063767543536548,0.16714283592851956,-0.385048285651978,-0.3545440156522069,-0.2217277157152845,Distribusi
0.5576044399614845,-0.45656861680586414,0.13125701774386106,0.13815384697724958,-0.3545440156522069,-0.2217277157152845,Distribusi
0.563594304738244,-0.45235695008625026,0.06132560036280545,0.6718897832578106,-0.3545440156522069,-0.2217277157152845,Distribusi
-0.08479207107439747,-0.8489170656884034,0.004812889222648368,0.640283014316195,-0.3545440156522069,-0.2217277157152845,Distribusi
-0.5517515396680006,-0.28157919216691435,0.055259473642547095,-0.04393535315953006,-0.3545440156522069,-0.2217277157152845,Distribusi
-0.378932911319397,-0.7389737330339625,0.07111110881602271,-0.39159165808843016,-0.3545440156522069,-0.2217277157152845,Distribusi
0.3801229003149158,-0.3813311737667595,0.058855028219215434,-0.013109425759919188,-0.3545440156522069,-0.2217277157152845,Distribusi
1.7674105547091243,1.1505601651632258,0.12421415786558838,1.2315391827583055,2.820524267376039,-0.2217277157152845,Distribusi
-0.5519559795097856,0.8838609112842665,0.17141025137024637,0.7710119724306927,-0.3545440156522069,-0.2217277157152845,Distribusi
0.2185433089312777,0.5483125533729653,0.2908859988741099,0.6072112732094843,-0.3545440156522069,-0.2217277157152845,Distribusi
0.39745977090769624,0.09155843089028701,0.48363910212163885,0.9563285296472018,-0.3545440156522069,-0.2217277157152845,Distribusi
0.20372304020181817,-0.48517084235795577,0.6403509919241648,1.1553895247749655,-0.3545440156522069,-0.2217277157152845,Distribusi
0.8760231807256479,0.47783403350785775,0.677203285205992,1.2202667884565055,2.820524267376039,-0.2217277157152845,Distribusi
-0.6510136380658023,0.13816758531717468,0.7133610862901484,0.8228603438840686,-0.3545440156522069,-0.2217277157152845,Distribusi
-0.4492587662918946,-0.5879268261016588,0.6898477061856645,0.5612783468902052,-0.3545440156522069,-0.2217277157152845,Distribusi
-2.025503953265084,2.599640692623735,0.4882280408742356,-0.7214893392351661,-0.3545440156522069,-0.2217277157152845,Distribusi
0.18359736219059217,0.9696828863075204,0.27959445827656537,-0.5756056693592364,-0.3545440156522069,-0.2217277157152845,Distribusi
-0.6198706670950758,1.2176520893051088,-0.05567171366310595,-0.9352852329003823,-0.3545440156522069,-0.2217277157152845,Akumulasi
0.3179683493120496,0.24279541101206303,-0.30428667767556533,-0.7063985868226498,-0.3545440156522069,-0.2217277157152845,Akumulasi
-0.14505514471891573,-0.3113944207290626,-0.5568141155878361,-0.7667654344056783,-0.3545440156522069,-0.2217277157152845,Akumulasi
-1.1445039317429948,1.9535732097189322,-0.6749287224690228,-1.7620713568638702,-0.3545440156522069,-0.2217277157152845,Akumulasi
-1.3244236372473341,1.5318388376666798,-0.9035878226876163,-1.5106029407247161,-0.3545440156522069,4.51003608986834,Markdown
0.15580271689965444,-0.22591374290449798,-1.039560714933699,-1.4122546018972113,-0.3545440156522069,-0.2217277157152845,Markdown
0.9586143294139277,-0.25106629375471,-1.1371857399472283,-0.9265218589548654,-0.3545440156522069,-0.2217277157152845,Markdown
0.35233382097976174,-0.6684536744233868,-1.2057693285375402,-0.7298221186335994,-0.3545440156522069,-0.2217277157152845,Markdown
-0.012290373845987955,-1.0746324384321413,-1.1621670397150952,-0.7117585130529871,-0.3545440156522069,-0.2217277157152845,Markdown
-0.6788616504341022,-0.3756572545031634,-1.0233296829572507,-1.0228672140506443,-0.3545440156522069,-0.2217277157152845,Markdown
-1.4701369096618153,0.7961529545021256,-0.9709258757335882,-1.7173390383684077,-0.3545440156522069,-0.2217277157152845,Markdown
0.33822760471738655,-0.3693192383089173,-1.0068722393631875,-1.5326817017675498,-0.3545440156522069,-0.2217277157152845,Markdown
-0.6049250702592348,0.11605620924889162,-1.1225713442222804,-1.7996328806795392,-0.3545440156522069,-0.2217277157152845,Markdown
0.4364075685890026,0.26450666142726503,-1.1927744521033263,-1.2198261062415616,-0.3545440156522069,-0.2217277157152845,Markdown
-1.5181679471084841,0.31372287340950433,-1.305597217491358,-1.6987617367216417,-0.3545440156522069,-0.2217277157152845,Markdown
0.7965515768631214,-0.2647136462525774,-1.1745900729807803,-1.3601932218656518,-0.3545440156522069,-0.2217277157152845,Markdown
0.327727831472188,-0.19980484307594426,-1.0702427345376657,-1.1747673152635247,-0.3545440156522069,-0.2217277157152845,Markdown
0.4935705328146958,-0.9163937397174832,-0.873306734607781,-0.909636807013526,-0.3545440156522069,-0.2217277157152845,Markdown
-0.21141413623402808,-0.9209874624084085,-0.7956904353228703,-0.7157864947339616,-0.3545440156522069,-0.2217277157152845,Markdown
-0.08649662624327185,-0.6737982904690338,-0.5569392697519218,-0.707453976277736,-0.3545440156522069,-0.2217277157152845,Markdown
-0.5924595887994644,-0.31265298169423805,-0.465554782667492,-0.9148634996059161,-0.3545440156522069,-0.2217277157152845,Markdown
-0.30206866254686043,-0.09753710123598108,-0.42402296785466603,-1.0539372334952146,-0.3545440156522069,-0.2217277157152845,Markdown
1.158842562944593,-0.421775527280481,-0.3464485145558117,-0.17567986167643362,-0.3545440156522069,-0.2217277157152845,Markdown
0.3997060530868952,-0.39608204321975365,-0.24507626598344415,0.44615262988461923,-0.3545440156522069,-0.2217277157152845,Markdown
0.6560925891298932,0.34838815228840453,-0.11691082115702811,1.0426903842657802,-0.3545440156522069,-0.2217277157152845,Markdown
0.8515895886248556,-0.008191060688742247,0.14957674828695278,1.242909978736111,2.820524267376039,-0.2217277157152845,Markdown
0.1518124123617159,-0.6745101673247138,0.48655561257693736,1.226643354909046,2.820524267376039,-0.2217277157152845,Markdown
0.039123603822496404,-0.5518741510247089,0.7133099910913578,1.2881484602838007,-0.3545440156522069,-0.2217277157152845,Markdown
-0.3644702683988089,-0.659378885447397,0.86585649119644,0.9621195201428848,-0.3545440156522069,-0.2217277157152845,Markdown
-0.068971155405403,-0.9466988858251536,0.9217916009406859,0.9486450103331573,-0.3545440156522069,-0.2217277157152845,Markdown
0.22428890069429572,-0.4637052811494725,0.8611558493928392,0.9755420631574372,-0.3545440156522069,-0.2217277157152845,Markdown
-0.23684362476156745,-0.6303362619252497,0.7734880632683522,0.8555391510680608,-0.3545440156522069,-0.2217277157152845,Markdown
1.4434348740396523,1.1610324987218692,0.7842689416748428,1.2343959327191183,2.820524267376039,-0.2217277157152845,Markup
-1.1330180361011186,2.07827683011258,0.7518696847029926,0.6377424895740962,-0.3545440156522069,-0.2217277157152845,Markup
-0.38372825557835205,0.09860867168651816,0.6543446677848326,0.45068231347123805,-0.3545440156522069,-0.2217277157152845,Markup
0.37602706578534195,-0.10206147986678131,0.5844892776614748,0.6805462621111158,-0.3545440156522069,-0.2217277157152845,Markup
0.5362200736450052,-0.6592581603018883,0.5938350897555258,0.9776759298035915,-0.3545440156522069,-0.2217277157152845,Markup
-0.25780063999545444,-0.40901597182568683,0.4371918770856564,0.8559154844173146,-0.3545440156522069,-0.2217277157152845,Markup
0.07768436793080305,-0.2083566943929505,0.40859887505978254,0.9294295714846151,-0.3545440156522069,-0.2217277157152845,Markup
-0.38045248305471147,-0.6310584618336212,0.38848205544553915,0.7364511492322238,-0.3545440156522069,-0.2217277157152845,Markup
0.09796922396604302,-0.5282832502424991,0.3200212838026329,0.8214527983289719,-0.3545440156522069,-0.2217277157152845,Markup
-1.1931821465045813,-0.1417253610669623,0.08803309133625217,-0.08143567605414678,-0.3545440156522069,-0.2217277157152845,Markup
-0.06907568763178859,-1.1476701430104623,-0.09065488296318364,-0.33566732692381823,-0.3545440156522069,-0.2217277157152845,Markup
0.8072149986626566,-0.133478009330932,-0.20222758347340142,0.3440556489554963,-0.3545440156522069,-0.2217277157152845,Markup
-0.04491127111123727,-0.28349973997351235,-0.25843658226000854,-0.14138098738570049,-0.3545440156522069,-0.2217277157152845,Markup
0.34919674563563374,-0.24666576112824692,-0.2743337301457464,0.3333870350181755,-0.3545440156522069,-0.2217277157152845,Markup
0.935784014983434,1.0111929046039385,-0.07971002985718426,0.7994625107956844,2.820524267376039,-0.2217277157152845,Distribusi
1.655080768584325,2.8654119125144133,0.25966719332720783,1.1542074624335321,2.820524267376039,-0.2217277157152845,Markup
0.96480103684125,1.8005956086266177,0.5831205647921813,1.260385985138279,2.820524267376039,-0.2217277157152845,Markup
0.1259164041984133,1.5991001824699365,0.9179306458465178,0.5849852633171243,-0.3545440156522069,-0.2217277157152845,Markup
0.0957380902478504,0.6846029308062194,1.2273306336413743,0.6498725558997285,-0.3545440156522069,-0.2217277157152845,Markup
0.1471809046529992,-0.34507359415032246,1.44028793717929,0.7380526576472213,-0.3545440156522069,-0.2217277157152845,Markup
-1.940505671313243,-0.02032129298269692,1.3485560961604268,-0.1154669544765509,-0.3545440156522069,-0.2217277157152845,Markup
1.2572523760760215,0.5100597464311292,1.220548303918608,0.4018624690505943,-0.3545440156522069,-0.2217277157152845,Markup
1.8367054505467408,3.4227742417107625,1.2213899921994855,1.2931743761427081,-0.3545440156522069,-0.2217277157152845,Markup
-0.24034720775709292,2.344782961222425,1.2011664368329407,0.5858880770399612,-0.3545440156522069,-0.2217277157152845,Markup
-0.41492018046975027,1.5909969850140164,1.1440295566098742,0.4438392682147208,-0.3545440156522069,-0.2217277157152845,Markup
-0.7489936653658604,0.8457417165922582,1.2349980396705906,0.1738087574933164,-0.3545440156522069,-0.2217277157152845,Markup
1.2351066687409569,0.42936514871838366,1.2933762482236895,0.6632410700618642,-0.3545440156522069,-0.2217277157152845,Markup
2.067717280362088,0.7084802484861549,1.3122423018697627,1.3103630337499481,2.820524267376039,-0.2217277157152845,Markup
1.3115574443641136,0.49800046855771013,1.4731772354971464,1.2644645054108676,2.820524267376039,-0.2217277157152845,Markup
-0.2262436463970148,0.19106718788896057,1.6262306655482033,1.123501007688295,-0.3545440156522069,-0.2217277157152845,Markup
1.623868467210086,0.26150689480726347,1.9960081749648269,1.3456631767609353,2.820524267376039,-0.2217277157152845,Markup
-1.2834117538657637,1.1436694931464217,2.136481294676928,0.7381907055450451,-0.3545440156522069,-0.2217277157152845,Markup
-0.5279821110598086,0.6427498327906044,2.0043984817433724,0.6001819901103989,-0.3545440156522069,-0.2217277157152845,Markup
1.6534782888802089,0.3253638625952931,1.8748328526203641,1.0719599818521148,-0.3545440156522069,-0.2217277157152845,Markup
-2.3934542897797884,0.7090016982278867,1.5927945432482364,0.2743240486535287,-0.3545440156522069,-0.2217277157152845,Markup
-0.43713078944255995,1.702492551942726,1.1376757245134137,-0.005076536833135231,-0.3545440156522069,-0.2217277157152845,Markup
-0.5338796780503141,-0.38318754475896444,0.8154593424821295,-0.17818883493673637,-0.3545440156522069,-0.2217277157152845,Markup
1.0908481778435228,-0.750126914171634,0.6460421655414539,0.225325584542097,-0.3545440156522069,-0.2217277157152845,Markup
0.8658401063666489,-0.7236054354927325,0.3673545652722765,0.5553592067129342,-0.3545440156522069,-0.2217277157152845,Markup
0.1686929755022476,-1.298871841738524,0.3816394817996785,0.635065547558857,-0.3545440156522069,-0.2217277157152845,Markup
1.3230068480070696,-1.1383006342795035,0.5027531566293404,1.1261900302936232,-0.3545440156522069,-0.2217277157152845,Markup
-0.39327038944304,-1.0282506816945725,0.6782851283663793,0.9889999947190263,-0.3545440156522069,-0.2217277157152845,Markup
-0.018911599572627887,-1.3641667364079957,0.7820827329301752,1.0008736415375148,-0.3545440156522069,-0.2217277157152845,Markup
-0.4416980273529674,-1.366743044135713,0.7487480164603867,0.84521594880753,-0.3545440156522069,-0.2217277157152845,Markup
-0.2599934695817829,-1.19533520057358,0.6649762566378367,0.7105766818520182,-0.3545440156522069,-0.2217277157152845,Markup
1.444183736088315,-0.06647405857984273,0.5362867895351434,1.213512569516887,-0.3545440156522069,-0.2217277157152845,Markup
-0.8067441374028067,-0.19909586667448162,0.41652499989569247,0.691890449763026,-0.3545440156522069,-0.2217277157152845,Markup
-1.6372501839754214,-0.2993738142403943,0.21809692925227706,-0.29913487352836743,-0.3545440156522069,-0.2217277157152845,Markup
-1.0457000924899962,-0.20668889877802318,0.019161233749436235,-0.9045308711011898,-0.3545440156522069,-0.2217277157152845,Markup
0.010127852179574109,-0.46943436448022957,-0.1570761655379092,-0.8692855712346582,-0.3545440156522069,-0.2217277157152845,Markup
-0.041952215816592,0.11846164850964644,-0.4516349524081923,-0.8651381349071273,-0.3545440156522069,-0.2217277157152845,Markup
0.9533204802738171,-0.6780038380873656,-0.6156575648222198,-0.265961710042105,-0.3545440156522069,-0.2217277157152845,Markup
0.10458640648149195,-0.6424563839704546,-0.6040975087902477,-0.1726649558581105,-0.3545440156522069,-0.2217277157152845,Markup
-1.1851139532586963,-0.2774224415025679,-0.5324523905741566,-0.8651381349071273,-0.3545440156522069,-0.2217277157152845,Markup
0.2562829626578263,-0.30744050829140873,-0.506657929380768,-0.6826888992996766,-0.3545440156522069,-0.2217277157152845,Markup
-1.177115232527488,0.22329470396235618,-0.5825631305699605,-1.360650796552824,-0.3545440156522069,-0.2217277157152845,Markup
-1.304343712324857,0.38311994150550643,-0.8771578076208038,-1.7910486299205308,-0.3545440156522069,4.51003608986834,Markup
-0.6667480813489287,0.2631443412790633,-1.208185075988094,-1.7893403207486556,-0.3545440156522069,4.51003608986834,Markup
-0.8111347720076902,1.2921061931039193,-1.4525418902044371,-1.8286918375400385,-0.3545440156522069,4.51003608986834,Markdown
-0.33935148691716,2.3642884026992173,-1.7483480881811295,-1.059350272473922,-0.3545440156522069,4.51003608986834,Markdown
-0.7287057550434194,0.7562497377783585,-1.9409812835317346,-1.2684627678428166,-0.3545440156522069,-0.2217277157152845,Markdown
-0.08252368632132961,0.46124998948984663,-2.0130251590138046,-1.2786907005853052,-0.3545440156522069,-0.2217277157152845,Markdown
-0.22463825267207022,0.7744792895645624,-2.0334526714995045,-1.332105550421544,-0.3545440156522069,-0.2217277157152845,Markdown
4.117746874988025,2.2263379801132612,-1.6616086625068456,-0.06947262918218779,-0.3545440156522069,-0.2217277157152845,Markdown
1.51115712361315,0.29065972051575456,-1.1351947576164199,0.43626205466923434,-0.3545440156522069,-0.2217277157152845,Markdown
-0.10696956649480394,-0.5121287239002367,-0.5008142274820666,0.41694204811038943,-0.3545440156522069,-0.2217277157152845,Markdown
0.3717431330306429,-0.5322703535244623,0.15264617547451695,0.8180170009186046,-0.3545440156522069,-0.2217277157152845,Markdown
-1.0472779630735172,-0.3974350980262216,0.6950682181480297,0.7525849197987604,-0.3545440156522069,-0.2217277157152845,Markdown
-0.22502281521657688,-0.5797711165355567,0.7699786702787708,0.6797739062252981,-0.3545440156522069,-0.2217277157152845,Markdown
-0.3017486660903291,-0.7197017538844723,0.6557247341234582,0.5755537075486976,-0.3545440156522069,-0.2217277157152845,Markdown
1.0538141870608564,-0.7554710991014214,0.6382789359848189,1.0281287384816857,-0.3545440156522069,-0.2217277157152845,Markdown
0.4463550574214829,-0.8546121426424355,0.6433406234004034,1.2351422377739523,-0.3545440156522069,-0.2217277157152845,Markdown
-1.4580488667419151,-0.2987603435532555,0.6469252662473012,0.7012768523987718,-0.3545440156522069,-0.2217277157152845,Markdown
-1.2561941139335997,-0.0905936213040432,0.5382505048638605,0.1924476251393812,-0.3545440156522069,-0.2217277157152845,Markdown
0.036092340158466116,-0.46012748778887513,0.4727499987608232,0.22754014225319968,-0.3545440156522069,-0.2217277157152845,Markdown
1.333613959026092,-1.1196005447035753,0.3654919696606074,0.7992409527198756,-0.3545440156522069,-0.2217277157152845,Markdown
-0.13182643158986818,-1.1287820334456764,0.16163737183633464,0.7641506666771437,-0.3545440156522069,-0.2217277157152845,Markdown
-1.3189380944240576,-0.8544885695527495,-0.004090113349889918,0.22754014225319968,-0.3545440156522069,-0.2217277157152845,Markdown
-0.6075515008395515,-0.40435267776089356,-0.1019524956620243,-0.0034805755028266714,-0.3545440156522069,-0.2217277157152845,Markdown
-1.112516129925358,-0.03777635905683749,-0.30129886758273405,-0.6522734991015863,-0.3545440156522069,-0.2217277157152845,Markdown
-1.5933183393694959,-0.03399026876753979,-0.7882571297603055,-1.4623009153189421,-0.3545440156522069,-0.2217277157152845,Markdown
0.9471347246639675,1.5447910444111572,-1.1897982934230793,-0.4474477260455774,-0.3545440156522069,-0.2217277157152845,Markdown
0.7253174528607442,0.02506667752981446,-1.394564221933159,-0.17272564502425286,-0.3545440156522069,-0.2217277157152845,Markdown
0.0489069628556499,0.2749606539134493,-1.429818923705634,-0.137573075245387,-0.3545440156522069,-0.2217277157152845,Markdown
-0.7432273067033122,-0.06548747317021139,-1.3664130786257918,-0.38755683825572307,-0.3545440156522069,-0.2217277157152845,Markdown
1.1804962418746676,-0.18479604938146454,-1.0440654839370163,0.04991524368595157,-0.3545440156522069,-0.2217277157152845,Markdown
-0.16719842266186827,-0.2777299097905581,-0.8205507441890048,0.006949005039657501,-0.3545440156522069,-0.2217277157152845,Markdown
-1.148100805265157,-0.021395804854399448,-0.7935032654721321,-0.39146267934226364,-0.3545440156522069,-0.2217277157152845,Markdown
-1.4651382675708429,0.3953034481174265,-0.8943454226560024,-0.8953360464494763,-0.3545440156522069,-0.2217277157152845,Markdown
-0.7461048925959497,1.462544579505115,-0.9829773711113883,-1.137508127286731,-0.3545440156522069,-0.2217277157152845,Markdown
2.0409125200468643,0.09652247409286872,-1.010815382649622,-0.4201068384397931,-0.3545440156522069,-0.2217277157152845,Markdown
-1.6722615335246915,0.49378132772610245,-1.1433249676078554,-0.954591336010097,-0.3545440156522069,-0.2217277157152845,Markdown
-1.4765519880243374,0.20897781611801428,-1.309497089829556,-1.4352186810517993,-0.3545440156522069,-0.2217277157152845,Markdown
-1.6350122186926455,0.573253836412708,-1.4809526879412724,-1.7739862668209356,-0.3545440156522069,4.51003608986834,Markdown
1.7232342757221404,0.050368536233286916,-1.4429342211589726,-1.1566816809757006,-0.3545440156522069,-0.2217277157152845,Markdown
1.6837083207899592,0.2819484694286433,-1.4505327796391945,-0.5352342810426411,-0.3545440156522069,-0.2217277157152845,Markdown
0.336499620933827,-0.5808485006679182,-1.251822246886914,-0.29773757935489514,-0.3545440156522069,-0.2217277157152845,Markdown
1.2002435922473467,0.8154995942748365,-0.8335059327495282,0.3336004321962538,-0.3545440156522069,-0.2217277157152845,Markdown
0.4609208033586561,-0.04975895397715886,-0.22253152191704975,0.7613317263787679,-0.3545440156522069,-0.2217277157152845,Markdown
1.1931766180590495,-0.470567435071859,0.28251204358595583,1.2639625392296308,-0.3545440156522069,-0.2217277157152845,Markdown
0.4427641589429415,0.020921277266062237,0.603989297684904,1.0176304748634892,2.820524267376039,-0.2217277157152845,Markdown
1.3052745182484273,-0.14638101470971365,1.0238448897898005,1.3542885711911976,2.820524267376039,-0.2217277157152845,Markdown
0.1740839462796615,-0.4299363127312882,1.3484634654973393,1.2922557666672168,2.820524267376039,-0.2217277157152845,Markdown
0.2518639621313998,-0.11480339042740584,1.644183788202043,1.34735526096526,2.820524267376039,-0.2217277157152845,Markdown
1.0936830138460323,0.17790978736212834,1.8795361618154534,1.3580834021905928,2.820524267376039,-0.2217277157152845,Markdown
-0.4459547381554195,-0.08938464887858207,2.0592014467422834,1.1635196222527584,-0.3545440156522069,-0.2217277157152845,Markdown
-1.1103372317453073,0.18957395222179424,1.9927262323090877,0.8198459527404969,-0.3545440156522069,-0.2217277157152845,Markdown
-0.1514851196467376,-0.5458120203026402,1.8608978894902009,0.7872184115452879,-0.3545440156522069,-0.2217277157152845,Markdown
1.3659177074907016,-0.5913019597210278,1.7738736415133267,1.236386857202172,-0.3545440156522069,-0.2217277157152845,Markdown
-1.1799728235627873,-0.6155896881485486,1.4433976854082184,0.8687864347804696,-0.3545440156522069,-0.2217277157152845,Markdown
-1.1506432294695623,-0.11280971401602322,1.1252808435473525,0.5175006127092118,-0.3545440156522069,-0.2217277157152845,Markdown
0.05883775550709332,-0.4411417127062181,0.8950115427129202,0.5512151301255112,-0.3545440156522069,-0.2217277157152845,Markdown
-0.7600086362559734,-0.4461730501339145,0.5828389269825289,0.3282622013815454,-0.3545440156522069,-0.2217277157152845,Markdown
-1.572521243632409,-0.5392569259379717,-0.045885060479538914,-0.15818376685131627,-0.3545440156522069,-0.2217277157152845,Markdown
0.6392071207177142,-0.2838651367891347,-0.44511218084802556,-0.161324630609552,-0.3545440156522069,-0.2217277157152845,Markdown
0.9269725734689807,-0.5315946638769165,-0.6000547902640176,0.01882520190198257,-0.3545440156522069,-0.2217277157152845,Markdown
-1.8395809812089827,-0.3694844190461422,-0.9013749978778658,-0.9516838934550028,-0.3545440156522069,-0.2217277157152845,Markdown
-0.12836285577983955,-0.5086851823769641,-1.1003758169970008,-1.4475155512161593,-0.3545440156522069,-0.2217277157152845,Markdown
0.7939678786432495,-0.5137303331847216,-1.056747828031277,-1.079457547939338,-0.3545440156522069,-0.2217277157152845,Markdown
-0.10953005563966646,-0.485856896694194,-1.0583843844343104,-1.1134723434331386,-0.3545440156522069,-0.2217277157152845,Markdown
-0.3381171620698718,0.2369652636755017,-1.1736411900438002,-1.2755440967760079,-0.3545440156522069,-0.2217277157152845,Markdown
-1.7101790764187965,0.16123340417183235,-1.1935271630602877,-1.7944042406729697,-0.3545440156522069,4.51003608986834,Markdown
0.3534085256205777,0.5375943432277064,-1.167883281831343,-1.1750789368776717,-0.3545440156522069,-0.2217277157152845,Markdown
-2.2778649877259185,0.511026829699841,-1.3985870349426992,-1.8345793141101294,-0.3545440156522069,4.51003608986834,Markdown
-0.1364778778890096,0.26162426206318395,-1.601258381569193,-1.688172458866282,-0.3545440156522069,4.51003608986834,Markdown
2.6474803025414064,1.6938148841712115,-1.578287412095966,-0.6986797440221526,-0.3545440156522069,-0.2217277157152845,Markdown
-2.2346728344940052,1.6684876258752936,-1.5815997222172473,-1.5305489855099605,-0.3545440156522069,-0.2217277157152845,Markdown
0.06853325022899096,1.2529416212052928,-1.6210163205398642,-1.2489594085192024,-0.3545440156522069,-0.2217277157152845,Markdown
0.5257056790780874,0.06532277646080749,-1.3386318531138117,-1.0495308069162705,-0.3545440156522069,-0.2217277157152845,Markdown
2.399842118038819,0.6483070769289546,-0.8817403265049543,0.1640376064633855,-0.3545440156522069,-0.2217277157152845,Markdown
-3.375872807861691,1.2906754695502274,-1.0076032959465953,-1.2866623361835607,-0.3545440156522069,-0.2217277157152845,Markdown
0.14536457427394314,0.7439223733698052,-0.8788065923019956,-1.150507557994327,-0.3545440156522069,-0.2217277157152845,Markdown
-2.0307198777803204,1.1157944355835374,-0.9383036843616219,-1.7545115287633999,-0.3545440156522069,4.51003608986834,Markdown
0.913208818540538,0.5355562663497081,-1.0274219995962344,-1.3621415468559863,-0.3545440156522069,-0.2217277157152845,Markdown
-3.1444903559654094,1.2268595563847893,-1.6062341461074667,-1.759695597895213,-0.3545440156522069,4.51003608986834,Markdown
-1.6548256590779336,2.1157232794709477,-1.9133978345922555,-1.4770999069825181,-0.3545440156522069,4.51003608986834,Markdown
1.8569356810481328,0.15389780741232784,-2.1532887015573037,-1.0309369168386053,-0.3545440156522069,-0.2217277157152845,Markdown
-0.6861678831952401,-0.6110859070739562,-2.23296313460069,-1.1848882778273992,-0.3545440156522069,-0.2217277157152845,Markdown
1.4691735746834724,-0.8460957501834651,-2.275162686899617,-0.8220734640614437,-0.3545440156522069,-0.2217277157152845,Markdown
-3.4178510114090748,-0.05551509112039405,-2.2546658200672938,-1.6477194070046204,-0.3545440156522069,-0.2217277157152845,Markdown
-1.5203028541844286,0.5641343486389243,-2.18782497710016,-1.7688193860580108,-0.3545440156522069,4.51003608986834,Markdown
0.05544576165364071,0.5188440933645428,-2.3511397965303846,-1.373905509544578,-0.3545440156522069,-0.2217277157152845,Markdown
2.346750966372463,-0.006482832005954589,-2.2581044395045744,-0.8508448192661224,-0.3545440156522069,-0.2217277157152845,Markdown
-1.1963353470701417,-0.3563517397657883,-2.474380066187027,-1.1114273890010684,-0.3545440156522069,-0.2217277157152845,Markdown
0.01917978507190155,-0.6514253749500248,-2.3264712375220475,-1.0962658742958091,-0.3545440156522069,-0.2217277157152845,Markdown
1.3364228454473361,-0.6600479228350898,-1.8456437639911885,-0.7873576030546758,-0.3545440156522069,-0.2217277157152845,Markdown
2.384817399717433,-0.6095910467294083,-1.2377733941339084,-0.23207977843876199,-0.3545440156522069,-0.2217277157152845,Markdown
-0.3681271757831541,-0.2583874643402655,-0.8909310264998686,-0.3078859060834346,-0.3545440156522069,-0.2217277157152845,Markdown
-0.10104069226188868,-1.0112066347592505,-0.4091073693920544,-0.32020337163503704,-0.3545440156522069,-0.2217277157152845,Markdown
0.9549602619739306,-1.031416196037767,0.22430014919665786,0.05110221082481051,-0.3545440156522069,-0.2217277157152845,Markdown
-2.3511661569463542,-0.5547711946465144,0.42269315395063634,-0.31823692255686026,-0.3545440156522069,-0.2217277157152845,Markdown
0.2632681551020594,-0.9744374610811354,0.3931658854183459,-0.04622891129086907,-0.3545440156522069,-0.2217277157152845,Markdown
1.0012190111075805,-1.0217084667451806,0.42528341202615283,0.2955968218965595,-0.3545440156522069,-0.2217277157152845,Markdown
-0.35004536344722076,-1.3700392154424794,0.4661859288462201,0.31115477973703903,-0.3545440156522069,-0.2217277157152845,Markdown
-2.1959152313588493,-0.8369117546185261,0.12747807698275043,-0.16306968610933578,-0.3545440156522069,-0.2217277157152845,Markdown
-2.3555261540900356,-0.029784128940829647,-0.18028808113168776,-1.0874780958162935,-0.3545440156522069,-0.2217277157152845,Markdown
-2.3349944529256046,0.9374520354996106,-0.6504080431775082,-1.7762320904659248,-0.3545440156522069,4.51003608986834,Markdown
0.34955425935332857,-0.25196010472997604,-1.2287129007740616,-1.6371057854849993,-0.3545440156522069,-0.2217277157152845,Markdown
1.1520266733432325,-0.057350598465535765,-1.6458833214714466,-1.21497924056871,-0.3545440156522069,-0.2217277157152845,Markdown
-2.416598820493295,0.470920414443569,-2.1020889927504647,-1.701583684419037,-0.3545440156522069,4.51003608986834,Markdown
0.6397886118141277,1.311010342430014,-2.294255119310286,-1.489506977530035,-0.3545440156522069,-0.2217277157152845,Markdown
1.9073509005692455,-0.30641566028243106,-2.0936397477929716,-0.8801402515792328,-0.3545440156522069,-0.2217277157152845,Markdown
-0.2774184324087305,-0.4944706928828435,-1.891438606173705,-0.9536586233378941,-0.3545440156522069,-0.2217277157152845,Markdown
1.23934009755648,-0.48281140656073057,-1.7385792336990802,-0.5408162261433347,-0.3545440156522069,-0.2217277157152845,Markdown
1.4151090495365237,0.09261116980825712,-1.219468424336622,-0.06152295486842212,-0.3545440156522069,-0.2217277157152845,Markdown
-0.04889021911926073,-0.5255258231236395,-0.7328087374091271,-0.06152295486842212,-0.3545440156522069,-0.2217277157152845,Markdown
-1.8277206233793146,-0.6007930197832543,-0.5225028851362316,-0.6581655961712815,-0.3545440156522069,-0.2217277157152845,Markdown
0.7288014807685242,-0.5775061597430037,-0.2333971926009717,-0.4050883418536343,-0.3545440156522069,-0.2217277157152845,Markdown
-1.125378180161569,0.544813988548321,-0.16651397126900278,-0.7370051886972053,-0.3545440156522069,-0.2217277157152845,Markdown
0.9163329917840111,-0.4405000200620948,-0.15067554894415072,-0.32197262434087276,-0.3545440156522069,-0.2217277157152845,Markdown
1.0815035579098955,-0.33518438381481874,-0.11074422546101176,0.08325127324838427,-0.3545440156522069,-0.2217277157152845,Markdown
0.5247872226476906,-0.3137325412150856,0.1830559276547157,0.2927964157886076,-0.3545440156522069,-0.2217277157152845,Markdown
1.3841927628832567,-0.5901109196872399,0.5439979133471332,0.8212825768189597,-0.3545440156522069,-0.2217277157152845,Markdown
0.23263512265651162,-0.665640426395639,1.0378876062315991,1.2091858266067155,-0.3545440156522069,-0.2217277157152845,Markdown
-0.9301280020788804,-0.707000244977927,1.2885733359664202,0.8989492926000535,-0.3545440156522069,-0.2217277157152845,Markdown
0.3591738678011115,-0.16933439950973223,1.3826951560532346,0.9353788656428482,-0.3545440156522069,-0.2217277157152845,Markdown
-0.2003610465143355,-0.31768385893184725,1.3365369941072054,0.8742004566989365,-0.3545440156522069,-0.2217277157152845,Markdown
1.1741808607161854,-0.047876115192256846,1.2447703662414793,1.2862589906944055,2.820524267376039,-0.2217277157152845,Markdown
0.6348303503434455,-0.09037314841737665,1.2119430794627513,1.262142707563163,2.820524267376039,-0.2217277157152845,Markdown
-1.2815591555170727,0.15622866216370093,1.1100909582202882,0.6999183890125903,-0.3545440156522069,-0.2217277157152845,Markdown
1.5467568651585797,0.32498332414085673,1.1141006711317931,1.2633917790239633,-0.3545440156522069,-0.2217277157152845,Markdown
0.7578264054472837,-0.3649146505506371,1.253123223444109,1.2542374023158582,2.820524267376039,-0.2217277157152845,Markdown
0.8524290745547091,-0.3397092108322917,1.3273843862926413,1.331243863845946,2.820524267376039,-0.2217277157152845,Markdown
-0.5332096044931108,-0.26534660010992606,1.3177174115230743,1.0513866814544284,-0.3545440156522069,-0.2217277157152845,Markdown
-0.49066344350084967,-0.7383358680445018,1.4474243217974416,0.8888478876414696,-0.3545440156522069,-0.2217277157152845,Markdown
-0.5759387008586496,-0.651470367171339,1.3587431051115069,0.6963689393605751,-0.3545440156522069,-0.2217277157152845,Markdown
1.995370494730063,0.3032271976000111,1.3010598401464815,1.2900708309895612,2.820524267376039,-0.2217277157152845,Markdown
0.16438914714322048,0.38219314731578885,1.1818353980435923,1.3246418602945267,2.820524267376039,-0.2217277157152845,Markdown
1.9092833194603127,1.2110785268743125,1.2554782311529844,1.2351167258861135,2.820524267376039,-0.2217277157152845,Markup
-0.4163325102499948,-0.17275127729474068,1.3698739614843187,1.1088005591781374,-0.3545440156522069,-0.2217277157152845,Markup
-0.6034662213248769,-0.47466927428852784,1.5224300141092912,0.8484147912658477,-0.3545440156522069,-0.2217277157152845,Markup
2.234994949132131,0.44119770699327293,1.6592837624024737,1.3033013503268378,2.820524267376039,-0.2217277157152845,Markup
-0.16391225666820278,-0.6544830692049178,1.798878201202629,1.1869663720152537,-0.3545440156522069,-0.2217277157152845,Markup
-0.21454663748498526,-0.590758696504009,1.7146597184403312,1.1280788735242275,-0.3545440156522069,-0.2217277157152845,Markup
-0.22223715852917353,-0.43636597122796117,1.634505727955327,0.9963408764563599,-0.3545440156522069,-0.2217277157152845,Markup
-0.030779983455760513,-0.28971458628153407,1.6295537567376512,1.0025877133704597,-0.3545440156522069,-0.2217277157152845,Markup
1.5152669078309784,0.009470673826817648,1.500258200658099,1.3513325219438694,2.820524267376039,-0.2217277157152845,Markup
-0.31351313380437923,-0.5040214665025149,1.3951483218756997,1.0333087629421307,-0.3545440156522069,-0.2217277157152845,Markup
1.2304979987740212,-0.019397088453242155,1.4356976020648262,1.354813199536678,2.820524267376039,-0.2217277157152845,Markup
0.32930267892501414,-0.5738657141860574,1.494514875033457,1.3393927382865378,2.820524267376039,-0.2217277157152845,Markup
-0.10405683205957961,-0.42316365992406013,1.5869033886270578,1.270126508111275,-0.3545440156522069,-0.2217277157152845,Markup
0.47566670006294187,0.5779158632285433,1.5727151834900863,1.1610663352983728,2.820524267376039,-0.2217277157152845,Markup
-0.18573217934233205,-0.18263228690196018,1.6005472047614904,1.110423276669505,-0.3545440156522069,-0.2217277157152845,Markup
-0.9506685338977482,0.16737718283599953,1.3980582675868882,0.7774541009222994,-0.3545440156522069,-0.2217277157152845,Markup
-1.4240437785422806,0.07383301049499981,1.0298825870951933,0.2773657294525656,-0.3545440156522069,-0.2217277157152845,Markup
-0.17005228147012974,-0.5774344037852575,0.6479149080941314,0.17029744915659334,-0.3545440156522069,-0.2217277157152845,Markup
0.05823228343050302,-0.5466012069297767,0.27023913363123725,0.09108094990415759,-0.3545440156522069,-0.2217277157152845,Markup
0.84218966430957,-0.6105520603561799,-0.01207361130666111,0.18395119011559166,-0.3545440156522069,-0.2217277157152845,Markup
-2.3000273010195476,0.7245297922143431,-0.3268643179722985,-1.0706390777526262,-0.3545440156522069,-0.2217277157152845,Akumulasi
-0.8663736625495414,0.44666731593280806,-0.5638732759507583,-1.5058143137981452,-0.3545440156522069,-0.2217277157152845,Akumulasi
-0.9628280606795699,0.6095025143042583,-0.8737578073659159,-1.6385674676524942,-0.3545440156522069,4.51003608986834,Markdown
-0.6839364026417486,1.0540044553724912,-1.1876703040851777,-1.8322898584892249,-0.3545440156522069,4.51003608986834,Markdown
0.23216804801122795,0.3788399971062793,-1.5811907193940478,-1.3542204868828116,-0.3545440156522069,-0.2217277157152845,Markdown
-0.8616503315904147,0.44906819747108806,-1.7957715885684808,-1.6754636705962629,-0.3545440156522069,-0.2217277157152845,Markdown
-0.53944041190966,0.2731978349605705,-1.9668739668155182,-1.7257648454189356,-0.3545440156522069,4.51003608986834,Markdown
0.5036893991543004,0.8071353743301354,-1.9994614270606221,-1.5111832943048105,-0.3545440156522069,-0.2217277157152845,Markdown
-0.6232013451387753,0.6597192464513973,-1.9710251134950252,-1.6023866164025808,-0.3545440156522069,-0.2217277157152845,Markdown
1.0760888051556423,-0.08196926651249618,-1.8909823785335937,-1.2044572880759516,-0.3545440156522069,-0.2217277157152845,Markdown
2.2505373490708442,1.3641207016474646,-1.5094911447309334,-0.37577674921169146,-0.3545440156522069,-0.2217277157152845,Markdown
-3.552824048818817,1.8630713995771748,-1.3529129086981537,-1.6871705668081511,-0.3545440156522069,-0.2217277157152845,Markdown
0.5216912337531152,0.42931909264214646,-1.20860848618518,-1.4861537525396542,-0.3545440156522069,-0.2217277157152845,Markdown
-1.1792520760530298,0.5015555222548709,-1.077018063587363,-1.7107069477477062,-0.3545440156522069,4.51003608986834,Markdown
-0.703354211564471,2.869120712238756,-1.1163907434723623,-1.5510399292994754,-0.3545440156522069,4.51003608986834,Markdown
1.448888418538236,-0.05075582008261698,-1.3122891954372362,-0.9811753004024272,-0.3545440156522069,-0.2217277157152845,Markdown
0.8865413115952153,0.7965802259585657,-1.0823697135719244,-0.6387233547696353,-0.3545440156522069,-0.2217277157152845,Markdown
-1.259132744443791,0.491375187532835,-1.0130268890150333,-1.0887214964599343,-0.3545440156522069,-0.2217277157152845,Markdown
-0.429572812357735,-0.07265115897147388,-0.8495011122417967,-1.22739988387121,-0.3545440156522069,-0.2217277157152845,Markdown
-0.9519797417833096,0.16089440250251436,-0.6619179419260662,-1.5542878930857769,-0.3545440156522069,-0.2217277157152845,Markdown
0.08607706575797565,0.04990788041640063,-0.684680193593693,-1.361047562102075,-0.3545440156522069,-0.2217277157152845,Markdown
0.3431992513039839,-0.25290207665754605,-0.8004694965497869,-1.1610913814099317,-0.3545440156522069,-0.2217277157152845,Markdown
-0.8043524005994818,1.5711437889546322,-0.8698497698148137,-1.0194757678863529,-0.3545440156522069,-0.2217277157152845,Markdown
-2.9819391798540757,0.9176231584198157,-1.1498333217250383,-1.6008014556071979,-0.3545440156522069,4.51003608986834,Markdown
-1.842628050003734,0.7252962040546053,-1.4648713299976863,-1.8213533347472095,-0.3545440156522069,4.51003608986834,Markdown
1.787437173321224,0.35114215422477735,-1.6823670278248695,-1.270829567871563,-0.3545440156522069,-0.2217277157152845,Markdown
1.4811425261376672,-0.43226982097574257,-1.8380813920410795,-0.8299394832969791,-0.3545440156522069,-0.2217277157152845,Markdown
0.0737188414325628,-0.6635455552457855,-1.888292718271702,-0.7937035074988781,-0.3545440156522069,-0.2217277157152845,Markdown
-0.4445304423332951,-0.9667739405829099,-1.6700164936109445,-0.9108714109314963,-0.3545440156522069,-0.2217277157152845,Markdown
-2.241473978673247,-0.4790524470624629,-1.4107067874258747,-1.5558975839861753,-0.3545440156522069,-0.2217277157152845,Markdown
0.09177231645315154,-0.764811706337738,-1.258464625484195,-1.4623508658605402,-0.3545440156522069,-0.2217277157152845,Markdown
-0.6612455195900994,-0.6504504029014763,-1.4127833079627152,-1.6491151403568693,-0.3545440156522069,-0.2217277157152845,Markdown
-0.32386729024711064,-0.8291083205692953,-1.5877993122996024,-1.746693878901049,-0.3545440156522069,-0.2217277157152845,Markdown
1.9582386803755973,0.42356086811332566,-1.596541554514537,-0.7105768583435175,-0.3545440156522069,-0.2217277157152845,Markdown
-1.974039963848255,-0.20944142725403703,-1.541912219739804,-1.3176948058052516,-0.3545440156522069,-0.2217277157152845,Markdown
1.690114614030047,-0.3183943553816091,-1.3249486591506694,-0.7869606923072868,-0.3545440156522069,-0.2217277157152845,Markdown
0.5129752340260287,0.12489610557553132,-0.970280524976419,-0.6104887360043668,-0.3545440156522069,-0.2217277157152845,Markdown
-0.003196505279915346,-0.9954683056837083,-0.6151148790913725,-0.34911380416857063,-0.3545440156522069,-0.2217277157152845,Markdown
-0.24397713548273273,-0.8831857952012628,-0.4934767467226342,-0.42323838403940045,-0.3545440156522069,-0.2217277157152845,Markdown
1.5668912582581513,-0.1613745265622663,-0.05805292212248904,0.1886828603458534,-0.3545440156522069,-0.2217277157152845,Markdown
0.8350236557158154,-0.47908191505253206,0.27393993017779794,0.5324926933757124,-0.3545440156522069,-0.2217277157152845,Markdown
1.105814807974612,-0.5067261463407604,0.6541368649190374,1.3370630452225034,-0.3545440156522069,-0.2217277157152845,Markdown
-1.2208832928315898,0.03102357045206506,0.9070553430964035,0.8074738321379311,-0.3545440156522069,-0.2217277157152845,Markdown
-1.8680701626852174,0.7821744820733829,0.9435427893120433,0.0015740308576402693,-0.3545440156522069,-0.2217277157152845,Markdown
4.4625796785235226,2.5580378575326437,1.1195445204762084,1.1194228040983787,2.820524267376039,-0.2217277157152845,Markup
-0.9690895830990304,0.3526200988717671,1.166754889147545,0.7864068986301708,-0.3545440156522069,-0.2217277157152845,Markup
-1.0964201519389483,-0.22903279767406104,1.0388720994206033,0.41315265634186166,-0.3545440156522069,-0.2217277157152845,Markup
-2.2764842006455313,0.1940790101161059,0.862389622646644,-0.36665593670655644,-0.3545440156522069,-0.2217277157152845,Markup
-2.581020561930207,0.2849038315467183,0.6736519834784985,-1.2200050922969057,-0.3545440156522069,-0.2217277157152845,Markup
-0.263870931294567,1.5658220845575006,-0.08171311758978524,-1.2893831412798618,-0.3545440156522069,-0.2217277157152845,Akumulasi
0.18412497167367353,-0.2907244743864946,-0.7089576972852821,-1.2144557799682825,-0.3545440156522069,-0.2217277157152845,Akumulasi
0.20041640143948464,-0.10171584520510409,-1.2125641666763383,-1.1339769890780496,-0.3545440156522069,-0.2217277157152845,Akumulasi
-2.030766122989356,-0.583234464029799,-1.6292729907926757,-1.7764184001802332,-0.3545440156522069,-0.2217277157152845,Akumulasi
5.264052336682022,0.7967064564663492,-1.3138795928323448,-0.11198381400057847,-0.3545440156522069,-0.2217277157152845,Akumulasi
1.1017057602805502,0.002943614141429404,-0.9318152795779308,0.28086620750798313,-0.3545440156522069,-0.2217277157152845,Akumulasi
-0.6153058228834959,-0.6310405824630537,-0.579960120592484,0.08374749716270193,-0.3545440156522069,-0.2217277157152845,Akumulasi
0.6598677492306476,-0.09433091641346102,-0.18189926923544578,0.328063197696285,-0.3545440156522069,-0.2217277157152845,Akumulasi
-0.5463662870446927,-0.9136573510085313,0.37910577756634534,0.15454298244515474,-0.3545440156522069,-0.2217277157152845,Akumulasi
0.7256689266175608,-0.42107797702098376,0.4667291326369393,0.4224592962395786,-0.3545440156522069,-0.2217277157152845,Akumulasi
0.17693224248855868,-0.5815541571808093,0.4916315011418931,0.5015834129474149,-0.3545440156522069,-0.2217277157152845,Akumulasi
-1.3434815500679278,-1.075115754748814,0.4959188341288138,0.04626653758178463,-0.3545440156522069,-0.2217277157152845,Akumulasi
0.8265722665163542,-1.2758812803158681,0.5263913630789113,0.3474973770777437,-0.3545440156522069,-0.2217277157152845,Akumulasi
0.30498837383231187,-1.0337812279327498,0.607520802540133,0.4710458037765712,-0.3545440156522069,-0.2217277157152845,Akumulasi
-1.218884292643677,-1.7455682532149848,0.45532454582091436,0.06014900206855098,-0.3545440156522069,-0.2217277157152845,Akumulasi
-1.6172090803123413,-0.4353356986475301,0.27258232744358957,-0.34694577529440024,-0.3545440156522069,-0.2217277157152845,Akumulasi
-1.311717615205651,0.11982035597594533,0.10587116184383957,-0.8115291930570375,-0.3545440156522069,-0.2217277157152845,Akumulasi
2.8527994351408,1.056667532713176,0.03970595725678176,0.43471936543414985,-0.3545440156522069,-0.2217277157152845,Distribusi
0.06405701972205691,-0.3535435242812065,-0.11936898656315939,0.4814989939890707,-0.3545440156522069,-0.2217277157152845,Distribusi
-0.2502018154249755,-0.5166394502455567,-0.23152964956818162,0.3979635788126325,-0.3545440156522069,-0.2217277157152845,Distribusi
-0.5255897426564514,-0.26906581650346306,-0.21601107764131303,0.1879696179378417,-0.3545440156522069,-0.2217277157152845,Distribusi
-1.5638093477291437,-0.3976372742027591,-0.1832327935084416,-0.4404030467502895,-0.3545440156522069,-0.2217277157152845,Distribusi
-0.8720290334957798,-0.1626794129411533,-0.5112374165482011,-0.773170388223935,-0.3545440156522069,-0.2217277157152845,Distribusi
0.6755939191492925,-0.4451130418096808,-0.8442746829824543,-1.1282886356269155,-0.3545440156522069,-0.2217277157152845,Distribusi
-0.25399929746604616,0.21168337259061443,-1.0420770570767521,-1.3356874908074705,-0.3545440156522069,-0.2217277157152845,Distribusi
0.9298063195385396,0.026453485693292936,-1.0805364177102665,-0.7854315686274458,-0.3545440156522069,-0.2217277157152845,Distribusi
0.3561103101394097,0.9603422516362331,-0.9375284593717111,-0.5539946463030554,-0.3545440156522069,-0.2217277157152845,Distribusi
-0.976580821346003,0.4951431310878398,-0.7635046408196234,-1.03459236801172,-0.3545440156522069,-0.2217277157152845,Distribusi
-2.8467040041001024,1.0934288532745853,-0.9026509265646069,-1.75530839766466,-0.3545440156522069,4.51003608986834,Markdown
-0.9194344461733898,3.2567832059670923,-1.0673788357849237,-1.713832784668773,-0.3545440156522069,4.51003608986834,Markdown
-0.9989005117289874,0.1221996566132511,-1.4053804409366604,-1.6814930649804611,-0.3545440156522069,4.51003608986834,Markdown
-0.08046413682526818,0.0025591666495582196,-1.8297753385728983,-1.4932560972419,-0.3545440156522069,-0.2217277157152845,Markdown
1.3728461531286091,0.2564071311741608,-2.023567753001179,-1.0324684336063426,-0.3545440156522069,-0.2217277157152845,Markdown
-1.4684257023277867,-0.08092442583464438,-2.0158346108150895,-1.488685033777092,-0.3545440156522069,-0.2217277157152845,Markdown
-0.21597435804504272,-0.6405229196189225,-1.9615833417604056,-1.5109779715982874,-0.3545440156522069,-0.2217277157152845,Markdown
-0.8776099268187856,-0.45177818290767763,-1.9148930336565966,-1.6564115381188622,-0.3545440156522069,-0.2217277157152845,Markdown
-1.881197556515898,0.14117500962668617,-2.039526520299392,-1.824016122175079,-0.3545440156522069,4.51003608986834,Markdown
1.6424422932165996,-0.15042139515546815,-2.109785577701842,-1.3666243679983645,-0.3545440156522069,-0.2217277157152845,Markdown
0.09853436556481059,-0.11141133239779656,-2.014738599281119,-1.3256266804238503,-0.3545440156522069,-0.2217277157152845,Markdown
-2.282439011060261,1.066856017886869,-2.0826530192165804,-1.7378154697865629,-0.3545440156522069,4.51003608986834,Markdown
0.5670039404470121,0.20275868149848697,-2.0301839524784002,-1.5733678831346127,-0.3545440156522069,-0.2217277157152845,Markdown
-0.6821263415307374,-0.11371900032115123,-1.8763575215089505,-1.740059642183835,-0.3545440156522069,-0.2217277157152845,Markdown
2.1481976223579666,0.09211382108110128,-1.7462652110251766,-1.167836084645807,-0.3545440156522069,-0.2217277157152845,Markdown
0.19526841379459814,-0.5094432129064179,-1.5911741281952636,-1.1019061090846702,-0.3545440156522069,-0.2217277157152845,Markdown
0.21721563486235934,-0.7318488216585491,-1.1817127272528092,-1.0297559305548616,-0.3545440156522069,-0.2217277157152845,Markdown
1.211788981752254,-0.5368354254036424,-0.7018454672624815,-0.6864204673344318,-0.3545440156522069,-0.2217277157152845,Markdown
-0.08467681525625624,-0.4366289844173879,-0.14291818419955452,-0.5272043454924134,-0.3545440156522069,-0.2217277157152845,Markdown
0.5553528020996232,-0.885296265272406,0.21529578196207722,0.08204440789849886,-0.3545440156522069,-0.2217277157152845,Markdown
0.473979099901037,-0.6265956513430404,0.5082776080303666,0.9565038212477692,-0.3545440156522069,-0.2217277157152845,Markdown
-0.36954835312068196,-0.25516159079028133,0.7206782947717921,0.6079514774886461,-0.3545440156522069,-0.2217277157152845,Markdown
-0.022393386628345443,-0.6647587626573084,0.771737917505467,0.6212865110988606,-0.3545440156522069,-0.2217277157152845,Markdown
1.0988392453704976,0.1919000031370858,0.920738713787557,1.1991594464867656,-0.3545440156522069,-0.2217277157152845,Markdown
1.3543925816089557,0.26106761979368714,1.1607896667011501,0.9932486103091354,2.820524267376039,-0.2217277157152845,Markdown
0.5520056336777435,-0.32187765656498063,1.352056677200661,1.2312319754206973,-0.3545440156522069,-0.2217277157152845,Markdown
-0.329586430181237,-0.35054133733710646,1.54861179837708,1.1189442117099746,-0.3545440156522069,-0.2217277157152845,Markdown
0.8350640866594784,-0.7919591669204408,1.7921541077655034,1.3172825331601976,2.820524267376039,-0.2217277157152845,Markdown
0.7682385273528511,-0.10550201095637887,1.926267554144414,1.1827018017741262,2.820524267376039,-0.2217277157152845,Markdown
-1.2478129385021723,-0.34892037446966884,1.8461104130514547,0.774913201870066,-0.3545440156522069,-0.2217277157152845,Markdown
0.4897771009829811,-0.2524829698937587,1.748310430097454,0.9544510418059537,-0.3545440156522069,-0.2217277157152845,Markdown
0.4228877120928269,0.3091700959740168,1.6622145613571842,1.1065351310369458,-0.3545440156522069,-0.2217277157152845,Markdown
2.1642308832428547,1.9179302270193321,1.6809439196518223,1.319902724307151,2.820524267376039,-0.2217277157152845,Markup
1.4081019339239234,3.092630945843319,1.7170881813645644,1.0791399989352202,2.820524267376039,-0.2217277157152845,Markup
-1.1194752610436056,-0.18547218003786262,1.8496158490936851,0.7439028206594973,-0.3545440156522069,-0.2217277157152845,Markup
1.100269381055616,0.32093021567002344,2.0253551528765983,1.064187315810497,-0.3545440156522069,-0.2217277157152845,Markup
-1.102988915395939,-0.4345284458360354,2.063100449533394,0.7126852891762511,-0.3545440156522069,-0.2217277157152845,Markup
-0.46160006597511843,-0.7336650410692863,1.856397233038694,0.5581812083697595,-0.3545440156522069,-0.2217277157152845,Markup
0.006520333571544099,-0.6549369510022864,1.4912786530206137,0.5687612158257117,-0.3545440156522069,-0.2217277157152845,Markup
1.0741198174843931,-0.47216424211563773,1.3625897932863096,0.883781823515635,-0.3545440156522069,-0.2217277157152845,Markup
-0.3011750693826979,-0.4885596826721543,1.0989938796762262,0.7954227246368328,-0.3545440156522069,-0.2217277157152845,Markup
0.7813257034682664,-0.3267253787198337,1.01932158970167,1.0849652803468204,-0.3545440156522069,-0.2217277157152845,Markup
-0.6716600622114738,-0.24089562696569308,0.9348162944874951,0.8550577522426197,-0.3545440156522069,-0.2217277157152845,Markup
-0.49952679134969125,-0.566388273181415,0.8370197271805219,0.5678658193057453,-0.3545440156522069,-0.2217277157152845,Markup
-1.6420237784270892,-0.5398627125105356,0.5224827313643288,-0.17454375806414296,-0.3545440156522069,-0.2217277157152845,Markup
0.12404272648211596,-0.8396247500270552,0.26693243337982336,-0.10022606893029296,-0.3545440156522069,-0.2217277157152845,Markup
0.147596303308568,-0.923412537118827,-0.07072026250188303,-0.23109227902396315,-0.3545440156522069,-0.2217277157152845,Markup
-1.124039693522478,-0.6285656585731508,-0.40158234712887364,-0.7686592022540245,-0.3545440156522069,-0.2217277157152845,Markup
0.4435933917678159,-1.0330301915236513,-0.6219049131405144,-0.5268545617545244,-0.3545440156522069,-0.2217277157152845,Markup
-0.25476721457065893,-0.7747999630770064,-0.7145137488666347,-0.6287718421325262,-0.3545440156522069,-0.2217277157152845,Markup
-0.8995635468584595,-0.5437648052359892,-0.8797917872094141,-1.0484369718127733,-0.3545440156522069,-0.2217277157152845,Markup
0.19767362293844654,-0.6414740134422714,-1.0346010071171974,-1.3672371892484236,-0.3545440156522069,-0.2217277157152845,Markup
2.0464458763561097,0.29343748762231164,-0.8514131659602966,-0.14822765210491387,-0.3545440156522069,-0.2217277157152845,Markup
1.05815281059787,1.285983331892215,-0.5907095181393714,0.7181325380322757,-0.3545440156522069,-0.2217277157152845,Markup
-0.9145200247738613,-0.20314847990143656,-0.4094834381920949,0.14234743042381418,-0.3545440156522069,-0.2217277157152845,Markup
0.4513400427906545,-0.5717373766274981,-0.06582294375596487,0.47025871378111156,-0.3545440156522069,-0.2217277157152845,Markup
-0.9394879387692672,-0.21294541505644657,0.14959644540441683,-0.11843718651702734,-0.3545440156522069,-0.2217277157152845,Markup
-0.8776308248028989,0.5005743215732961,0.06652769533986606,-0.6580744384868584,-0.3545440156522069,-0.2217277157152845,Markup
0.7432631207930099,1.2055565966062427,-0.07213639816829369,-0.14941993711563117,-0.3545440156522069,-0.2217277157152845,Markup
0.7924161023898229,0.6409813615560983,-0.0159474110581038,0.39796300250385097,-0.3545440156522069,-0.2217277157152845,Distribusi
0.10764536740538419,0.7630581902461425,-0.008513964152333433,0.5012454042004933,-0.3545440156522069,-0.2217277157152845,Distribusi
1.067387565009798,0.6832043866302364,0.21216756176473153,1.2077608167186247,-0.3545440156522069,-0.2217277157152845,Distribusi
-0.37456523020677157,1.6572188517561013,0.47766698242838135,0.9287091422918826,-0.3545440156522069,-0.2217277157152845,Distribusi
0.8756965089598453,0.43887758132198934,0.7221166083281126,1.2667935452214685,2.820524267376039,-0.2217277157152845,Distribusi
0.664329729938124,0.41305943378886856,0.8896517116465603,1.3387865913551182,2.820524267376039,-0.2217277157152845,Distribusi
-0.5924847273312627,0.4291307894362461,0.9978848816360372,0.6052650137928391,-0.3545440156522069,-0.2217277157152845,Distribusi
0.3672778207545226,0.02463829168615585,1.0239039458900758,0.7988144490679379,-0.3545440156522069,-0.2217277157152845,Distribusi
0.4470618352778504,-0.3538947738999732,1.0975933007550143,1.0310769932394235,-0.3545440156522069,-0.2217277157152845,Distribusi
-0.7829605528289189,-0.6655754471519043,1.0211839693348246,0.684444450263007,-0.3545440156522069,-0.2217277157152845,Distribusi
-0.28656718416267735,-0.9384501192698955,0.8410468542246897,0.5735916282840885,-0.3545440156522069,-0.2217277157152845,Distribusi
1.1328752505881206,-0.6984463411752564,0.7973189593505186,1.1225746032040516,-0.3545440156522069,-0.2217277157152845,Distribusi
0.5416647345115144,-0.773373752701259,0.7638267208002592,1.3403144660062347,2.820524267376039,-0.2217277157152845,Distribusi
0.8852729497400394,0.07959380722082812,0.8087002222701558,1.345176045014891,2.820524267376039,-0.2217277157152845,Distribusi
0.4109995608346721,-0.381509315795556,1.0031769998143618,1.343016286793645,2.820524267376039,-0.2217277157152845,Distribusi
-0.24293633812392018,-0.848892040201657,1.1817373992446691,1.161688791007469,-0.3545440156522069,-0.2217277157152845,Distribusi
-0.7230676622335502,-0.6184008457277277,1.1880511389056543,0.8495896083613018,-0.3545440156522069,-0.2217277157152845,Distribusi
0.27928692263632915,-0.8827344166109724,1.1324266594659849,0.9997984656721703,-0.3545440156522069,-0.2217277157152845,Distribusi
-1.0026470250869919,-0.740874671318309,0.8731298610967297,0.5570838076596758,-0.3545440156522069,-0.2217277157152845,Distribusi
-0.5021815258461729,-0.6785766398030203,0.5480250257045725,0.21795115138329102,-0.3545440156522069,-0.2217277157152845,Distribusi
-0.3088339273047574,-0.513205242518701,0.24735507754276834,0.08517391112609399,-0.3545440156522069,-0.2217277157152845,Distribusi
1.9875413952565528,0.40299968101116773,0.19177036257036884,1.0933652537113776,-0.3545440156522069,-0.2217277157152845,Distribusi
-0.1751225171898385,-0.477230200602347,0.11897683306005334,0.9513920078112054,-0.3545440156522069,-0.2217277157152845,Distribusi
-0.04166544568753767,-0.7656356800426262,0.1437591511058794,0.9564474303710596,-0.3545440156522069,-0.2217277157152845,Distribusi
0.3992396929583298,-0.26538659796155123,0.27849541801068006,1.0996897112017205,-0.3545440156522069,-0.2217277157152845,Distribusi
0.36720487330054874,-0.3212599540724639,0.49369775433485236,1.2239782207303131,2.820524267376039,-0.2217277157152845,Distribusi
-0.39798905668704854,0.004300978704125753,0.4477189196577516,0.965745556536599,-0.3545440156522069,-0.2217277157152845,Distribusi
-0.6329385051448697,0.365494885617738,0.3788183196193085,0.5362436743212161,-0.3545440156522069,-0.2217277157152845,Distribusi
0.06328344224327129,-0.527165872494342,0.3317531993383992,0.6179279580343462,-0.3545440156522069,-0.2217277157152845,Distribusi
-0.6123221609154949,-0.12542363761591693,0.17030046778006036,0.20686896858289963,-0.3545440156522069,-0.2217277157152845,Distribusi
-0.052539932538945226,-0.310938526007901,-0.04280782970598337,-0.23926414734878435,-0.3545440156522069,-0.2217277157152845,Distribusi
1.6466777701322484,0.7671992487084466,-0.04897991970370484,1.3088042023666044,2.820524267376039,-0.2217277157152845,Distribusi
0.40140910461247137,0.19741580635499775,0.06166992250121241,1.3094475045478469,2.820524267376039,-0.2217277157152845,Distribusi
-0.08056133875891591,0.0851909239204179,0.1821742728009218,1.1049531524974812,-0.3545440156522069,-0.2217277157152845,Distribusi
-0.41859881356799056,-0.1256653627120662,0.3452890226390659,0.78912268789123,-0.3545440156522069,-0.2217277157152845,Distribusi
-0.43507155681058257,0.7813112931691969,0.47144580886405807,0.36392685569269334,-0.3545440156522069,-0.2217277157152845,Distribusi
-0.6408512505088801,1.5745192428150223,0.3488957252355887,-0.11431951379941262,-0.3545440156522069,-0.2217277157152845,Distribusi
2.753259156229548,2.9901602311203432,0.4122831636202735,1.2022781646946004,2.820524267376039,-0.2217277157152845,Markup
-0.07297474009020967,-0.04393534707561655,0.4507706870116058,1.1868040954044938,-0.3545440156522069,-0.2217277157152845,Markup
-0.6442983587863798,-0.5924768410441864,0.4676170743648259,0.804414480342502,-0.3545440156522069,-0.2217277157152845,Markup
0.5733717967895027,-0.16351099017688667,0.570872793979505,1.1792388026523923,-0.3545440156522069,-0.2217277157152845,Markup
0.016479822589143454,-0.33883050077174237,0.7963889275026804,1.134972016917939,-0.3545440156522069,-0.2217277157152845,Markup
-0.4544208977392048,-0.5409425681224289,0.6853480360969376,0.8137586892064572,-0.3545440156522069,-0.2217277157152845,Markup
-0.221901293404749,-0.9717510911489466,0.563419727703905,0.6776505021370703,-0.3545440156522069,-0.2217277157152845,Markup
-0.04889021911926073,-0.6980729629938416,0.5201744321176142,0.6776505021370703,-0.3545440156522069,-0.2217277157152845,Markup
0.1662652093619311,0.12263685353122245,0.4376758093648919,0.8464233249215958,-0.3545440156522069,-0.2217277157152845,Markup
0.7671548325738689,0.48319147331870127,0.4057337873346967,1.3146135405218542,2.820524267376039,-0.2217277157152845,Markup
-0.01136681866285685,-0.018823520040823476,0.40612618521044885,1.0731555633835501,-0.3545440156522069,-0.2217277157152845,Markup
-0.3761619856849804,-0.6661104864115057,0.40133350288478525,0.8464392696032615,-0.3545440156522069,-0.2217277157152845,Markup
-0.9538408755984783,-0.29383470755516433,0.3072262689192645,0.22297396612401815,-0.3545440156522069,-0.2217277157152845,Markup
0.04856594703680929,-0.58700501838855,0.1979706711415294,0.15478256340394692,-0.3545440156522069,-0.2217277157152845,Markup
0.3507289008348891,0.008868850014694755,0.07687978006140243,0.46031836065077336,-0.3545440156522069,-0.2217277157152845,Markup
0.7933495583752626,-0.05467756243732714,0.03261584503971584,1.1085770511963473,-0.3545440156522069,-0.2217277157152845,Markup
0.5876258719534392,-0.004133805452334172,0.07612756190421184,0.9941545528140561,2.820524267376039,-0.2217277157152845,Markup
-0.06573079675049988,2.069347918127073,0.20685646646904227,0.9155066354194872,-0.3545440156522069,-0.2217277157152845,Markup
0.9078648066064678,0.5086264839957267,0.39513025108832067,1.357543022644147,2.820524267376039,-0.2217277157152845,Markup
0.23626307058918827,0.21321381161619948,0.5473739911571753,1.1291405217556352,2.820524267376039,-0.2217277157152845,Markup
-0.5009851683826742,3.2319412289932834,0.6441832906700103,0.1774923264813595,-0.3545440156522069,-0.2217277157152845,Markup
-0.17191914634402494,0.30999077928684016,0.660701637126069,0.0957667076646997,-0.3545440156522069,-0.2217277157152845,Markup
-0.5120401136336283,0.12031828685326688,0.6244963033919821,-0.2112604799839155,-0.3545440156522069,-0.2217277157152845,Markup
0.8745765798781656,-0.45475452938183764,0.5760560893961022,0.3961676759717791,-0.3545440156522069,-0.2217277157152845,Markup
0.08007943280304318,-0.5189784192285161,0.5086568999916342,0.4823118978183238,-0.3545440156522069,-0.2217277157152845,Markup
0.8849465871246296,-0.27090580091320793,0.5579959125602393,1.1074077250803915,-0.3545440156522069,-0.2217277157152845,Markup
-0.20483998454571156,-0.27803460474015246,0.602817882075705,1.0013848452092404,-0.3545440156522069,-0.2217277157152845,Markup
0.15958892920599366,-0.18947062043125112,0.7152778981559298,1.1427498085063026,-0.3545440156522069,-0.2217277157152845,Markup
0.6198171924936513,0.17515356357854564,0.7885111995639119,1.261330258930076,2.820524267376039,-0.2217277157152845,Markup
-0.3988015248761846,1.7531074981531765,0.8398573139393252,0.9602604909598597,-0.3545440156522069,-0.2217277157152845,Markup
-0.01982924463460659,-0.6287658540330165,0.7922904895305638,0.977797640651659,-0.3545440156522069,-0.2217277157152845,Markup
-0.38777984612034044,-0.6528039812473426,0.7253152906701147,0.7731916141016225,-0.3545440156522069,-0.2217277157152845,Markup
0.9378854299223821,-0.5733015377858257,0.6925054777372798,1.3539242886806986,2.820524267376039,-0.2217277157152845,Markup
-0.15107530820823095,-0.5016476866932786,0.5805750421814988,1.185667162672027,-0.3545440156522069,-0.2217277157152845,Markup
-0.4999010605372522,-0.7200463769545886,0.4813775316398879,0.7664301059364635,-0.3545440156522069,-0.2217277157152845,Markup
0.8503324828971455,-0.5896059140515687,0.4753375941083935,1.2740288630262606,2.820524267376039,-0.2217277157152845,Markup
0.32896083860187886,-0.5579795690894618,0.5545478383333644,1.2048725381322196,2.820524267376039,-0.2217277157152845,Markup
0.05838701484004245,-0.6905681634401488,0.5347171757119418,1.2463907979235083,-0.3545440156522069,-0.2217277157152845,Markup
1.330631023897388,1.153461865730444,0.6660057886422593,1.2682486029686935,2.820524267376039,-0.2217277157152845,Markup
-0.5137372002812612,-1.399919585275566,0.8141367136961724,0.9858346302073199,-0.3545440156522069,-0.2217277157152845,Markup
-0.39948790040207277,-0.48031613304597276,0.8226250459494229,0.774490041369354,-0.3545440156522069,-0.2217277157152845,Markup
0.10091381614129298,-0.5340452080356592,0.7988041420625578,0.8642635469742462,-0.3545440156522069,-0.2217277157152845,Markup
-0.4006760121040292,-0.4066917548423059,0.7219677561906949,0.6470729202570032,-0.3545440156522069,-0.2217277157152845,Markup
-0.6971256581105695,0.2780693045469041,0.4656130402531194,0.0033911624584932825,-0.3545440156522069,-0.2217277157152845,Markup
-0.2166853556639858,-0.43358036975932146,0.25214451210016997,-0.1567473732204332,-0.3545440156522069,-0.2217277157152845,Markup
0.4876643872541283,0.3102158204534753,0.14637449325620913,0.15043898740025055,-0.3545440156522069,-0.2217277157152845,Markup
0.19339458547016525,-0.7053388646722941,0.04009967917101329,0.34877180738171226,-0.3545440156522069,-0.2217277157152845,Markup
-0.0018790733657992177,-0.6569644063616016,-0.017680024670260336,0.34061209864159986,-0.3545440156522069,-0.2217277157152845,Markup
0.984479266750745,-0.12583653963827712,0.09779730599188706,1.2313712891826536,-0.3545440156522069,-0.2217277157152845,Markup
-0.12892514009971429,-0.10825381979861082,0.21483843162445274,1.1611876909470324,-0.3545440156522069,-0.2217277157152845,Markup
0.373385590731777,1.650702315044073,0.3093873763479326,0.7213386208218752,2.820524267376039,-0.2217277157152845,Markup
-0.6518362329423356,0.420600748089737,0.31834962798362754,0.23945266434386792,-0.3545440156522069,-0.2217277157152845,Markup
-0.41682201219132603,1.042374579878016,0.31823365969376155,-0.16339342871045567,-0.3545440156522069,-0.2217277157152845,Markup
0.20310217339248157,-0.4157207044738538,0.2241101828029479,0.010735971811205964,-0.3545440156522069,-0.2217277157152845,Markup
0.2206301820891103,-0.8472476434625568,0.14902826133706376,0.18564921101056436,-0.3545440156522069,-0.2217277157152845,Markup
0.2225061874525013,-0.26273180664550305,0.07396987072365167,0.3342976090680045,-0.3545440156522069,-0.2217277157152845,Markup
-0.44186001007576686,-0.2536765182737069,0.04331821747569703,-0.01893275665798998,-0.3545440156522069,-0.2217277157152845,Markup
0.7577089018975828,-0.21148458370426673,0.12135287076664389,0.7013268912816616,-0.3545440156522069,-0.2217277157152845,Markup
0.1401604667227605,-0.6466984765621429,0.22469994677490934,0.8724216653819715,-0.3545440156522069,-0.2217277157152845,Markup
-0.30421594914017663,-0.8714740151373308,0.26477003537911237,0.6406150274064335,-0.3545440156522069,-0.2217277157152845,Markup
-0.9738452419946412,0.019600246951009294,0.18967352044000294,-0.19554793952098704,-0.3545440156522069,-0.2217277157152845,Markup
-0.4860883233919207,0.6027221927071794,0.12626378682123343,-0.5846546459472827,-0.3545440156522069,-0.2217277157152845,Markup
-2.9163135510568186,3.354487743711682,-0.2657740024402012,-1.8320206315153005,-0.3545440156522069,4.51003608986834,Akumulasi
-1.0791606641665836,2.1767477691825428,-0.7775733882166502,-1.615233890373963,-0.3545440156522069,4.51003608986834,Markdown
0.2682873504190346,0.5459505249153341,-1.2435307609446906,-1.4692114055548462,-0.3545440156522069,-0.2217277157152845,Markdown
-0.5835845283656522,0.16262915390277313,-1.6367018218546636,-1.667325585295219,-0.3545440156522069,-0.2217277157152845,Markdown
-0.12261457261171416,-0.1637802959553749,-1.9838353607568866,-1.7005997750363178,-0.3545440156522069,-0.2217277157152845,Markdown
-0.10928703752690148,-0.32271326434469777,-2.0233258030685337,-1.6622326927294448,-0.3545440156522069,-0.2217277157152845,Markdown
0.5120051644668956,-0.7327465135326782,-1.8850605114849186,-1.4150098279104892,-0.3545440156522069,-0.2217277157152845,Markdown
-0.7176955156674307,-0.7265092456164305,-1.8333042380200344,-1.7125645447285673,-0.3545440156522069,-0.2217277157152845,Markdown
-0.3450122854488605,-0.4842258376898418,-1.7373534809242246,-1.8349421696786805,-0.3545440156522069,-0.2217277157152845,Markdown
-0.9180240238351755,0.50080131078665,-1.7171904200829367,-1.7754373925662805,-0.3545440156522069,4.51003608986834,Markdown
0.1192690907832507,0.27569077935560904,-1.6873881764944396,-1.524090618763773,-0.3545440156522069,-0.2217277157152845,Markdown
0.41309649149937855,-0.5112832319693594,-1.6730557763307135,-1.3524304862418646,-0.3545440156522069,-0.2217277157152845,Markdown
0.42313604017360273,-0.7461613124793708,-1.5430916863556554,-1.1756830065352506,-0.3545440156522069,-0.2217277157152845,Markdown
1.2617440588707365,-0.19752228771417352,-1.2687741934137173,-0.6810442366905209,-0.3545440156522069,-0.2217277157152845,Markdown
-1.6116069618091007,-0.10011043985302735,-1.0396198068014113,-1.2731005435140568,-0.3545440156522069,-0.2217277157152845,Markdown
0.7060697020879858,-0.28918583177674556,-0.7428600513317578,-0.9841616403829225,-0.3545440156522069,-0.2217277157152845,Markdown
0.4793373138428181,-0.6944275604865965,-0.44354878868712333,-0.7794419674381106,-0.3545440156522069,-0.2217277157152845,Markdown
1.2534674322044896,-0.26241403190010076,-0.09305385343310248,-0.1650623521355749,-0.3545440156522069,-0.2217277157152845,Markdown
1.0959445654551097,0.10702182738313534,0.18682872703818335,0.621422168736364,-0.3545440156522069,-0.2217277157152845,Markdown
0.021117471560755004,0.1071923009037899,0.6314314776444226,1.1298455225312563,-0.3545440156522069,-0.2217277157152845,Markdown
0.45648283690212976,-0.5035184667466587,0.9531601250946778,1.2814328455295922,2.820524267376039,-0.2217277157152845,Markdown
0.026748686655806198,-0.4091453278291877,1.1937791462347909,1.3137639167785518,-0.3545440156522069,-0.2217277157152845,Markdown
-2.186218522862125,1.5820769271123496,1.1213330411471676,0.10444004520700781,-0.3545440156522069,-0.2217277157152845,Markdown
-1.7954603753664704,2.997171303804206,0.7652961057804705,-0.8484165809178437,-0.3545440156522069,-0.2217277157152845,Markdown
0.15961280331622615,0.4799963381723558,0.4158156664162234,-0.7379930703373688,-0.3545440156522069,-0.2217277157152845,Markdown
0.34656308347000975,0.11539851442224629,0.03940089194966092,-0.5278291270483387,-0.3545440156522069,-0.2217277157152845,Markdown
-1.0676333637273467,1.5662608801036844,-0.4128926859444517,-1.0728264398020415,-0.3545440156522069,-0.2217277157152845,Akumulasi
-0.7567747489812475,1.1209734343259496,-0.6964802899058167,-1.4450628112385362,-0.3545440156522069,-0.2217277157152845,Akumulasi
0.47553938881598184,-0.042790721986851576,-0.7545278632638421,-1.1725641548616847,-0.3545440156522069,-0.2217277157152845,Akumulasi
-0.2969337909026924,2.0943571309642732,-0.8772726442597343,-1.3025819140955666,-0.3545440156522069,-0.2217277157152845,Akumulasi
0.9610578912997898,0.13838619396929022,-0.957667971052389,-0.9809670809137347,-0.3545440156522069,-0.2217277157152845,Akumulasi
0.3201872276050496,-0.5815999212540544,-0.8866102775408362,-0.7662230900169702,-0.3545440156522069,-0.2217277157152845,Akumulasi
-1.2426848283090641,-0.31237761544148784,-0.8254539666241533,-1.4651136490432988,-0.3545440156522069,-0.2217277157152845,Akumulasi
-0.5797074292265783,-0.12176874381510203,-0.827224843025006,-1.769660484905589,-0.3545440156522069,-0.2217277157152845,Akumulasi
0.2463622218732401,-0.4134501057671103,-0.8211366626877552,-1.6017705407949976,-0.3545440156522069,-0.2217277157152845,Akumulasi
0.39181200001336025,-0.8780569282466422,-0.8668386501465549,-1.3499341352131655,-0.3545440156522069,-0.2217277157152845,Akumulasi
-1.4460815531298925,-0.09458942145291518,-1.050636024191377,-1.7932397363653125,-0.3545440156522069,4.51003608986834,Akumulasi
-0.58018699221211,-0.021786900998835224,-1.1133048707842708,-1.6341872481454909,-0.3545440156522069,4.51003608986834,Akumulasi
0.04220862162398008,-0.4793877214508502,-1.0814624101641097,-1.4051447964947206,-0.3545440156522069,-0.2217277157152845,Akumulasi
0.13302458507785464,-0.659154039084757,-1.0644038794438564,-1.3305062963690284,-0.3545440156522069,-0.2217277157152845,Akumulasi
0.8369851778698988,-0.6567135720224649,-1.0097844421183402,-0.9659298895078282,-0.3545440156522069,-0.2217277157152845,Akumulasi
-0.5128497864422431,-0.7769562967212683,-0.8382041932696312,-1.123184116069568,-0.3545440156522069,-0.2217277157152845,Akumulasi
0.38753102297808834,-0.5757669367344158,-0.6350156891068359,-0.3170134993324001,-0.3545440156522069,-0.2217277157152845,Akumulasi
0.38092265844334755,-0.6664687695875523,-0.45467272903596423,-0.0006267470495514041,-0.3545440156522069,-0.2217277157152845,Akumulasi
0.8319042550241925,-0.2363278186949683,-0.21587770668907139,0.652395973119405,-0.3545440156522069,-0.2217277157152845,Akumulasi
0.4557554752733842,-0.915591718139095,-0.018468664483066537,1.0711671867969275,-0.3545440156522069,-0.2217277157152845,Akumulasi
-0.24905888880965382,-0.7698190963702832,0.18373581054715524,1.0108604940846975,-0.3545440156522069,-0.2217277157152845,Akumulasi
0.42308473468662816,-0.5010003530783926,0.35836772098309877,1.350510851870717,2.820524267376039,-0.2217277157152845,Akumulasi
0.2533294051434903,-0.015890055346679574,0.5257420167144344,1.0082431072247477,2.820524267376039,-0.2217277157152845,Akumulasi
-0.6635008963709477,-0.14936210415435233,0.5397263392235179,0.6027037173134676,-0.3545440156522069,-0.2217277157152845,Akumulasi
-0.09229523514049945,-0.05044646964085659,0.522721937291506,0.5743585110980222,-0.3545440156522069,-0.2217277157152845,Akumulasi
-0.5734533173222881,0.21100654615096576,0.495084426481196,0.2320468963187294,-0.3545440156522069,-0.2217277157152845,Akumulasi
-0.49045920295025425,0.06808143401825756,0.34584512427460273,-0.05357430602967331,-0.3545440156522069,-0.2217277157152845,Akumulasi
-0.17792990225412603,0.3304341484014147,0.13812361280405905,-0.13642414997136668,-0.3545440156522069,-0.2217277157152845,Akumulasi
-0.9269237242087146,0.5793570350052185,-0.06416394253638442,-0.6989467441645711,-0.3545440156522069,-0.2217277157152845,Akumulasi
-0.007443703642564491,0.09685263104786454,-0.2466920151668712,-0.6727839857516299,-0.3545440156522069,-0.2217277157152845,Akumulasi
0.10298195115602607,-0.5197984433100327,-0.39711286224920905,-0.5768494357013277,-0.3545440156522069,-0.2217277157152845,Akumulasi
-0.8545192780814427,0.2511573957839352,-0.5780049485517464,-1.0870431861665113,-0.3545440156522069,-0.2217277157152845,Akumulasi
-1.518161465059936,0.9537052229507564,-0.8597039950468708,-1.6109129458350477,-0.3545440156522069,4.51003608986834,Markdown
0.4269828655287216,0.26254446800435166,-1.004829621297125,-1.3548513253959094,-0.3545440156522069,-0.2217277157152845,Markdown
0.6858947521213109,-0.14007313776306113,-1.073884958122562,-0.9563214059673325,-0.3545440156522069,-0.2217277157152845,Markdown
0.11942805335429202,-0.47519556402150664,-1.158009726114116,-0.8639062016286291,-0.3545440156522069,-0.2217277157152845,Markdown
1.0700507896760088,0.18193877971759256,-1.0546231556217103,-0.24781952803554647,-0.3545440156522069,-0.2217277157152845,Markdown
1.1867672156038234,1.194867688705468,-0.6837581889570343,0.4452798158397891,-0.3545440156522069,-0.2217277157152845,Markdown
-0.35827131210289587,1.2429155466374913,-0.36444333657845046,0.26815214305710133,-0.3545440156522069,-0.2217277157152845,Distribusi
0.8232284903117467,0.33932532624839945,-0.036138780058715514,0.7648728498789271,-0.3545440156522069,-0.2217277157152845,Distribusi
0.8140093064458498,0.6013769196956316,0.34018035870689467,1.2449786335471298,-0.3545440156522069,-0.2217277157152845,Distribusi
0.30251491492563165,-0.4710173374116198,0.6403860379835902,1.2625488230700717,2.820524267376039,-0.2217277157152845,Distribusi
-0.20560740669842734,-0.24141767291067187,0.8028345612506192,1.0661749176371684,-0.3545440156522069,-0.2217277157152845,Distribusi
1.2572578017532077,0.3417140425801002,1.090127658309444,1.3375253185986904,2.820524267376039,-0.2217277157152845,Distribusi
-0.5614456267389669,-0.7639646539149557,1.2367601714639818,1.0918289011377096,-0.3545440156522069,-0.2217277157152845,Distribusi
0.8041530654787322,0.05737876595972308,1.3443175957268556,1.267807842528608,2.820524267376039,-0.2217277157152845,Distribusi
0.13269301416005097,-0.25707601490244714,1.4149809356472423,1.1629585483138953,-0.3545440156522069,-0.2217277157152845,Distribusi
0.4910433370609746,-0.21450228032082524,1.5445560159727998,1.2050014902495547,2.820524267376039,-0.2217277157152845,Distribusi
-0.05518675579967822,-0.3609257647558098,1.5034976944892688,1.202462847507842,-0.3545440156522069,-0.2217277157152845,Distribusi
0.5051433584500402,-0.5665383118980405,1.568293191524035,1.3073691050472107,2.820524267376039,-0.2217277157152845,Distribusi
-0.3015275719785344,-0.9868337227533218,1.5206236213632482,1.2082978668125752,-0.3545440156522069,-0.2217277157152845,Distribusi
0.16096936306761564,-0.8785176941639077,1.4487981000527783,1.1729042079589196,-0.3545440156522069,-0.2217277157152845,Distribusi
-0.4671394599386142,-1.6405474743157211,1.2435103856609637,0.999652452105568,-0.3545440156522069,-0.2217277157152845,Distribusi
-0.10547189926172798,-0.7007499507578504,1.0489513312960113,0.9610116678640502,-0.3545440156522069,-0.2217277157152845,Distribusi
0.14303240593773686,-0.793779292149815,0.829584560554018,1.0392279635363102,-0.3545440156522069,-0.2217277157152845,Distribusi
-0.37191734692563205,-0.5307757793718265,0.6183947769742919,0.8627313528729477,-0.3545440156522069,-0.2217277157152845,Distribusi
0.13399870818991527,-0.18347111571729188,0.42930934733591775,0.8751704692661695,-0.3545440156522069,-0.2217277157152845,Distribusi
0.3566393368741752,-0.2777653417975934,0.3529308515310068,1.0866206205377098,-0.3545440156522069,-0.2217277157152845,Distribusi
-0.6140511331089414,-0.3183706541654249,0.22873847544482323,0.6918019302073211,-0.3545440156522069,-0.2217277157152845,Distribusi
1.2088587416123335,1.0824948772410339,0.2091619305943732,1.1597942506661778,2.820524267376039,-0.2217277157152845,Markup
-0.3884817976381122,-0.3879339119759459,0.21924591731348322,0.7690263006907108,-0.3545440156522069,-0.2217277157152845,Markup
0.5565603347836285,0.017071817750925002,0.2684116494855118,1.1860081202280617,-0.3545440156522069,-0.2217277157152845,Markup
0.39372535858085206,0.38952877985318,0.305822468635815,1.291511122575102,2.820524267376039,-0.2217277157152845,Markup
-0.8208223441955882,0.882676465144694,0.37471833529553095,0.5980522828835385,-0.3545440156522069,-0.2217277157152845,Markup
0.42404590331571695,0.33160622924300137,0.33313144077419726,0.9396839143236552,-0.3545440156522069,-0.2217277157152845,Markup
0.947809429724164,1.3890416559658552,0.43335941563065183,1.3514663682298536,2.820524267376039,-0.2217277157152845,Markup
-0.003645765978627274,1.1133064482980943,0.4760560198143867,0.9654223201862774,2.820524267376039,-0.2217277157152845,Markup
-0.21165152920130406,4.316127944782162,0.4712221738630693,0.8230171851209792,-0.3545440156522069,-0.2217277157152845,Markup
-0.5566514439845336,0.18399998389899885,0.5091079737841961,0.37997138626188726,-0.3545440156522069,-0.2217277157152845,Markup
0.27118165475895034,-0.6501158567163614,0.5368708959630316,0.6568745075495295,-0.3545440156522069,-0.2217277157152845,Markup
-0.6886513607307075,-0.03668195090811162,0.39634770143245335,0.10043254869326022,-0.3545440156522069,-0.2217277157152845,Markup
-0.09486621517763305,-0.37521712719938344,0.2530421491366455,0.06087266051255603,-0.3545440156522069,-0.2217277157152845,Markup
-0.3801481239147995,-0.9183042740876841,0.0897632746362036,-0.22393760961804057,-0.3545440156522069,-0.2217277157152845,Markup
-0.21853048661217533,-1.3523687670237572,-0.032409035774577516,-0.36898248495864583,-0.3545440156522069,-0.2217277157152845,Markup
-0.017961663368493506,-0.31369045861926653,-0.18180059272989965,-0.3426132501658318,-0.3545440156522069,-0.2217277157152845,Markup
0.084048345910175,-1.0692063641016922,-0.2584727748574503,-0.2292130661743323,-0.3545440156522069,-0.2217277157152845,Markup
-0.3727815228984998,-0.5779429363734606,-0.35144364692734953,-0.5061161874619745,-0.3545440156522069,-0.2217277157152845,Markup
-2.1858187198037933,1.4868152236637824,-0.5703843140628609,-1.4887396998570073,-0.3545440156522069,4.51003608986834,Markdown
-0.49599804059275276,0.147942272955038,-0.8214325168030135,-1.6832420901176586,-0.3545440156522069,-0.2217277157152845,Markdown
-0.807252802312034,0.8505594063268476,-1.1033490059130706,-1.6693978416360775,-0.3545440156522069,4.51003608986834,Markdown
-0.28852068358086674,0.2812554254368989,-1.428885328146862,-1.6791380227166002,-0.3545440156522069,-0.2217277157152845,Markdown
1.3946655706173976,0.08234293091977264,-1.5930223869210065,-0.9563967437717199,-0.3545440156522069,-0.2217277157152845,Markdown
-0.18404526207936003,-0.7346689912525018,-1.5246672782149748,-1.0257003226259807,-0.3545440156522069,-0.2217277157152845,Markdown
0.28976636176734716,-0.49943855596929226,-1.4024965700519076,-0.8524401165697322,-0.3545440156522069,-0.2217277157152845,Markdown
-0.2413183345800618,-0.36867396266233565,-1.203495853381423,-0.9514466679850723,-0.3545440156522069,-0.2217277157152845,Markdown
0.057286915866732735,-0.7659207479684226,-0.9433381840819809,-0.8969933164907546,-0.3545440156522069,-0.2217277157152845,Markdown
-0.7843811444343461,0.5971679923866619,-0.8886472186830976,-1.236654964608809,-0.3545440156522069,-0.2217277157152845,Markdown
-0.35781642882435666,-0.18754547610801212,-0.8482549486200386,-1.3857363550353812,-0.3545440156522069,-0.2217277157152845,Markdown
1.8960044557635047,1.5095256872847318,-0.703526663673382,-0.2951510296200331,-0.3545440156522069,-0.2217277157152845,Markdown
0.8786333939298384,0.8839059438434744,-0.45286263345493943,0.24189106451305184,-0.3545440156522069,-0.2217277157152845,Distribusi
0.6774174927877121,0.37058670707361097,-0.17083739810874682,0.7581871893771555,-0.3545440156522069,-0.2217277157152845,Distribusi
0.3483939472488086,-0.6036910790090171,0.22191556321218173,1.2462131370209084,-0.3545440156522069,-0.2217277157152845,Distribusi
-0.2569260556665425,-0.022910662648196106,0.6203247698424902,0.9914094484533645,-0.3545440156522069,-0.2217277157152845,Distribusi
-0.150203402117809,-0.02779933851128856,0.800815080725895,0.9260721824619818,-0.3545440156522069,-0.2217277157152845,Distribusi
-0.5870672250089043,-0.5664918763987554,0.8368274743399478,0.5795886035088353,-0.3545440156522069,-0.2217277157152845,Distribusi
-0.26301633401381097,-0.4593594690621153,0.7789565743006187,0.4429745947174948,-0.3545440156522069,-0.2217277157152845,Distribusi
-1.1981171824826589,-0.03245786413124931,0.5729441979197323,-0.28761126370781126,-0.3545440156522069,-0.2217277157152845,Distribusi
-1.204790315220007,0.018026995553655688,0.2360770109428641,-1.0082969870864738,-0.3545440156522069,-0.2217277157152845,Distribusi
0.7477176754692308,0.5026356106662612,-0.03819216352466651,-0.5212387411039182,-0.3545440156522069,-0.2217277157152845,Distribusi
-0.3716444038020276,2.363804760861907,-0.2980207387090546,-0.6092379888111393,-0.3545440156522069,-0.2217277157152845,Distribusi
0.5390789303326531,0.6352687820950998,-0.49252694930505475,-0.26637688493119954,-0.3545440156522069,-0.2217277157152845,Distribusi
0.46653899971976714,-0.6830072108635324,-0.4810596995979725,0.03714367320962719,-0.3545440156522069,-0.2217277157152845,Distribusi
-0.014191480299858037,-0.1890520321541968,-0.34570119371554553,0.0577530761769453,-0.3545440156522069,-0.2217277157152845,Distribusi
-0.39252043295862454,-0.8241034423422479,-0.31385686913949246,-0.14646555214423887,-0.3545440156522069,-0.2217277157152845,Distribusi
0.11916330453862363,-0.5976882030989927,-0.23901522735585654,-0.04716648116812098,-0.3545440156522069,-0.2217277157152845,Distribusi
-0.586422131487105,-0.7763321761640571,-0.26761840898301475,-0.36567595590731744,-0.3545440156522069,-0.2217277157152845,Distribusi
-0.7221179236339862,0.016582230620907974,-0.42518705246499794,-0.7609996973033147,-0.3545440156522069,-0.2217277157152845,Distribusi
-0.33609609502225757,-0.10178167267856962,-0.6173004639463159,-0.9277474635503359,-0.3545440156522069,-0.2217277157152845,Distribusi
-0.14292433606373336,0.5008994107600132,-0.7296187634199802,-0.9820797847313436,-0.3545440156522069,-0.2217277157152845,Distribusi
-0.5522917269404999,-0.2818006185214279,-0.8759380122780448,-1.2724839687822747,-0.3545440156522069,-0.2217277157152845,Distribusi
-0.29454204367447734,-0.05448774193530597,-0.9645190987236275,-1.4130018456930293,-0.3545440156522069,-0.2217277157152845,Distribusi
0.2010684597059823,-0.7170663098363337,-0.9501814008742859,-1.2706085674302756,-0.3545440156522069,-0.2217277157152845,Distribusi
0.6225172393361674,-0.12272390840545067,-0.8570559084475822,-0.8803288916889918,-0.3545440156522069,-0.2217277157152845,Distribusi
-0.6480581366538741,-0.4893911088071086,-0.804632940005575,-1.1691458373085266,-0.3545440156522069,-0.2217277157152845,Distribusi
-0.49382652941389654,-0.7141018063276671,-0.7485984210467612,-1.3724355986076524,-0.3545440156522069,-0.2217277157152845,Distribusi
0.43564415296032827,0.0039970973740717725,-0.6332730389592405,-0.9814232373291408,-0.3545440156522069,-0.2217277157152845,Distribusi
-0.4445162557873739,-0.27125912549396114,-0.607712022258227,-1.255588505339362,-0.3545440156522069,-0.2217277157152845,Distribusi
-0.26941513932546507,4.015059920185923,-0.7029210571151214,-1.4378182635566872,-0.3545440156522069,-0.2217277157152845,Distribusi
-0.40898427201953824,0.7682649363085516,-0.7411489210808533,-1.3105004951097112,-0.3545440156522069,-0.2217277157152845,Distribusi
-1.5644826301082648,1.2460891670867509,-0.861460140464668,-1.6022048477491408,-0.3545440156522069,4.51003608986834,Markdown
-1.7471860976654425,1.8419733626040313,-1.1517896745099239,-1.7709147871201674,-0.3545440156522069,4.51003608986834,Markdown
-0.3998956648465627,0.430986966337042,-1.4150993314362408,-1.7826692234662096,-0.3545440156522069,4.51003608986834,Markdown
-0.09125820637601516,0.5345591088950097,-1.659729845196944,-1.7696666224632256,-0.3545440156522069,-0.2217277157152845,Markdown
0.5623719834384078,0.6490197892809236,-1.8298131562412079,-1.5114201645820713,-0.3545440156522069,-0.2217277157152845,Markdown
0.6576089811435899,-0.14677330984470785,-1.7768676985342555,-1.1682862497429471,-0.3545440156522069,-0.2217277157152845,Markdown
0.11702588126107039,-0.2006329525155377,-1.5444938219781914,-0.9872940716690353,-0.3545440156522069,-0.2217277157152845,Markdown
-0.7727651270524598,-0.5308599110423919,-1.3503817900490904,-1.348560854711398,-0.3545440156522069,-0.2217277157152845,Markdown
0.6036143029405269,0.36528742268702125,-1.106562583558193,-0.9712031655303786,-0.3545440156522069,-0.2217277157152845,Markdown
-0.18005350558533254,2.3594880176893076,-0.9375991194727444,-1.0448949888245607,-0.3545440156522069,-0.2217277157152845,Markdown
0.3316260333546723,0.2832238245469504,-0.8251447523815778,-0.8315781103601538,-0.3545440156522069,-0.2217277157152845,Markdown
0.762316440902275,-0.5928440856736507,-0.6711583349248172,-0.37391886486566794,-0.3545440156522069,-0.2217277157152845,Markdown
0.8294410253338507,-0.6892566497895994,-0.3608731188158883,0.12834192465841993,-0.3545440156522069,-0.2217277157152845,Markdown
-2.48861380508015,1.3814116806907148,-0.30181279746493317,-1.2872991875179192,-0.3545440156522069,-0.2217277157152845,Akumulasi
0.2681961490491301,-0.10027235986968411,-0.22004079526153242,-1.0574801184388265,-0.3545440156522069,-0.2217277157152845,Akumulasi
-0.5445322970943958,-0.7968585559537052,-0.2310658284310415,-1.354917737460267,-0.3545440156522069,-0.2217277157152845,Akumulasi
-0.4473264619947387,-0.6782828596819727,-0.3483238171333126,-1.5781607453096433,-0.3545440156522069,-0.2217277157152845,Akumulasi
1.2177788385328798,-0.5818063563534291,-0.4732280522910378,-0.7471159534283156,-0.3545440156522069,-0.2217277157152845,Akumulasi
-0.6794076889849294,-0.24101908567213903,-0.3831449279546592,-1.0487725797935787,-0.3545440156522069,-0.2217277157152845,Akumulasi
-0.5538105291361249,-1.007071945825481,-0.3778426267790906,-1.3602853477433305,-0.3545440156522069,-0.2217277157152845,Akumulasi
-0.4668086423545976,-0.828216414153218,-0.3949752074478164,-1.6582721840889674,-0.3545440156522069,-0.2217277157152845,Akumulasi
0.237578754364516,-0.8252748150422211,-0.3928435635021096,-1.4092655530961458,-0.3545440156522069,-0.2217277157152845,Akumulasi
-0.34102713090319,-0.5294828610042451,-0.5590123255099902,-1.6644171371181398,-0.3545440156522069,-0.2217277157152845,Akumulasi
0.2199261770401841,-1.0094601250278215,-0.6358916610654768,-1.4307822703059279,-0.3545440156522069,-0.2217277157152845,Akumulasi
-0.4467910999128546,-1.1716722777079542,-0.6742329234457823,-1.778164439411579,-0.3545440156522069,-0.2217277157152845,Akumulasi
0.3835822579472189,-0.9065307479930078,-0.6143942954455445,-1.403115909263134,-0.3545440156522069,-0.2217277157152845,Akumulasi
-0.7140497598748866,-0.5318122690954846,-0.6342661435163839,-1.6597832867739837,-0.3545440156522069,4.51003608986834,Akumulasi
2.534948019995244,1.3481647502177538,-0.4360769499315331,0.35582600850312784,-0.3545440156522069,-0.2217277157152845,Distribusi
0.46623366176887804,1.7413597648999417,-0.2067092323599361,0.7750535598032217,-0.3545440156522069,-0.2217277157152845,Distribusi
-1.3544262432192669,0.5741624716386245,-0.047678589263792016,-0.29660745904109376,-0.3545440156522069,-0.2217277157152845,Distribusi
-1.1934268421010623,0.5882099017909148,-0.01755172843223194,-1.2155698411977385,-0.3545440156522069,-0.2217277157152845,Distribusi
-0.5353956559851832,-0.49979520809712874,0.06746405798500123,-1.5987038320989153,-0.3545440156522069,-0.2217277157152845,Distribusi
-0.3901100038225744,-0.8574549297029533,-0.1248951688337004,-1.712639014572995,-0.3545440156522069,4.51003608986834,Distribusi
-0.7781419863944461,0.4670569601243769,-0.503197198713227,-1.6390268930457068,-0.3545440156522069,4.51003608986834,Distribusi
0.25510213774993296,-0.4908765261493654,-0.7033325166673419,-1.4502377456443925,-0.3545440156522069,-0.2217277157152845,Distribusi
0.33277694808970826,-0.4076034925490796,-0.7608477209386612,-1.2120033316266903,-0.3545440156522069,-0.2217277157152845,Distribusi
0.7096015663970752,-0.4539016429918285,-0.7155071451709833,-0.7355310741789809,-0.3545440156522069,-0.2217277157152845,Distribusi
0.2584701880498834,-0.3118441957970713,-0.5746748997936038,-0.5399997021856415,-0.3545440156522069,-0.2217277157152845,Distribusi
-0.2562625060795151,-0.5670071003788997,-0.3899275073287503,-0.672601358378543,-0.3545440156522069,-0.2217277157152845,Distribusi
1.4324718662031108,0.6055846705330523,-0.130582480670177,0.2713478080403336,-0.3545440156522069,-0.2217277157152845,Distribusi
-1.1399002617884473,0.43914263764730666,-0.014013591172053416,-0.4411091689528659,-0.3545440156522069,-0.2217277157152845,Distribusi
-0.40997964847144375,-0.36758661723100855,1.6066388169033366e-05,-0.672601358378543,-0.3545440156522069,-0.2217277157152845,Distribusi
1.266699843750507,1.7195961176096148,0.07931933404013665,0.16571505021553296,-0.3545440156522069,-0.2217277157152845,Distribusi
3.522920343220232,4.3978755274531105,0.48156055480971294,0.8567340375681799,2.820524267376039,-0.2217277157152845,Markup
-0.5926827410846602,0.47673258580269956,0.6640222023491957,0.6228884287225787,-0.3545440156522069,-0.2217277157152845,Markup
0.17785147899787357,0.3367122625003705,0.9955322272401698,0.719505584247173,-0.3545440156522069,-0.2217277157152845,Markup
0.0624207915986172,-1.0302178186248154,1.3540880513688744,0.7671165459348382,-0.3545440156522069,-0.2217277157152845,Markup
0.5490903974850153,-0.7969333646176993,1.692210195029033,1.02336706185116,-0.3545440156522069,-0.2217277157152845,Markup
-0.5406498739061303,-0.6305940893563522,1.6157903509031644,0.8105247179783969,-0.3545440156522069,-0.2217277157152845,Markup
1.004772037567849,0.3481196666805309,1.6524156333970834,1.2493080574812454,-0.3545440156522069,-0.2217277157152845,Markup
0.3197464429524307,-0.5126753147831029,1.6621779431964838,1.2483463752723623,2.820524267376039,-0.2217277157152845,Markup
0.6806802230732487,0.27724879756205295,1.7078640614142313,1.2512975630701917,2.820524267376039,-0.2217277157152845,Markup
-0.011122594451937372,-0.547013365338367,1.6801205959148282,1.2139691353659463,-0.3545440156522069,-0.2217277157152845,Markup
-0.03945428104481571,-1.0342655331721173,1.6891093497431722,1.2137036846697784,-0.3545440156522069,-0.2217277157152845,Markup
0.3190676192612313,-0.8848940090880347,1.620675441458218,1.2590285747640733,-0.3545440156522069,-0.2217277157152845,Markup
0.36057825182089454,-0.9693558838050422,1.5565618059344384,1.317646714384741,2.820524267376039,-0.2217277157152845,Markup
-0.49903132130667965,-1.311258099381707,1.3937945212394822,1.113849886168518,-0.3545440156522069,-0.2217277157152845,Markup
-1.3063328141686126,-0.5358887826843316,1.13166060479052,0.5595833426482911,-0.3545440156522069,-0.2217277157152845,Markup
0.941637858177469,-1.2203966612646964,0.9464321719467685,0.9792036881685128,-0.3545440156522069,-0.2217277157152845,Markup
-0.04574402691073586,-0.42601656490048984,0.7603880513217203,0.9592642276555853,-0.3545440156522069,-0.2217277157152845,Markup
0.04539465891139828,-0.3606252965246508,0.509927321795852,0.9995651742456393,-0.3545440156522069,-0.2217277157152845,Markup
0.264910016416233,-0.5150690721896363,0.32915597930305274,1.1154127214672864,-0.3545440156522069,-0.2217277157152845,Markup
0.25078527799056244,0.7798060330354174,0.3460908715390671,1.1722916322378187,-0.3545440156522069,-0.2217277157152845,Markup
0.5039792045356556,-0.20549159718794788,0.3922988918143384,1.1521659209532078,2.820524267376039,-0.2217277157152845,Markup
0.04959255045171178,-0.271385277685693,0.4315114593983391,1.1412648982706808,-0.3545440156522069,-0.2217277157152845,Markup
0.41811862619392776,0.1758062871518845,0.5048560521979054,1.1496710373909087,2.820524267376039,-0.2217277157152845,Markup
-0.4726462704521195,-0.5653567190060337,0.5114625251133038,0.8384930603206079,-0.3545440156522069,-0.2217277157152845,Markup
0.6910761506672134,0.11419260675817494,0.5621522755788348,1.3527967660687121,-0.3545440156522069,-0.2217277157152845,Markup
-1.192261819446371,2.4100480166258365,0.444385981516236,0.30563346636018157,-0.3545440156522069,-0.2217277157152845,Markup
4.289210265641074,5.761718749930062,0.6959976226377999,1.362093453831851,2.820524267376039,-0.2217277157152845,Markup
1.657612493547498,5.955747211365842,1.0506469035170505,0.6819764600087072,2.820524267376039,-0.2217277157152845,Markup
0.2790027295599298,1.3560544593700712,1.4953290510007158,0.7938330939781929,-0.3545440156522069,-0.2217277157152845,Markup
-0.5366507940296958,0.09471441578390577,1.8136216347052754,0.6265259009908254,-0.3545440156522069,-0.2217277157152845,Markup
1.125753684581653,0.9703275318012049,2.3523707480020697,1.02615038172952,-0.3545440156522069,-0.2217277157152845,Markup
-0.7048063089614995,0.3107643991395664,2.3808837099281996,0.7986121324497556,-0.3545440156522069,-0.2217277157152845,Markup
-1.333491372689672,0.4618846309719594,2.119332683745067,0.35787712571377295,-0.3545440156522069,-0.2217277157152845,Markup
-0.6725587002567809,5.465944830795234,1.7578597360151154,0.14850534959834719,-0.3545440156522069,-0.2217277157152845,Markup
0.13816994559493434,-0.19226931296910696,1.4371581667813014,0.16009719619681984,-0.3545440156522069,-0.2217277157152845,Markup
0.21791868615366908,-1.0749579872942174,1.033929296023276,0.21504999386253687,-0.3545440156522069,-0.2217277157152845,Markup
1.144968683668492,-0.7316713815329153,0.8091110361477335,0.636831811965257,-0.3545440156522069,-0.2217277157152845,Markup
0.18912362597218316,-1.2807097925749988,0.7550036827000923,0.7172975739325693,-0.3545440156522069,-0.2217277157152845,Markup
-1.019474271922549,-0.22862172498235758,0.6971160228395913,0.3485669224590728,-0.3545440156522069,-0.2217277157152845,Markup
1.6890324100027694,-0.9434734438314996,0.7697386542878135,0.9688905346677862,-0.3545440156522069,-0.2217277157152845,Markup
0.9208452942013283,-1.0305972713104499,0.9080626175560907,1.3511269636080876,2.820524267376039,-0.2217277157152845,Markup
0.2981049361834051,-1.7092096131391759,0.9474193554758907,1.3636327743083734,2.820524267376039,-0.2217277157152845,Markup
1.242127967886234,-0.9478079650397435,1.0810971978208583,1.3533400879511948,2.820524267376039,-0.2217277157152845,Markup
0.34156645505492655,-1.0114188945126896,1.3409647140094434,1.36093588562426,2.820524267376039,-0.2217277157152845,Markup
0.17651730480157057,-1.3692394799074552,1.4500274837118883,1.3015980640087812,2.820524267376039,-0.2217277157152845,Markup
1.073928928687433,-0.8487684074122309,1.5172566825382916,1.3554968418374618,2.820524267376039,-0.2217277157152845,Markup
-1.435476558503255,-0.6369499200587397,1.5365955614291376,0.6960626072893252,-0.3545440156522069,-0.2217277157152845,Markup
0.7304168021649061,-0.8720314044032195,1.5248190539235045,1.0558949124176529,-0.3545440156522069,-0.2217277157152845,Markup
0.9509032906903969,-0.43673991011617935,1.5625032265447927,1.0672003082511616,2.820524267376039,-0.2217277157152845,Markup
0.058107567755848404,-1.1844730731049586,1.5701228990886302,1.1111951971569554,-0.3545440156522069,-0.2217277157152845,Markup
-1.5593902630558185,-0.5457886914149319,1.355876303354048,0.4890014046406825,-0.3545440156522069,-0.2217277157152845,Markup
-1.2750874975355293,-0.15303473345259344,1.181186949487474,-0.003307891325405286,-0.3545440156522069,-0.2217277157152845,Markup
-0.014261850692333216,-0.812708094944294,0.8888097207702517,0.010309650397960335,-0.3545440156522069,-0.2217277157152845,Markup
-0.1420604709486344,-0.5049510213435413,0.46253913519852347,-0.02635062595284202,-0.3545440156522069,-0.2217277157152845,Markup
0.2310614068422287,-0.8502871213706463,0.05470744668318039,-0.006710891649486944,-0.3545440156522069,-0.2217277157152845,Markup
-1.765896048274959,0.28117536087823997,-0.3122934551209275,-0.8637811260358795,-0.3545440156522069,-0.2217277157152845,Markup
-0.33578492926873743,-0.22722622083414953,-0.5354851672230625,-0.9889152672743546,-0.3545440156522069,-0.2217277157152845,Markup
0.0801511308199383,-0.730661987609225,-0.7457813260512571,-0.9329020454754314,-0.3545440156522069,-0.2217277157152845,Markup
0.027819173029710178,-0.9289608163439145,-0.9639657833113354,-1.0443891731670336,-0.3545440156522069,-0.2217277157152845,Markup
0.1043317310912317,-0.5895715036530738,-1.156741776355147,-1.252455482449064,-0.3545440156522069,-0.2217277157152845,Markup
0.8462592828721908,-0.09075806013817932,-1.0676729343608173,-0.7868684125218347,-0.3545440156522069,-0.2217277157152845,Markup
-1.0491270589681707,0.5380294859050728,-1.0203908320804012,-1.3149126543078529,-0.3545440156522069,-0.2217277157152845,Markup
0.3613019718474506,2.704162485342468,-0.9203177548050324,-1.1019916589407284,-0.3545440156522069,-0.2217277157152845,Markup
-2.9250883592173387,3.1211311741058916,-1.0486615517918096,-0.8128315226307877,-0.3545440156522069,4.51003608986834,Markdown
-0.6309856889492444,0.5209439468144319,-1.2331824157341327,-0.9716300605561944,-0.3545440156522069,-0.2217277157152845,Markdown
0.6974181410067002,0.21194834168154048,-1.4276357481619584,-0.7700181331030507,-0.3545440156522069,-0.2217277157152845,Markdown
0.9443322365065482,-0.5683930095064181,-1.4752038547212365,-0.4983499834905101,-0.3545440156522069,-0.2217277157152845,Markdown
0.7713230705043113,-0.7994434240826772,-1.4807847762583517,-0.2702720289751651,-0.3545440156522069,-0.2217277157152845,Markdown
0.30733168625364005,-0.9705457862284739,-1.1178476693515316,-0.12990372672718672,-0.3545440156522069,-0.2217277157152845,Markdown
0.9777595142245705,-0.6525937550244251,-0.605216542757691,0.4413517412958684,-0.3545440156522069,-0.2217277157152845,Markdown
0.07254823784446217,-0.7370061882547876,-0.20026190247793274,0.5510246220863733,-0.3545440156522069,-0.2217277157152845,Markdown
0.759061851751368,-0.45781221502442626,0.13381568199068677,1.0546067842035463,-0.3545440156522069,-0.2217277157152845,Markdown
0.30452050700677724,-0.5589351031065284,0.4113631926510281,1.18892229420408,-0.3545440156522069,-0.2217277157152845,Markdown
-0.09115655710126214,-0.7411636678543754,0.6443197849034906,1.2547151850021756,-0.3545440156522069,-0.2217277157152845,Markdown
0.11500280958779453,-1.291780840435251,0.7880193147614778,1.2956752778307996,-0.3545440156522069,-0.2217277157152845,Markdown
-0.0778888131049575,-0.9974997872425291,0.866515074400667,1.2050678985363994,-0.3545440156522069,-0.2217277157152845,Markdown
-0.5421018138916656,-0.4764336703429157,0.8073477472380137,0.9855276756513445,-0.3545440156522069,-0.2217277157152845,Markdown
0.565446342826555,-0.7549683143274108,0.7632938470557924,1.2147724038584569,-0.3545440156522069,-0.2217277157152845,Markdown
0.04060994335013784,-1.2047968551815937,0.7336522828183495,1.2485137243984659,-0.3545440156522069,-0.2217277157152845,Markdown
0.17452933410780525,-0.8883419695856383,0.7086908596174721,1.2835184674338087,-0.3545440156522069,-0.2217277157152845,Markdown
-0.4521603521947498,-0.7407513112475277,0.6781700114484335,1.0442068848489539,-0.3545440156522069,-0.2217277157152845,Markdown
0.8211363332913226,0.09737539811944422,0.7461694171048372,1.0915436725013001,-0.3545440156522069,-0.2217277157152845,Markdown
-0.2541772455184644,0.3328210360259817,0.7406515312086039,1.022870117121939,-0.3545440156522069,-0.2217277157152845,Markdown
-1.673396828035425,0.4030794088047445,0.5116781542481682,0.340847958191902,-0.3545440156522069,-0.2217277157152845,Markdown
-0.5635418073615357,0.06627109371326312,0.20295809099925738,-0.09651751005913299,-0.3545440156522069,-0.2217277157152845,Markdown
0.3647882187093792,-0.3501609771753867,-0.00752252747226332,-0.04057509659538443,-0.3545440156522069,-0.2217277157152845,Markdown
-0.46777771765104076,0.48478302827580966,-0.32064196427685127,-0.49002211245580674,-0.3545440156522069,-0.2217277157152845,Markdown
-0.02455385841712381,1.6785722582315628,-0.5872010348191739,-0.8618432650777879,-0.3545440156522069,-0.2217277157152845,Markdown
-0.26513492152488666,0.5479136063902698,-0.6821252906378691,-1.172628927684733,-0.3545440156522069,-0.2217277157152845,Markdown
0.6428931883872924,0.0707991936796925,-0.6398655302700724,-0.6677517760259415,-0.3545440156522069,-0.2217277157152845,Markdown
-0.01939021347669302,-0.400051823099561,-0.6360850348520174,-0.6459726668610557,-0.3545440156522069,-0.2217277157152845,Markdown
-0.12126431296048186,-0.41887423515230854,-0.5719650451944036,-0.699431029556666,-0.3545440156522069,-0.2217277157152845,Markdown
-1.7074348437322482,1.069326954894835,-0.635107397006737,-1.4403933165561438,-0.3545440156522069,4.51003608986834,Markdown
0.08084485765662709,0.11403684451286959,-0.6662818061111127,-1.3610045438830707,-0.3545440156522069,-0.2217277157152845,Markdown
1.0253356597638887,0.9517950929293103,-0.6818467146197726,-0.7022254199493227,-0.3545440156522069,-0.2217277157152845,Markdown
2.1644056393215547,1.2526637619862595,-0.522917170658732,0.6795170822315031,-0.3545440156522069,-0.2217277157152845,Markdown
-0.22369526772133802,12.581084369282825,-0.3843481079483002,0.544952104358197,-0.3545440156522069,-0.2217277157152845,Distribusi
-0.5015778335528202,-0.3489034021332074,-0.0882043708465183,0.25531729085887533,-0.3545440156522069,-0.2217277157152845,Distribusi
0.1884099773426796,-0.8805453183470942,0.2163270473180593,0.40599371173627563,-0.3545440156522069,-0.2217277157152845,Distribusi
-0.31151521800030374,-0.9502486851501301,0.3927630470863884,0.23857433093160116,-0.3545440156522069,-0.2217277157152845,Distribusi
0.25446512651267283,-1.2171077775720636,0.3461496482901426,0.4311081516271867,-0.3545440156522069,-0.2217277157152845,Distribusi
0.02196889543211266,-1.3175243347166425,0.3489814933696569,0.47630954512019685,-0.3545440156522069,-0.2217277157152845,Distribusi
1.3168649634212488,-0.33321882808937064,0.5083673444302277,1.3485656431440367,-0.3545440156522069,-0.2217277157152845,Distribusi
-1.7890240075201733,0.0551375032936167,0.4495080989960729,0.2117891715117862,-0.3545440156522069,-0.2217277157152845,Distribusi
0.1015715671811325,-1.377389476567443,0.41776126861614993,0.3072168901696017,-0.3545440156522069,-0.2217277157152845,Distribusi
-0.3411625378176398,-1.318131426980319,0.34030412379964237,0.12138127529173275,-0.3545440156522069,-0.2217277157152845,Distribusi
0.2501128944582906,-1.1477775053852401,0.2681025424866325,0.3105659930784598,-0.3545440156522069,-0.2217277157152845,Distribusi
-1.3942768629675188,-0.9935856941326894,-0.0630869208828248,-0.5449471450181061,-0.3545440156522069,-0.2217277157152845,Distribusi
1.0500737805416698,-1.3468685173718262,-0.11653374935657469,0.1381242352190069,-0.3545440156522069,-0.2217277157152845,Distribusi
0.9482197524521514,-1.243184881420541,-0.08675824619018424,0.7692934615283766,-0.3545440156522069,-0.2217277157152845,Distribusi
-0.178961331909614,-1.5072828023131122,-0.03520570245336274,0.6855837711260394,-0.3545440156522069,-0.2217277157152845,Distribusi
-0.43734575568735773,-1.3164254683306666,-0.05002151911973729,0.43613052868196545,-0.3545440156522069,-0.2217277157152845,Distribusi
0.9351744465432422,-0.8616815058990143,0.1169509213036276,1.054603301794534,-0.3545440156522069,-0.2217277157152845,Distribusi
0.6094255795814688,0.38698679811677805,0.22434486657483813,0.7780531619591144,2.820524267376039,-0.2217277157152845,Distribusi
-0.5774616823719989,-1.1556798881954966,0.20830069012492944,0.2296068918345266,-0.3545440156522069,-0.2217277157152845,Distribusi
0.0464309263318278,-1.15904614394141,0.27292502175460576,0.3030891240463694,-0.3545440156522069,-0.2217277157152845,Distribusi
0.6841812707214998,0.4163862633321616,0.43497061496174366,0.8691095945207811,-0.3545440156522069,-0.2217277157152845,Distribusi
0.3271738279187681,-0.26363047114224963,0.5092559146339782,1.163041553813228,-0.3545440156522069,-0.2217277157152845,Distribusi
-0.205443825443148,-0.05404204459065028,0.5048401850153725,1.0399085094701241,-0.3545440156522069,-0.2217277157152845,Distribusi
-1.3400667293750395,0.901298158466684,0.4445851345382305,0.027030729814358154,-0.3545440156522069,-0.2217277157152845,Distribusi
-0.09805261035092375,-0.6448938347416747,0.3782750003995574,-0.010701341831536199,-0.3545440156522069,-0.2217277157152845,Distribusi
0.16865212069115781,-0.09068155084822402,0.251480046699793,0.15612465962268413,-0.3545440156522069,-0.2217277157152845,Distribusi
0.464606924321614,-0.228420940093094,0.16205204337494902,0.5513431847026768,-0.3545440156522069,-0.2217277157152845,Distribusi
0.020187662696692504,-0.18038630027504768,0.04772015759278261,0.6049669103290609,-0.3545440156522069,-0.2217277157152845,Distribusi
-0.9611814738774757,0.6647848518539641,0.0057810795643063635,-0.10404511107391406,-0.3545440156522069,-0.2217277157152845,Distribusi
-1.1362339674705662,1.8077395301266996,-0.12659319448616754,-0.9361932072650694,-0.3545440156522069,-0.2217277157152845,Akumulasi
-0.8418570255278904,1.7114073357074293,-0.33783725030247425,-1.3537586680683737,-0.3545440156522069,-0.2217277157152845,Akumulasi
-0.28998432009387115,0.23681778625733893,-0.6597331491937148,-1.4306306143388925,-0.3545440156522069,-0.2217277157152845,Akumulasi
0.33842085830257007,-0.9498039462877286,-0.930667755455952,-1.170698880108347,-0.3545440156522069,-0.2217277157152845,Akumulasi
-0.24396861748284576,0.8414416301426996,-1.091391269582717,-1.3024688340917694,-0.3545440156522069,-0.2217277157152845,Akumulasi
1.2273030426605167,-0.07040524547151722,-1.0365703167273816,-0.443252494235108,-0.3545440156522069,-0.2217277157152845,Akumulasi
-0.18538629704678372,-0.35097064904074565,-0.9185892104226828,-0.5371145893386189,-0.3545440156522069,-0.2217277157152845,Akumulasi
-0.7671545091787535,-0.10806027041336957,-0.8073936793180228,-1.0299029831219846,-0.3545440156522069,-0.2217277157152845,Akumulasi
-0.04889021911926073,-0.13851032134931116,-0.7188111387987756,-0.9994379108420006,-0.3545440156522069,-0.2217277157152845,Akumulasi
0.1881189873269856,0.3742682175474602,-0.604670080632616,-0.8327873769023879,-0.3545440156522069,-0.2217277157152845,Akumulasi
0.7733859317582684,0.08259736254117038,-0.5562986318052456,-0.2523176840287681,-0.3545440156522069,-0.2217277157152845,Akumulasi
-0.891393399559491,0.2799546616960378,-0.5418424956699239,-0.8552562129286041,-0.3545440156522069,-0.2217277157152845,Akumulasi
0.7525926704612722,0.02933398524115711,-0.37474321776058633,-0.23039015690274656,-0.3545440156522069,-0.2217277157152845,Akumulasi
0.019196191375397912,-0.52664668921088,-0.20587484721393762,-0.06324323882494566,-0.3545440156522069,-0.2217277157152845,Akumulasi
0.1394463207236219,-0.5499262590907064,-0.08287787061528677,0.13926332093582836,-0.3545440156522069,-0.2217277157152845,Akumulasi
-0.1740518188603174,-0.1114447476888413,-0.05969456172872338,0.03669917700049543,-0.3545440156522069,-0.2217277157152845,Akumulasi
0.3038669232160919,-0.37569269642611663,0.09009656657323555,0.3251614431539974,-0.3545440156522069,-0.2217277157152845,Akumulasi
0.7304160755034054,2.783888962147766,0.23213273252523806,1.043127317474031,-0.3545440156522069,-0.2217277157152845,Akumulasi
0.5126751025099825,-0.060762932055809515,0.41528867212294907,1.2604272142162496,2.820524267376039,-0.2217277157152845,Akumulasi
-0.08191577625765269,-0.8159855034954205,0.5490852312354001,1.2109920856931027,-0.3545440156522069,-0.2217277157152845,Akumulasi
0.5611291844006379,-1.0631937838200718,0.7163649307887894,1.2785215536276078,2.820524267376039,-0.2217277157152845,Akumulasi
0.5197321716327781,0.3054157130229106,0.8701479361857338,1.1809331667653482,2.820524267376039,-0.2217277157152845,Akumulasi
0.713753354617463,-0.30452462456345153,0.9956010372247404,1.3473034841513485,2.820524267376039,-0.2217277157152845,Akumulasi
0.03970130399400127,0.016535665245937504,1.076488841166535,1.209601709009096,2.820524267376039,-0.2217277157152845,Akumulasi
-0.041518841439381636,-0.22999143173723746,1.155639583872789,1.1546854983512724,-0.3545440156522069,-0.2217277157152845,Akumulasi
-0.09802792090826852,-0.43006119034598234,1.1977478907210712,1.1152581732893736,-0.3545440156522069,-0.2217277157152845,Akumulasi
0.9125585826653749,0.08054248927208872,1.2532786758721903,1.3025357419149657,2.820524267376039,-0.2217277157152845,Akumulasi
0.19794893277192188,-0.43062349452661747,1.2250787668997865,1.308145308040758,2.820524267376039,-0.2217277157152845,Akumulasi
-0.3573723720153441,0.11938988863159333,1.1613113422798889,0.8703150887776748,-0.3545440156522069,-0.2217277157152845,Akumulasi
0.3072225913970639,-0.6848128834102237,1.1333501512011568,1.0200682186819614,-0.3545440156522069,-0.2217277157152845,Akumulasi
-0.007951729086418918,-0.6265878744730737,1.136418131833952,1.040633507654967,-0.3545440156522069,-0.2217277157152845,Akumulasi
0.6514050463587098,0.6595055966040565,1.0693014817607325,1.3219981739583606,2.820524267376039,-0.2217277157152845,Markup
0.5314952922762284,0.6075642839906169,1.0451517303274316,1.3236854054580187,2.820524267376039,-0.2217277157152845,Markup
-1.3280499197134796,0.8908095402705719,0.9495823164768891,0.6637820251630523,-0.3545440156522069,-0.2217277157152845,Markup
0.3699774018746703,1.0513028164507556,0.8549779628761098,0.8592449953301137,-0.3545440156522069,-0.2217277157152845,Markup
1.074661750993968,5.734078813490166,0.8460343725657011,1.3028758654101948,2.820524267376039,-0.2217277157152845,Markup
0.13412719209170454,-0.5547539499468005,0.7848403349909377,1.3165640614640053,2.820524267376039,-0.2217277157152845,Markup
0.6365005117884971,-1.4932347762920337,0.7376171350872548,1.362345487183503,2.820524267376039,-0.2217277157152845,Markup
0.14074304735590693,-1.2065077167540093,0.863395377874203,1.2317865482384784,2.820524267376039,-0.2217277157152845,Markup
-0.8396218796174114,-0.26158042173285107,0.8756507181346683,0.8096888617505951,-0.3545440156522069,-0.2217277157152845,Markup
